id,name,image_path,price,added_date,business_id,description,gender,masterCategory,subCategory,articleType,baseColour,season,usage
15970,Turtle Check Men Navy Blue Shirt,images\15970.jpg,129.65,1970-01-01 00:00:00,,,Men,Apparel,Topwear,Shirts,Navy Blue,Fall,Casual
39386,Peter England Men Party Blue Jeans,images\39386.jpg,22.86,1970-01-01 00:00:00,,,Men,Apparel,Bottomwear,Jeans,Blue,Summer,Casual
59263,Titan Women Silver Watch,images\59263.jpg,172.66,1970-01-01 00:00:00,,,Women,Accessories,Watches,Watches,Silver,Winter,Casual
21379,Manchester United Men Solid Black Track Pants,images\21379.jpg,188.49,1970-01-01 00:00:00,,,Men,Apparel,Bottomwear,Track Pants,Black,Fall,Casual
53759,Puma Men Grey T-shirt,images\53759.jpg,111.7,1970-01-01 00:00:00,,,Men,Apparel,Topwear,Tshirts,Grey,Summer,Casual
1855,Inkfruit Mens Chain Reaction T-shirt,images\1855.jpg,14.76,1970-01-01 00:00:00,,,Men,Apparel,Topwear,Tshirts,Grey,Summer,Casual
30805,Fabindia Men Striped Green Shirt,images\30805.jpg,30.36,1970-01-01 00:00:00,,,Men,Apparel,Topwear,Shirts,Green,Summer,Ethnic
26960,Jealous 21 Women Purple Shirt,images\26960.jpg,37.61,1970-01-01 00:00:00,,,Women,Apparel,Topwear,Shirts,Purple,Summer,Casual
29114,Puma Men Pack of 3 Socks,images\29114.jpg,131.96,1970-01-01 00:00:00,,,Men,Accessories,Socks,Socks,Navy Blue,Summer,Casual
30039,Skagen Men Black Watch,images\30039.jpg,161.02,1970-01-01 00:00:00,,,Men,Accessories,Watches,Watches,Black,Winter,Casual
9204,Puma Men Future Cat Remix SF Black Casual Shoes,images\9204.jpg,25.96,1970-01-01 00:00:00,,,Men,Footwear,Shoes,Casual Shoes,Black,Summer,Casual
48123,Fossil Women Black Huarache Weave Belt,images\48123.jpg,35.35,1970-01-01 00:00:00,,,Women,Accessories,Belts,Belts,Black,Summer,Casual
18653,Fila Men Cush Flex Black Slippers,images\18653.jpg,197.0,1970-01-01 00:00:00,,,Men,Footwear,Flip Flops,Flip Flops,Black,Fall,Casual
47957,Murcia Women Blue Handbag,images\47957.jpg,124.58,1970-01-01 00:00:00,,,Women,Accessories,Bags,Handbags,Blue,Summer,Casual
46885,Ben 10 Boys Navy Blue Slippers,images\46885.jpg,105.26,1970-01-01 00:00:00,,,Boys,Footwear,Flip Flops,Flip Flops,Navy Blue,Fall,Casual
12369,Reid & Taylor Men Check Purple Shirts,images\12369.jpg,194.28,1970-01-01 00:00:00,,,Men,Apparel,Topwear,Shirts,Purple,Fall,Formal
29928,Police Men Black Dial Watch PL12889JVSB,images\29928.jpg,27.64,1970-01-01 00:00:00,,,Men,Accessories,Watches,Watches,Black,Winter,Casual
42419,Gini and Jony Girls Knit White Top,images\42419.jpg,35.41,1970-01-01 00:00:00,,,Girls,Apparel,Topwear,Tops,White,Summer,Casual
51832,Bwitch Beige Full-Coverage Bra BW335,images\51832.jpg,63.04,1970-01-01 00:00:00,,,Women,Apparel,Innerwear,Bra,Beige,Summer,Casual
47359,Baggit Women Brown Handbag,images\47359.jpg,89.45,1970-01-01 00:00:00,,,Women,Accessories,Bags,Handbags,Brown,Summer,Casual
17429,CASIO G-Shock Men Black Digital Watch G-7710-1DR G223,images\17429.jpg,136.57,1970-01-01 00:00:00,,,Men,Accessories,Watches,Watches,Black,Winter,Casual
12967,ADIDAS Men Spry M Black Sandals,images\12967.jpg,127.65,1970-01-01 00:00:00,,,Men,Footwear,Sandal,Sandals,Black,Fall,Casual
6842,Timberland Unisex Rubber Sole Brush Shoe Accessories,images\6842.jpg,92.37,1970-01-01 00:00:00,,,Unisex,Accessories,Shoe Accessories,Shoe Accessories,Black,Summer,Casual
13089,ADIDAS Men Lfc Auth Hood Grey Sweatshirts,images\13089.jpg,111.52,1970-01-01 00:00:00,,,Men,Apparel,Topwear,Sweatshirts,Grey,Fall,Sports
18461,David Beckham Signature Men Deos,images\18461.jpg,76.22,1970-01-01 00:00:00,,,Men,Personal Care,Fragrance,Deodorant,White,Spring,Casual
9036,Buckaroo Men Flores Black Formal Shoes,images\9036.jpg,178.2,1970-01-01 00:00:00,,,Men,Footwear,Shoes,Formal Shoes,Black,Winter,Formal
48311,Pitaraa Women Bronze Beaded Bracelet,images\48311.jpg,45.47,1970-01-01 00:00:00,,,Women,Accessories,Jewellery,Bracelet,Bronze,Winter,Casual
7990,Fila Men's Round Neck Navy Blue T-shirt,images\7990.jpg,110.94,1970-01-01 00:00:00,,,Men,Apparel,Topwear,Tshirts,Navy Blue,Fall,Sports
56019,Colorbar Soft Touch Show Stopper Copper Lipstick 037,images\56019.jpg,157.13,1970-01-01 00:00:00,,,Women,Personal Care,Lips,Lipstick,Brown,Spring,Casual
21977,Murcia Women Casual Brown Handbag,images\21977.jpg,181.0,1970-01-01 00:00:00,,,Women,Accessories,Bags,Handbags,Brown,Winter,Casual
37812,John Players Men Navy Blue Shirt,images\37812.jpg,135.69,1970-01-01 00:00:00,,,Men,Apparel,Topwear,Shirts,Navy Blue,Summer,Formal
4729,Disney Kids Boy's Crew Sea Life Sialing Green Teen Kidswear,images\4729.jpg,70.74,1970-01-01 00:00:00,,,Boys,Apparel,Topwear,Tshirts,Green,Summer,Casual
56825,John Players Men Brown Shirt,images\56825.jpg,55.94,1970-01-01 00:00:00,,,Men,Apparel,Topwear,Shirts,Brown,Summer,Casual
39988,Gas Men Europa White Shoes,images\39988.jpg,182.37,1970-01-01 00:00:00,,,Men,Footwear,Shoes,Casual Shoes,White,Winter,Casual
59051,Carlton London Women Black & Gold Toned Flats,images\59051.jpg,32.16,1970-01-01 00:00:00,,,Women,Footwear,Shoes,Flats,Black,Winter,Casual
20099,Diva Women Embroided Green Kurta,images\20099.jpg,186.24,1970-01-01 00:00:00,,,Women,Apparel,Topwear,Kurtas,Green,Fall,Ethnic
58183,Rocky S Women White Handbag,images\58183.jpg,170.29,1970-01-01 00:00:00,,,Women,Accessories,Bags,Handbags,White,Summer,Casual
29742,Kiara Women Teal Handbag,images\29742.jpg,184.93,1970-01-01 00:00:00,,,Women,Accessories,Bags,Handbags,Teal,Summer,Casual
51658,Fossil Women Copper Chronograph Watch CH2589,images\51658.jpg,97.3,1970-01-01 00:00:00,,,Women,Accessories,Watches,Watches,Copper,Winter,Casual
3954,Jealous 21 Women's Pink T-shirt,images\3954.jpg,163.36,1970-01-01 00:00:00,,,Women,Apparel,Topwear,Tshirts,Pink,Summer,Casual
18839,Peter England Men Formal Black Belt,images\18839.jpg,11.5,1970-01-01 00:00:00,,,Men,Accessories,Belts,Belts,Black,Fall,Formal
2886,Catwalk Women Leather Brown Flats,images\2886.jpg,19.22,1970-01-01 00:00:00,,,Women,Footwear,Shoes,Flats,Brown,Winter,Casual
23278,Maxima Ssteele Men Off White Watch,images\23278.jpg,117.08,1970-01-01 00:00:00,,,Men,Accessories,Watches,Watches,Off White,Winter,Casual
28690,W Women Printed Beige Kurta,images\28690.jpg,199.47,1970-01-01 00:00:00,,,Women,Apparel,Topwear,Kurtas,Beige,Summer,Ethnic
8580,Scullers Men  Grey Waistcoat,images\8580.jpg,92.88,1970-01-01 00:00:00,,,Men,Apparel,Topwear,Waistcoat,Grey,Fall,Casual
3168,Nike Men's Incinerate MSL White Blue Shoe,images\3168.jpg,85.98,1970-01-01 00:00:00,,,Men,Footwear,Shoes,Sports Shoes,White,Fall,Sports
18005,Puma Men Long Logo Black Bermuda,images\18005.jpg,189.73,1970-01-01 00:00:00,,,Men,Apparel,Bottomwear,Shorts,Black,Summer,Sports
17871,Levis Men Boxer Maroon Brief,images\17871.jpg,34.91,1970-01-01 00:00:00,,,Men,Apparel,Innerwear,Briefs,Maroon,Winter,Casual
9452,John Miller Men Stripes White Red Shirts,images\9452.jpg,61.1,1970-01-01 00:00:00,,,Men,Apparel,Topwear,Shirts,Red,Fall,Formal
38402,Baggit Women Hood Dabang Black Belt,images\38402.jpg,51.92,1970-01-01 00:00:00,,,Women,Accessories,Belts,Belts,Black,Summer,Casual
44984,Maxima Women White Dial Watch,images\44984.jpg,152.33,1970-01-01 00:00:00,,,Women,Accessories,Watches,Watches,White,Winter,Casual
10268,Clarks Men Hang Work Leather Black Formal Shoes,images\10268.jpg,152.47,1970-01-01 00:00:00,,,Men,Footwear,Shoes,Formal Shoes,Black,Fall,Formal
45856,Vishudh Women Brown Kurta,images\45856.jpg,26.22,1970-01-01 00:00:00,,,Women,Apparel,Topwear,Kurtas,Brown,Summer,Ethnic
32138,Playboy Men Blue Titanium Briefs,images\32138.jpg,41.64,1970-01-01 00:00:00,,,Men,Apparel,Innerwear,Briefs,Blue,Summer,Casual
59435,Arrow Men Black Formal Shoes,images\59435.jpg,73.57,1970-01-01 00:00:00,,,Men,Footwear,Shoes,Formal Shoes,Black,Summer,Formal
5891,Puma Men's Stripe Polo Black T-shirt,images\5891.jpg,94.14,1970-01-01 00:00:00,,,Men,Apparel,Topwear,Tshirts,Black,Summer,Casual
38630,Nike Women Purple Polo T-shirt,images\38630.jpg,39.09,1970-01-01 00:00:00,,,Women,Apparel,Topwear,Tshirts,Purple,Summer,Casual
4943,Gini and Jony Boy's Kaleb White Brown Kidswear,images\4943.jpg,22.06,1970-01-01 00:00:00,,,Men,Apparel,Topwear,Shirts,White,Summer,Casual
11188,Carrera Men Dial steel finish strap Silver Watches,images\11188.jpg,142.23,1970-01-01 00:00:00,,,Men,Accessories,Watches,Watches,Silver,Winter,Casual
10866,Wrangler Men Motor Rider Red T-Shirts,images\10866.jpg,97.21,1970-01-01 00:00:00,,,Men,Apparel,Topwear,Tshirts,Red,Fall,Casual
59607,FNF Pink & Grey Wedding Collection Sari,images\59607.jpg,83.97,1970-01-01 00:00:00,,,Women,Apparel,Saree,Sarees,Grey,Fall,Ethnic
15528,Puma Men Scribble Black Tshirts,images\15528.jpg,158.54,1970-01-01 00:00:00,,,Men,Apparel,Topwear,Tshirts,Black,Fall,Casual
45258,CASIO EDIFICE Men Black Dial Chronograph Watch ED60,images\45258.jpg,25.76,1970-01-01 00:00:00,,,Men,Accessories,Watches,Watches,Black,Winter,Casual
42841,French Connection Women Beige Handbag,images\42841.jpg,106.2,1970-01-01 00:00:00,,,Women,Accessories,Bags,Handbags,Beige,Summer,Casual
22198,Timberland Men Black Casual Shoes,images\22198.jpg,160.62,1970-01-01 00:00:00,,,Men,Footwear,Shoes,Casual Shoes,Black,Fall,Casual
29570,Vans Men Classic Slip-On Purple & Black Shoes,images\29570.jpg,175.44,1970-01-01 00:00:00,,,Men,Footwear,Shoes,Casual Shoes,Purple,Summer,Casual
43993,Police Women Passion Perfume,images\43993.jpg,54.28,1970-01-01 00:00:00,,,Women,Personal Care,Fragrance,Perfume and Body Mist,Pink,Spring,Casual
6628,ADIDAS Men's Lowell White Silver Shoe,images\6628.jpg,99.72,1970-01-01 00:00:00,,,Men,Footwear,Shoes,Sports Shoes,White,Summer,Sports
54924,Do U Speak Green Men Blue Shorts,images\54924.jpg,182.28,1970-01-01 00:00:00,,,Men,Apparel,Bottomwear,Shorts,Blue,Summer,Casual
26538,ID Men Red Shoes,images\26538.jpg,36.54,1970-01-01 00:00:00,,,Men,Footwear,Shoes,Casual Shoes,Red,Fall,Casual
35913,Peperone Women Black & White Handbag,images\35913.jpg,63.53,1970-01-01 00:00:00,,,Women,Accessories,Bags,Handbags,Black,Summer,Casual
49495,Vans Men Khaki Shoes,images\49495.jpg,79.39,1970-01-01 00:00:00,,,Men,Footwear,Shoes,Casual Shoes,Khaki,Summer,Casual
9660,Indigo Nation Men Reversible Bling Pink Shirts,images\9660.jpg,164.88,1970-01-01 00:00:00,,,Men,Apparel,Topwear,Shirts,Pink,Fall,Casual
2288,Nike Women Black T-shirt,images\2288.jpg,13.17,1970-01-01 00:00:00,,,Women,Apparel,Topwear,Tshirts,Black,Fall,Sports
23876,ADIDAS Men Blue Sweatshirt,images\23876.jpg,150.86,1970-01-01 00:00:00,,,Men,Apparel,Topwear,Sweatshirts,Blue,Fall,Casual
18237,Manchester United Men Solid Red Tshirt,images\18237.jpg,175.3,1970-01-01 00:00:00,,,Men,Apparel,Topwear,Tshirts,Red,Fall,Casual
54118,Rocia Women Black Flats,images\54118.jpg,146.61,1970-01-01 00:00:00,,,Women,Footwear,Shoes,Heels,Black,Winter,Casual
2872,Catwalk Women Leather Flats,images\2872.jpg,17.7,1970-01-01 00:00:00,,,Women,Footwear,Shoes,Heels,Brown,Winter,Casual
49653,Mineral Women Green Top,images\49653.jpg,153.54,1970-01-01 00:00:00,,,Women,Apparel,Topwear,Tops,Green,Summer,Casual
8574,Crocs Dora Boots Pink Sandals,images\8574.jpg,35.94,1970-01-01 00:00:00,,,Women,Footwear,Sandal,Sandals,Pink,Fall,Casual
16957,Image Men Sunglasses,images\16957.jpg,63.25,1970-01-01 00:00:00,,,Men,Accessories,Eyewear,Sunglasses,Black,Winter,Casual
19123,Lotto Men XL Water Man Silver Slippers,images\19123.jpg,180.83,1970-01-01 00:00:00,,,Men,Footwear,Flip Flops,Flip Flops,Silver,Fall,Casual
13419,United Colors of Benetton Men Solid Pink Polo T-shirts,images\13419.jpg,148.53,1970-01-01 00:00:00,,,Men,Apparel,Topwear,Tshirts,Pink,Summer,Casual
17885,Levis Men Comfort Style Grey Innerwear Vest,images\17885.jpg,80.6,1970-01-01 00:00:00,,,Men,Apparel,Innerwear,Innerwear Vests,Grey,Summer,Casual
43369,Reebok Men Black Possession Flip Flops,images\43369.jpg,199.56,1970-01-01 00:00:00,,,Men,Footwear,Flip Flops,Flip Flops,Black,Summer,Casual
48781,Lucera Women Silver Pendant,images\48781.jpg,46.55,1970-01-01 00:00:00,,,Women,Accessories,Jewellery,Pendant,Silver,Summer,Casual
44970,Maxima Men White Dial Analog Chronograph Watch,images\44970.jpg,102.06,1970-01-01 00:00:00,,,Men,Accessories,Watches,Watches,White,Winter,Casual
56489,Streetwear Ash Nail Polish # 31,images\56489.jpg,74.92,1970-01-01 00:00:00,,,Women,Personal Care,Nails,Nail Polish,Bronze,Spring,
39524,Peter England Unisex Orange Sleeve Bag,images\39524.jpg,144.11,1970-01-01 00:00:00,,,Unisex,Accessories,Bags,Laptop Bag,Orange,Summer,Casual
33822,Puma Men Axis White & Grey Sports Shoes,images\33822.jpg,121.17,1970-01-01 00:00:00,,,Men,Footwear,Shoes,Sports Shoes,White,Summer,Sports
58513,Tonga Women Maroon Top,images\58513.jpg,174.69,1970-01-01 00:00:00,,,Women,Apparel,Topwear,Tops,Off White,Summer,Casual
25947,Femella Women Brown Scarf,images\25947.jpg,198.51,1970-01-01 00:00:00,,,Women,Accessories,Scarves,Scarves,Brown,Summer,Casual
52029,Just Natural Unisex Charcoal Rain Jacket,images\52029.jpg,31.58,1970-01-01 00:00:00,,,Unisex,Apparel,Topwear,Rain Jacket,Coffee Brown,Summer,
5865,ADIDAS Men's Twelve Faster T-shirt,images\5865.jpg,82.62,1970-01-01 00:00:00,,,Men,Apparel,Topwear,Tshirts,Black,Summer,Casual
39716,Arrow Woman Women Blue Dress,images\39716.jpg,199.24,1970-01-01 00:00:00,,,Women,Apparel,Dress,Dresses,Blue,Summer,Casual
25349,Levis Men Red Brief,images\25349.jpg,53.9,1970-01-01 00:00:00,,,Men,Apparel,Innerwear,Briefs,Red,Summer,Casual
11940,Ganuchi Men Casual Black Sandals,images\11940.jpg,117.77,1970-01-01 00:00:00,,,Men,Footwear,Sandal,Sandals,Black,Summer,Casual
55802,SDL by Sweet Dreams Women Green Printed Night Suit S11-3124,images\55802.jpg,63.5,1970-01-01 00:00:00,,,Women,Apparel,Loungewear and Nightwear,Night suits,White,Summer,Casual
29584,Indigo Nation Men Printed Black T-shirt,images\29584.jpg,197.55,1970-01-01 00:00:00,,,Men,Apparel,Topwear,Tshirts,Black,Summer,Casual
43967,DKNY Women Red Delicious Perfume,images\43967.jpg,70.5,1970-01-01 00:00:00,,,Women,Personal Care,Fragrance,Perfume and Body Mist,Red,Spring,Casual
28456,Urban Yoga Women Blue Skirt With Leggings,images\28456.jpg,82.76,1970-01-01 00:00:00,,,Women,Apparel,Bottomwear,Skirts,Blue,Summer,Sports
34009,Gini and Jony Girls Black Top,images\34009.jpg,145.92,1970-01-01 00:00:00,,,Girls,Apparel,Topwear,Tops,Black,Summer,Casual
19311,Nike Men Air Rift MTR White Casual Shoe,images\19311.jpg,91.2,1970-01-01 00:00:00,,,Men,Footwear,Shoes,Casual Shoes,White,Fall,Casual
42089,ADIDAS Men White Corona Sports Shoes,images\42089.jpg,22.71,1970-01-01 00:00:00,,,Men,Footwear,Shoes,Sports Shoes,White,Summer,Sports
22950,Fastrack Unisex Black Dial Watch 9915PP13,images\22950.jpg,34.0,1970-01-01 00:00:00,,,Unisex,Accessories,Watches,Watches,Black,Winter,Casual
49461,Vans Men Blue Era Scilla Plaid Shoes,images\49461.jpg,162.24,1970-01-01 00:00:00,,,Men,Footwear,Shoes,Casual Shoes,Blue,Summer,Casual
8746,Crocs Kids Navy Blue Clogs,images\8746.jpg,179.66,1970-01-01 00:00:00,,,Unisex,Footwear,Flip Flops,Flip Flops,Navy Blue,Summer,Casual
9694,Classic Polo Men Vulcan White Polo Tshirts,images\9694.jpg,32.5,1970-01-01 00:00:00,,,Men,Apparel,Topwear,Tshirts,White,Fall,Casual
23882,Fila Men Destiny Grey Sports Shoes,images\23882.jpg,141.2,1970-01-01 00:00:00,,,Men,Footwear,Shoes,Sports Shoes,Grey,Fall,Sports
34835,ADIDAS Men Blue Chill Sports Shoes,images\34835.jpg,103.01,1970-01-01 00:00:00,,,Men,Footwear,Shoes,Sports Shoes,Blue,Summer,Sports
15984,Turtle Check Men Yellow Shirt,images\15984.jpg,184.82,1970-01-01 00:00:00,,,Men,Apparel,Topwear,Shirts,Yellow,Fall,Casual
41268,Arrow Men Black Wallet,images\41268.jpg,55.16,1970-01-01 00:00:00,,,Men,Accessories,Wallets,Wallets,Black,Summer,Casual
11518,Catwalk Women Gun Metal Grey Heels,images\11518.jpg,48.47,1970-01-01 00:00:00,,,Women,Footwear,Shoes,Heels,Grey,Winter,Casual
14856,United Colors of Benetton Women Solid Beige Wallets,images\14856.jpg,92.85,1970-01-01 00:00:00,,,Women,Accessories,Wallets,Wallets,Beige,Summer,Casual
33648,Lotto Men Ridge Brown Sandals,images\33648.jpg,124.34,1970-01-01 00:00:00,,,Men,Footwear,Sandal,Sandals,Brown,Summer,Casual
59297,U.S. Polo Assn. Men White & Navy Blue Shirt,images\59297.jpg,36.07,1970-01-01 00:00:00,,,Men,Apparel,Topwear,Shirts,White,Fall,Casual
28032,Jockey ELANCE Men Bikini White Brief 1005,images\28032.jpg,88.82,1970-01-01 00:00:00,,,Men,Apparel,Innerwear,Briefs,White,Summer,Casual
27846,Scullers For Her Charcoal Blazer,images\27846.jpg,87.17,1970-01-01 00:00:00,,,Women,Apparel,Topwear,Blazers,Charcoal,Summer,Formal
26994,Jealous 21 Women Black Jeans,images\26994.jpg,105.03,1970-01-01 00:00:00,,,Women,Apparel,Bottomwear,Jeans,Black,Summer,Casual
49839,iPanema Women Red Flip Flops,images\49839.jpg,155.19,1970-01-01 00:00:00,,,Women,Footwear,Flip Flops,Flip Flops,Red,Winter,Casual
31923,Fabindia Women Blue Silk Sling Bag,images\31923.jpg,35.09,1970-01-01 00:00:00,,,Women,Accessories,Bags,Handbags,Blue,Summer,Casual
2618,Carlton London Women Silver Wedge Sandal,images\2618.jpg,121.22,1970-01-01 00:00:00,,,Women,Footwear,Shoes,Flats,Silver,Spring,Casual
54588,Sushilas Women Printed Green Kurta,images\54588.jpg,15.91,1970-01-01 00:00:00,,,Women,Apparel,Topwear,Kurtas,Green,Summer,Ethnic
49005,Lucera Women Silver Ring,images\49005.jpg,67.59,1970-01-01 00:00:00,,,Women,Accessories,Jewellery,Ring,Silver,Summer,Casual
8322,Doodle Boy's Route 66 Biker Blue Teen Kidswear,images\8322.jpg,182.5,1970-01-01 00:00:00,,,Boys,Apparel,Topwear,Tshirts,Blue,Fall,Casual
13841,ADIDAS Unisex Three Small Dials White Watches,images\13841.jpg,126.21,1970-01-01 00:00:00,,,Unisex,Accessories,Watches,Watches,White,Winter,Casual
28200,Ray-Ban Men Active Lifestyle Copper Sunglasses,images\28200.jpg,143.22,1970-01-01 00:00:00,,,Men,Accessories,Eyewear,Sunglasses,Copper,Winter,Casual
12993,ADIDAS Kids Adispeed Black Sports Shoes,images\12993.jpg,122.78,1970-01-01 00:00:00,,,Unisex,Footwear,Shoes,Sports Shoes,Black,Fall,Sports
7158,Scullers Men  Green Check Shirt,images\7158.jpg,22.58,1970-01-01 00:00:00,,,Men,Apparel,Topwear,Shirts,Green,Fall,Casual
18495,Puma Men Fashion Cat White Slipper,images\18495.jpg,60.6,1970-01-01 00:00:00,,,Men,Footwear,Sandal,Sandals,White,Fall,Casual
8110,Fastrack Men Economy 2 Analg Black Watch,images\8110.jpg,103.51,1970-01-01 00:00:00,,,Men,Accessories,Watches,Watches,Black,Winter,Casual
19547,United Colors of Benetton Men Solid Blue Sweatshirt,images\19547.jpg,184.56,1970-01-01 00:00:00,,,Men,Apparel,Topwear,Sweatshirts,Blue,Fall,Casual
7964,Puma Men's Large Logo Graphic Black T-shirt,images\7964.jpg,112.05,1970-01-01 00:00:00,,,Men,Apparel,Topwear,Tshirts,Black,Fall,Sports
36934,Giorgio Armani Women Idole Perfume,images\36934.jpg,199.22,1970-01-01 00:00:00,,,Women,Personal Care,Fragrance,Perfume and Body Mist,Gold,Spring,Casual
39140,Aneri Women Black & Maroon Salwar Suit,images\39140.jpg,156.45,1970-01-01 00:00:00,,,Women,Apparel,Apparel Set,Kurta Sets,Black,Summer,Ethnic
20851,Spice Art Women Ribbon Embroidery Red Clutch,images\20851.jpg,78.25,1970-01-01 00:00:00,,,Women,Accessories,Bags,Clutches,Red,Winter,Casual
41866,Estd. 1977 Men Beige & Green Sandals,images\41866.jpg,156.82,1970-01-01 00:00:00,,,Men,Footwear,Sandal,Sandals,Beige,Fall,Casual
58177,Rocky S Women Brown Handbag,images\58177.jpg,139.59,1970-01-01 00:00:00,,,Women,Accessories,Bags,Handbags,Brown,Summer,Casual
44528,Coolers Men Black Sandals,images\44528.jpg,55.51,1970-01-01 00:00:00,,,Men,Footwear,Sandal,Sandals,Black,Summer,Casual
16392,Levis Men Check Red Shirts,images\16392.jpg,168.96,1970-01-01 00:00:00,,,Men,Apparel,Topwear,Shirts,Red,Fall,Casual
51455,Tonga Women Pink Printed Shrug,images\51455.jpg,91.82,1970-01-01 00:00:00,,,Women,Apparel,Topwear,Shrug,Pink,Summer,Casual
50587,Chromozome Men Grey Briefs,images\50587.jpg,97.93,1970-01-01 00:00:00,,,Men,Apparel,Innerwear,Briefs,Grey,Summer,Casual
17240,U.S. Polo Assn. Men Stripes Black  Polo Tshirt,images\17240.jpg,52.79,1970-01-01 00:00:00,,,Men,Apparel,Topwear,Tshirts,Black,Fall,Casual
47530,Portia Women Copper-Toned & Brown Sandals,images\47530.jpg,97.58,1970-01-01 00:00:00,,,Women,Footwear,Shoes,Flats,Copper,Winter,Casual
6617,Spykar Men Black and white Check Shirt,images\6617.jpg,170.33,1970-01-01 00:00:00,,,Men,Apparel,Topwear,Shirts,Black,Summer,Casual
12732,Nike Unisex Swoosh Black Backpack,images\12732.jpg,105.45,1970-01-01 00:00:00,,,Unisex,Accessories,Bags,Backpacks,Black,Fall,Sports
3365,Myntra Men's Brain Black T-shirt,images\3365.jpg,138.38,1970-01-01 00:00:00,,,Men,Apparel,Topwear,Tshirts,Black,Summer,Casual
42042,Nike Men Air Relentless 2 MSL White Sports Shoes,images\42042.jpg,77.45,1970-01-01 00:00:00,,,Men,Footwear,Shoes,Sports Shoes,White,Summer,Sports
23849,ADIDAS Men Black Anzo Breeze Casual Shoes,images\23849.jpg,67.27,1970-01-01 00:00:00,,,Men,Footwear,Shoes,Casual Shoes,Black,Fall,Casual
43190,Fastrack Women White Dial Watch,images\43190.jpg,134.87,1970-01-01 00:00:00,,,Women,Accessories,Watches,Watches,White,Winter,Casual
48578,Revv Men Steel Bracelet,images\48578.jpg,32.32,1970-01-01 00:00:00,,,Men,Accessories,Jewellery,Bracelet,Steel,Summer,Casual
30462,Lovable Women All Day Long Black Bra,images\30462.jpg,130.06,1970-01-01 00:00:00,,,Women,Apparel,Innerwear,Bra,Black,Summer,Casual
18208,Manchester United Men Solid White Cap,images\18208.jpg,128.87,1970-01-01 00:00:00,,,Men,Accessories,Headwear,Caps,White,Fall,Casual
54127,Rocia Women Black Heels,images\54127.jpg,36.84,1970-01-01 00:00:00,,,Women,Footwear,Shoes,Heels,Black,Winter,Casual
10065,Puma Men ducati logo tee Yellow Tshirts,images\10065.jpg,184.78,1970-01-01 00:00:00,,,Men,Apparel,Topwear,Tshirts,Yellow,Fall,Casual
24250,Numero Uno Men White Casual Shoes,images\24250.jpg,118.93,1970-01-01 00:00:00,,,Men,Footwear,Shoes,Casual Shoes,White,Fall,Casual
32335,Q&Q Men Silver-Toned Dial Analogue Watch Q252J404Y,images\32335.jpg,12.07,1970-01-01 00:00:00,,,Men,Accessories,Watches,Watches,Silver,Winter,Casual
25382,Levis Men White Innerwear Vest,images\25382.jpg,153.92,1970-01-01 00:00:00,,,Men,Apparel,Innerwear,Innerwear Vests,White,Summer,Casual
56670,Maxima Men Black Dial Watch,images\56670.jpg,115.3,1970-01-01 00:00:00,,,Men,Accessories,Watches,Watches,Black,Winter,Casual
5092,Wrangler Men's Minstrel Shoulder Loop Purple T-shirt,images\5092.jpg,173.39,1970-01-01 00:00:00,,,Men,Apparel,Topwear,Tshirts,Purple,Summer,Casual
10859,Wrangler Men Furious Rides Navy Blue T-Shirts,images\10859.jpg,187.58,1970-01-01 00:00:00,,,Men,Apparel,Topwear,Tshirts,Navy Blue,Fall,Casual
59638,FNF Green Wedding Collection Sari,images\59638.jpg,155.59,1970-01-01 00:00:00,,,Women,Apparel,Saree,Sarees,Green,Fall,Ethnic
15517,Rockport Men LLandro Red Casual Shoes,images\15517.jpg,138.56,1970-01-01 00:00:00,,,Men,Footwear,Shoes,Casual Shoes,Red,Fall,Casual
4140,Skechers Women Green Shoe,images\4140.jpg,171.2,1970-01-01 00:00:00,,,Women,Footwear,Shoes,Casual Shoes,Green,Winter,Casual
36795,Maxima Men Ssteele Silver Dial Watch,images\36795.jpg,72.48,1970-01-01 00:00:00,,,Men,Accessories,Watches,Watches,Silver,Winter,Casual
40527,Titan Men Gold Dial Watch,images\40527.jpg,30.3,1970-01-01 00:00:00,,,Men,Accessories,Watches,Watches,Gold,Winter,Casual
10257,John Miller Men Solid Type Black Trousers,images\10257.jpg,20.23,1970-01-01 00:00:00,,,Men,Apparel,Bottomwear,Trousers,Black,Fall,Formal
24062,Locomotive Men Navy Blue Printed T-shirt,images\24062.jpg,37.33,1970-01-01 00:00:00,,,Men,Apparel,Topwear,Tshirts,Navy Blue,Summer,Casual
45869,Maxima Men Brown Dial Watch,images\45869.jpg,187.73,1970-01-01 00:00:00,,,Men,Accessories,Watches,Watches,Brown,Winter,Casual
11385,United Colors Of Benetton Women Light Winter Black Sweatshirts,images\11385.jpg,55.08,1970-01-01 00:00:00,,,Women,Apparel,Topwear,Sweatshirts,Black,Fall,Casual
53130,Catwalk Women Brown Sandals,images\53130.jpg,116.45,1970-01-01 00:00:00,,,Women,Footwear,Shoes,Flats,Brown,Winter,Casual
44187,Nike Fragrances Women 5th Element Perfume 150 ml,images\44187.jpg,43.9,1970-01-01 00:00:00,,,Women,Personal Care,Fragrance,Perfume and Body Mist,White,Spring,Casual
21510,Kiara Women Graphiti White Handbag,images\21510.jpg,181.77,1970-01-01 00:00:00,,,Women,Accessories,Bags,Handbags,White,Winter,Casual
51667,Louis Philippe Men Grey Sunglasses,images\51667.jpg,158.87,1970-01-01 00:00:00,,,Men,Accessories,Eyewear,Sunglasses,Grey,Winter,Casual
22395,Mark Taylor Men Striped Blue Shirt,images\22395.jpg,23.24,1970-01-01 00:00:00,,,Men,Apparel,Topwear,Shirts,Blue,Fall,Casual
35322,Fabindia Women Anusuya Silver Earrings,images\35322.jpg,199.88,1970-01-01 00:00:00,,,Women,Accessories,Jewellery,Earrings,Silver,Winter,Ethnic
6425,Lotto Unisex Canvas Black Check Shoe,images\6425.jpg,25.77,1970-01-01 00:00:00,,,Unisex,Footwear,Shoes,Casual Shoes,Black,Summer,Casual
18806,Peter England Men Casual Tan Belt,images\18806.jpg,173.01,1970-01-01 00:00:00,,,Men,Accessories,Belts,Belts,Tan,Summer,Casual
23247,Arrow Men Formal Black Shoe,images\23247.jpg,15.01,1970-01-01 00:00:00,,,Men,Footwear,Shoes,Formal Shoes,Black,Fall,Formal
17072,Lino Perros Women Weaved  Grey Belt,images\17072.jpg,40.37,1970-01-01 00:00:00,,,Women,Accessories,Belts,Belts,Grey,Winter,Casual
31782,Lee Women Paula Blue Top,images\31782.jpg,177.86,1970-01-01 00:00:00,,,Women,Apparel,Topwear,Tops,Blue,Summer,Casual
42270,Vans Unisex Black & Grey Classic Shoes,images\42270.jpg,106.52,1970-01-01 00:00:00,,,Unisex,Footwear,Shoes,Casual Shoes,Black,Summer,Casual
12500,United Colors of Benetton Men Short Black Shirts,images\12500.jpg,182.26,1970-01-01 00:00:00,,,Men,Apparel,Topwear,Shirts,Black,Fall,Casual
26735,Reebok Men Pack of 2 Pirates of the Caribbean Deos,images\26735.jpg,189.65,1970-01-01 00:00:00,,,Men,Personal Care,Fragrance,Deodorant,Black,Spring,Casual
30650,Nike Men Printed Black T-shirt,images\30650.jpg,102.98,1970-01-01 00:00:00,,,Men,Apparel,Topwear,Tshirts,Black,Summer,Casual
56026,Colorbar Soft Touch Mousse Lipstick 025,images\56026.jpg,14.49,1970-01-01 00:00:00,,,Women,Personal Care,Lips,Lipstick,Brown,Spring,Casual
21948,Murcia Women Casual Brown Handbag,images\21948.jpg,24.52,1970-01-01 00:00:00,,,Women,Accessories,Bags,Handbags,Brown,Winter,Casual
32563,ONLY Women directoire blue Trousers,images\32563.jpg,67.75,1970-01-01 00:00:00,,,Women,Apparel,Bottomwear,Trousers,Blue,Summer,Casual
58980,Colour me Women Flowers Deo,images\58980.jpg,25.53,1970-01-01 00:00:00,,,Women,Personal Care,Fragrance,Deodorant,Pink,Spring,Casual
40143,Gini and Jony Girls Pretty Blossom Blue Top,images\40143.jpg,138.34,1970-01-01 00:00:00,,,Girls,Apparel,Topwear,Tops,Blue,Summer,Casual
10633,Carlton London Men Formal Brown Formal Shoes,images\10633.jpg,94.18,1970-01-01 00:00:00,,,Men,Footwear,Shoes,Formal Shoes,Brown,Fall,Formal
24406,Vishudh Women Red Printed Kurta,images\24406.jpg,47.43,1970-01-01 00:00:00,,,Women,Apparel,Topwear,Kurtas,Red,Summer,Ethnic
4716,ADIDAS Unisex Response ST Analogue Black Watch,images\4716.jpg,155.01,1970-01-01 00:00:00,,,Unisex,Accessories,Watches,Watches,Black,Winter,Sports
21174,s.Oliver Women Stripes Beige Top,images\21174.jpg,50.91,1970-01-01 00:00:00,,,Women,Apparel,Topwear,Tops,Beige,Fall,Casual
15341,Nike Women Solid Pink Shorts,images\15341.jpg,126.08,1970-01-01 00:00:00,,,Women,Apparel,Bottomwear,Shorts,Pink,Fall,Sports
52486,Red Rose Maroon Camisole,images\52486.jpg,88.09,1970-01-01 00:00:00,,,Women,Apparel,Innerwear,Camisoles,Maroon,Winter,Casual
53554,Probase Multicoloured Printed Boxers,images\53554.jpg,55.87,1970-01-01 00:00:00,,,Men,Apparel,Innerwear,Boxers,Multi,Summer,Casual
14293,Classic Polo Men Stripes Blue Tshirts,images\14293.jpg,12.84,1970-01-01 00:00:00,,,Men,Apparel,Topwear,Tshirts,Blue,Fall,Casual
47366,Baggit Women Blue Bag,images\47366.jpg,58.35,1970-01-01 00:00:00,,,Women,Accessories,Bags,Handbags,Blue,Summer,Casual
6041,UCB Men's Polo Neck With Lion Logo Navy Blue T-shirt,images\6041.jpg,58.08,1970-01-01 00:00:00,,,Men,Apparel,Topwear,Tshirts,Navy Blue,Summer,Casual
23623,Doodle Kids Girls Pink I love Shopping Top,images\23623.jpg,43.98,1970-01-01 00:00:00,,,Girls,Apparel,Topwear,Tops,Pink,Fall,Casual
17416,Lotto Men Atlantica Black Sports Shoe,images\17416.jpg,112.4,1970-01-01 00:00:00,,,Men,Footwear,Shoes,Sports Shoes,Black,Fall,Sports
9835,Little Miss Women Printed Grey T-shirt,images\9835.jpg,146.98,1970-01-01 00:00:00,,,Women,Apparel,Topwear,Tshirts,Grey,Fall,Casual
29319,ADIDAS Unisex Chicago Bulls Red Backpack,images\29319.jpg,174.84,1970-01-01 00:00:00,,,Unisex,Accessories,Bags,Backpacks,Red,Summer,Casual
7193,Jealous 21 Women Black Jegging,images\7193.jpg,107.81,1970-01-01 00:00:00,,,Women,Apparel,Bottomwear,Jeans,Black,Fall,Casual
12958,ADIDAS Men Sports Black Sports Shoes,images\12958.jpg,68.62,1970-01-01 00:00:00,,,Men,Footwear,Shoes,Sports Shoes,Black,Fall,Sports
27283,Mother Earth Women Magenta Kurta,images\27283.jpg,59.94,1970-01-01 00:00:00,,,Women,Apparel,Topwear,Kurtas,Magenta,Fall,Ethnic
30234,Numero Uno Men Black Flip Flops,images\30234.jpg,132.26,1970-01-01 00:00:00,,,Men,Footwear,Flip Flops,Flip Flops,Black,Summer,Casual
9009,Murcia Women Snake Print Bag Brown Handbags,images\9009.jpg,30.21,1970-01-01 00:00:00,,,Women,Accessories,Bags,Handbags,Brown,Winter,Casual
3533,Myntra Men's If You Don't Like Navy Blue T-shirt,images\3533.jpg,122.15,1970-01-01 00:00:00,,,Men,Apparel,Topwear,Tshirts,Navy Blue,Summer,Casual
42614,Estelle Women Earrings & Pendant Set,images\42614.jpg,180.68,1970-01-01 00:00:00,,,Women,Accessories,Jewellery,Jewellery Set,Gold,Winter,Casual
12164,Aurelia Women Voile Orange Dupatta,images\12164.jpg,177.61,1970-01-01 00:00:00,,,Women,Apparel,Topwear,Dupatta,Orange,Fall,Ethnic
26351,DKNY Women White Dial Watch NY8472,images\26351.jpg,68.88,1970-01-01 00:00:00,,,Women,Accessories,Watches,Watches,White,Winter,Casual
17624,ADIDAS Men Solid Navy Blue Track Pant,images\17624.jpg,56.38,1970-01-01 00:00:00,,,Men,Apparel,Bottomwear,Track Pants,Navy Blue,Fall,Sports
47154,Gini and Jony Girls Black Capris,images\47154.jpg,176.6,1970-01-01 00:00:00,,,Girls,Apparel,Bottomwear,Capris,Black,Summer,Casual
35574,Gliders Men Esquire Red Flip Flops,images\35574.jpg,155.32,1970-01-01 00:00:00,,,Men,Footwear,Flip Flops,Flip Flops,Red,Summer,Casual
46086,ADIDAS Women Lavender Hagkok Sports Shoes,images\46086.jpg,140.96,1970-01-01 00:00:00,,,Women,Footwear,Shoes,Sports Shoes,Lavender,Summer,Sports
51031,Enamor White Bra,images\51031.jpg,150.49,1970-01-01 00:00:00,,,Women,Apparel,Innerwear,Bra,White,Summer,Casual
13284,Gini and Jony Kids Boys Solid Black Shorts,images\13284.jpg,35.23,1970-01-01 00:00:00,,,Men,Apparel,Bottomwear,Shorts,Black,Fall,Casual
54543,F Sports Men White Outlander Sports Shoes,images\54543.jpg,120.98,1970-01-01 00:00:00,,,Men,Footwear,Shoes,Sports Shoes,White,Fall,Casual
55491,Revlon Gold Dust Poussiere Doree Colorburst Lip Gloss 024,images\55491.jpg,54.78,1970-01-01 00:00:00,,,Women,Personal Care,Lips,Lip Gloss,Brown,Spring,Casual
26163,John Miller Men Dark Grey Trousers,images\26163.jpg,187.44,1970-01-01 00:00:00,,,Men,Apparel,Bottomwear,Trousers,Grey,Summer,Formal
3701,Tantra Women Flower Heart Black Long T-shirt,images\3701.jpg,165.82,1970-01-01 00:00:00,,,Women,Apparel,Topwear,Tshirts,Black,Summer,Casual
29917,Police Men White Dial Watch PL12698JS,images\29917.jpg,120.58,1970-01-01 00:00:00,,,Men,Accessories,Watches,Watches,White,Winter,Casual
42426,Aurelia Women Sea Green Kurta,images\42426.jpg,138.81,1970-01-01 00:00:00,,,Women,Apparel,Topwear,Kurtas,Sea Green,Summer,Ethnic
32751,FILA Men Liga II Black Shoes,images\32751.jpg,93.94,1970-01-01 00:00:00,,,Men,Footwear,Shoes,Casual Shoes,Black,Summer,Casual
56214,Estelle Women Gold Earrings,images\56214.jpg,154.31,1970-01-01 00:00:00,,,Women,Accessories,Jewellery,Earrings,Gold,Winter,Casual
10401,Jealous 21 Women Uaine Purple Tops,images\10401.jpg,198.89,1970-01-01 00:00:00,,,Women,Apparel,Topwear,Tops,Purple,Fall,Casual
40371,Tokyo Talkies Women Navy Slim Fit Jeans,images\40371.jpg,13.98,1970-01-01 00:00:00,,,Women,Apparel,Bottomwear,Jeans,Navy Blue,Summer,Casual
21346,Pal Zileri Men Casual Gold Frame Sunglasses,images\21346.jpg,186.63,1970-01-01 00:00:00,,,Men,Accessories,Eyewear,Sunglasses,Gold,Winter,Casual
45603,Arrow Men Black Formal Shoes,images\45603.jpg,26.97,1970-01-01 00:00:00,,,Men,Footwear,Shoes,Formal Shoes,Black,Summer,Formal
4524,Puma Men's YugoRun Black White Shoe,images\4524.jpg,46.99,1970-01-01 00:00:00,,,Men,Footwear,Shoes,Sports Shoes,Black,Summer,Sports
37223,United Colors of Benetton Women Blue Top,images\37223.jpg,148.77,1970-01-01 00:00:00,,,Women,Apparel,Topwear,Tops,Blue,Summer,Casual
53766,Puma Men White and Navy Blue T-shirt,images\53766.jpg,126.01,1970-01-01 00:00:00,,,Men,Apparel,Topwear,Tshirts,White,Summer,Casual
25520,Doodle Kids Girls City Chic White Top,images\25520.jpg,158.45,1970-01-01 00:00:00,,,Girls,Apparel,Topwear,Tops,White,Fall,Casual
32597,ONLY Women Black Top,images\32597.jpg,164.81,1970-01-01 00:00:00,,,Women,Apparel,Topwear,Tops,Black,Summer,Casual
58974,Colour me Men Gold Deo,images\58974.jpg,180.19,1970-01-01 00:00:00,,,Men,Personal Care,Fragrance,Deodorant,Gold,Spring,Casual
33445,Baggit Women Lamboo Mayur Black Wallet,images\33445.jpg,147.02,1970-01-01 00:00:00,,,Women,Accessories,Wallets,Wallets,Black,Summer,Casual
57100,Elle Women Dark Pink Top,images\57100.jpg,111.41,1970-01-01 00:00:00,,,Women,Apparel,Topwear,Tops,Pink,Summer,Casual
36137,Nike Women Free Run Pink Sports Shoes,images\36137.jpg,159.77,1970-01-01 00:00:00,,,Women,Footwear,Shoes,Sports Shoes,Pink,Summer,Sports
41859,Estd. 1977 Men Black Sandals,images\41859.jpg,75.62,1970-01-01 00:00:00,,,Men,Footwear,Sandal,Sandals,Black,Summer,Casual
21180,ADIDAS Men Adi Cells Black Flip Flops,images\21180.jpg,55.59,1970-01-01 00:00:00,,,Men,Footwear,Flip Flops,Flip Flops,Black,Summer,Casual
39943,GAS Men Brown Count Casual Shoes,images\39943.jpg,92.65,1970-01-01 00:00:00,,,Men,Footwear,Shoes,Casual Shoes,Brown,Summer,Casual
52472,Red Rose Women White & Pink Polka Dot Print Bath Robe,images\52472.jpg,140.05,1970-01-01 00:00:00,,,Women,Apparel,Loungewear and Nightwear,Bath Robe,Pink,Winter,Casual
58148,Puma Unisex White Cap,images\58148.jpg,39.07,1970-01-01 00:00:00,,,Unisex,Accessories,Headwear,Caps,White,Fall,Casual
20052,United Colors Of Benetton Women Yellow Muffler,images\20052.jpg,192.24,1970-01-01 00:00:00,,,Women,Accessories,Mufflers,Mufflers,Yellow,Fall,Casual
5630,ADIDAS Women's Adi Groove Blue Flip Flop,images\5630.jpg,97.49,1970-01-01 00:00:00,,,Women,Footwear,Flip Flops,Flip Flops,Blue,Summer,Casual
44517,Coolers Men Brown Pokar Flip Flops,images\44517.jpg,40.67,1970-01-01 00:00:00,,,Men,Footwear,Flip Flops,Flip Flops,Brown,Summer,Casual
47392,Baggit Women Beige Bag,images\47392.jpg,199.72,1970-01-01 00:00:00,,,Women,Accessories,Bags,Handbags,Beige,Fall,Casual
50325,Aurelia Women Navy Blue Kurta,images\50325.jpg,185.5,1970-01-01 00:00:00,,,Women,Apparel,Topwear,Kurtas,Navy Blue,Summer,Ethnic
8913,Puma Men Cabana Racer Sketch White Sports Shoes,images\8913.jpg,29.32,1970-01-01 00:00:00,,,Men,Footwear,Shoes,Sports Shoes,White,Fall,Sports
16530,Locomotive Men Check Red Shirt,images\16530.jpg,16.58,1970-01-01 00:00:00,,,Men,Apparel,Topwear,Shirts,Red,Fall,Casual
22705,Nike Men White Capri II Casual Shoe,images\22705.jpg,86.68,1970-01-01 00:00:00,,,Men,Footwear,Shoes,Casual Shoes,White,Fall,Casual
7167,Scullers Men Scul Purple White Shirt,images\7167.jpg,21.8,1970-01-01 00:00:00,,,Men,Apparel,Topwear,Shirts,Purple,Fall,Casual
46240,Fusion Beats Women White Printed Tunic,images\46240.jpg,43.91,1970-01-01 00:00:00,,,Women,Apparel,Topwear,Tunics,White,Summer,Casual
27277,Mother Earth Women Blue Kurta,images\27277.jpg,76.83,1970-01-01 00:00:00,,,Women,Apparel,Topwear,Kurtas,Green,Fall,Ethnic
13042,Inc 5 Women Brown Heels,images\13042.jpg,58.27,1970-01-01 00:00:00,,,Women,Footwear,Shoes,Flats,Brown,Winter,Casual
6889,Forever New Women Stone Cream Jacket,images\6889.jpg,38.18,1970-01-01 00:00:00,,,Women,Apparel,Topwear,Jackets,Cream,Summer,Casual
31312,W Women Peach Kurta,images\31312.jpg,120.37,1970-01-01 00:00:00,,,Women,Apparel,Topwear,Kurtas,Peach,Summer,Ethnic
12190,Basics Men Blue Slim Fit Checked Shirt,images\12190.jpg,188.41,1970-01-01 00:00:00,,,Men,Apparel,Topwear,Shirts,Blue,Fall,Casual
55657,Catwalk Women Golden Wedges,images\55657.jpg,145.01,1970-01-01 00:00:00,,,Women,Footwear,Shoes,Heels,Gold,Winter,Casual
19578,United Colors of Benetton Women Solid Purple Top,images\19578.jpg,170.02,1970-01-01 00:00:00,,,Women,Apparel,Topwear,Tops,Purple,Summer,Casual
27879,Scullers For Her Women Blue Top,images\27879.jpg,102.42,1970-01-01 00:00:00,,,Women,Apparel,Topwear,Tops,Blue,Summer,Casual
34452,Rocia Women Copper Sandals,images\34452.jpg,77.6,1970-01-01 00:00:00,,,Women,Footwear,Shoes,Flats,Copper,Winter,Casual
6287,Classic Polo Men's Swiss Yellow T-shirt,images\6287.jpg,128.5,1970-01-01 00:00:00,,,Men,Apparel,Topwear,Tshirts,Yellow,Summer,Casual
7355,Tantra Men's Black Sabbath Navy T-shirt,images\7355.jpg,85.29,1970-01-01 00:00:00,,,Men,Apparel,Topwear,Tshirts,Navy Blue,Fall,Casual
46072,Lino Perros Men Black Leather Belt,images\46072.jpg,78.56,1970-01-01 00:00:00,,,Men,Accessories,Belts,Belts,Black,Summer,Casual
22537,Gas Men Eldorado Tan Casual  Sandals,images\22537.jpg,20.87,1970-01-01 00:00:00,,,Men,Footwear,Sandal,Sandals,Tan,Summer,Casual
28831,Enamor Women Pack of 3 Mid-Rise Bikini Brief,images\28831.jpg,13.29,1970-01-01 00:00:00,,,Women,Apparel,Innerwear,Briefs,Brown,Summer,Casual
43500,French Connection Men White T-shirt,images\43500.jpg,14.19,1970-01-01 00:00:00,,,Men,Apparel,Topwear,Tshirts,White,Summer,Casual
2627,Carlton London Women Wedge Silver Sandal,images\2627.jpg,195.84,1970-01-01 00:00:00,,,Women,Footwear,Shoes,Flats,Silver,Fall,Casual
27045,Yelloe Off White Fur Zip Clutch,images\27045.jpg,193.11,1970-01-01 00:00:00,,,Women,Accessories,Bags,Clutches,Off White,Summer,Casual
13270,Palm Tree Kids Girls Printed White Tops,images\13270.jpg,112.4,1970-01-01 00:00:00,,,Women,Apparel,Topwear,Tops,White,Fall,Casual
18698,Hanes Men Grey Ultimate Duo Dry Cotton Stretch Bikini Briefs,images\18698.jpg,123.25,1970-01-01 00:00:00,,,Men,Apparel,Innerwear,Briefs,Grey,Summer,Casual
55465,Revlon Super Lusterous Lipstick 304,images\55465.jpg,50.28,1970-01-01 00:00:00,,,Women,Personal Care,Lips,Lipstick,Red,Spring,Casual
26197,Formula 1 Go Men Perfume,images\26197.jpg,177.96,1970-01-01 00:00:00,,,Men,Personal Care,Fragrance,Perfume and Body Mist,Green,Spring,Casual
31120,Palm Tree Girls Pink Top,images\31120.jpg,89.0,1970-01-01 00:00:00,,,Girls,Apparel,Topwear,Tops,Pink,Summer,Casual
25712,ADIDAS Unisex Blue Cap,images\25712.jpg,45.72,1970-01-01 00:00:00,,,Unisex,Accessories,Headwear,Caps,Blue,Summer,Sports
11527,United Colors of Benetton Men Olive Tshirts,images\11527.jpg,124.36,1970-01-01 00:00:00,,,Men,Apparel,Topwear,Tshirts,Olive,Fall,Casual
14869,United Colors of Benetton Men Solid Black Wallets,images\14869.jpg,62.36,1970-01-01 00:00:00,,,Men,Accessories,Wallets,Wallets,Black,Summer,Casual
40385,Tokyo Talkies Women Yellow Top,images\40385.jpg,141.01,1970-01-01 00:00:00,,,Women,Apparel,Topwear,Tops,Yellow,Summer,Casual
15187,Arrow Sport Men Solid White Polo Tshirts,images\15187.jpg,57.39,1970-01-01 00:00:00,,,Men,Apparel,Topwear,Tshirts,White,Fall,Casual
5402,Kalenji Ekiden 200 Wn Purple 2011,images\5402.jpg,143.17,1970-01-01 00:00:00,,,Women,Footwear,Shoes,Sports Shoes,Purple,,Sports
44725,Lotto Women Coral Elegant Flip Flops,images\44725.jpg,183.67,1970-01-01 00:00:00,,,Women,Footwear,Flip Flops,Flip Flops,Orange,Summer,Casual
14055,Flying Machine Men Check Green Shirts,images\14055.jpg,163.1,1970-01-01 00:00:00,,,Men,Apparel,Topwear,Shirts,Green,Fall,Casual
20260,Wrangler Men Applique Navy Blue Tshirt,images\20260.jpg,68.75,1970-01-01 00:00:00,,,Men,Apparel,Topwear,Tshirts,Navy Blue,Fall,Casual
7731,Puma Men's Winglet II Grey Yellow White Flip Flop,images\7731.jpg,136.49,1970-01-01 00:00:00,,,Men,Footwear,Flip Flops,Flip Flops,Grey,Winter,Casual
22153,Lee Cooper Men Brown Casual Sandals,images\22153.jpg,35.17,1970-01-01 00:00:00,,,Men,Footwear,Sandal,Sandals,Brown,Summer,Casual
43958,Puma Men Olive Techno Ind Sandal,images\43958.jpg,135.29,1970-01-01 00:00:00,,,Men,Footwear,Sandal,Sandals,Olive,Fall,Casual
28469,Urban Yoga Women Printed Pink T-shirt,images\28469.jpg,199.79,1970-01-01 00:00:00,,,Women,Apparel,Topwear,Tshirts,Pink,Summer,Casual
50573,Chromozome Men Charcoal Trunk Trunks,images\50573.jpg,196.39,1970-01-01 00:00:00,,,Men,Apparel,Innerwear,Trunk,Charcoal,Summer,Casual
34036,Palm Tree Boys Check Blue Shirt,images\34036.jpg,95.16,1970-01-01 00:00:00,,,Boys,Apparel,Topwear,Shirts,Blue,Summer,Casual
55001,Lakme Absolute Lip Last Day Kiss Lip Colour,images\55001.jpg,25.47,1970-01-01 00:00:00,,,Women,Personal Care,Lips,Lipstick,Pink,Spring,
8779,Indigo Nation Men Club Satin Hot Stepper Navy Blue Shirt,images\8779.jpg,129.55,1970-01-01 00:00:00,,,Men,Apparel,Topwear,Shirts,Navy Blue,Fall,Casual
3391,Murcia Women White With Stitch Bag,images\3391.jpg,141.14,1970-01-01 00:00:00,,,Women,Accessories,Bags,Handbags,White,Winter,Casual
43164,Fastrack Men Black Watch,images\43164.jpg,178.78,1970-01-01 00:00:00,,,Men,Accessories,Watches,Watches,Black,Winter,Casual
2243,ADIDAS Men Stripe Polo White Polo T-shirt,images\2243.jpg,11.79,1970-01-01 00:00:00,,,Men,Apparel,Topwear,Tshirts,White,Fall,Sports
30496,Lovable Women Fiona Purple Bra,images\30496.jpg,112.81,1970-01-01 00:00:00,,,Women,Apparel,Innerwear,Bra,Purple,Summer,Casual
27421,Jockey Women Blue Lounge Pants,images\27421.jpg,96.55,1970-01-01 00:00:00,,,Women,Apparel,Loungewear and Nightwear,Lounge Pants,Blue,Winter,Casual
57756,Lotus Herbals Neem & Clove Purifying Face Wash,images\57756.jpg,198.36,1970-01-01 00:00:00,,,Women,Personal Care,Skin Care,Face Wash and Cleanser,Green,Spring,Casual
33213,Sepia Women Printed Magenta Top,images\33213.jpg,73.66,1970-01-01 00:00:00,,,Women,Apparel,Topwear,Tops,Magenta,Summer,Casual
39729,Arrow Woman Olive Top,images\39729.jpg,183.78,1970-01-01 00:00:00,,,Women,Apparel,Topwear,Tops,Olive,Summer,Casual
25376,Levis Men Grey Innerwear T-Shirt,images\25376.jpg,59.93,1970-01-01 00:00:00,,,Men,Apparel,Innerwear,Innerwear Vests,Grey,Summer,Casual
11143,Scullers Men Price Catch Black Shirts,images\11143.jpg,135.35,1970-01-01 00:00:00,,,Men,Apparel,Topwear,Shirts,Black,Fall,Casual
56684,Fabindia Beige & Maroon Mull Printed Saree,images\56684.jpg,82.46,1970-01-01 00:00:00,,,Women,Apparel,Saree,Sarees,Beige,Fall,Ethnic
4988,Gini and Jony Girl's Vanya White Polka Dot Kidswear,images\4988.jpg,33.18,1970-01-01 00:00:00,,,Women,Apparel,Dress,Dresses,White,Summer,Casual
44341,Indian Terrain Men Blue T-shirt,images\44341.jpg,108.19,1970-01-01 00:00:00,,,Men,Apparel,Topwear,Tshirts,Blue,Summer,Casual
14431,Enroute Women Casual Black Flats,images\14431.jpg,157.41,1970-01-01 00:00:00,,,Women,Footwear,Shoes,Heels,Black,Summer,Casual
20604,Baggit Women Umbrella Dum Brown Handbag,images\20604.jpg,132.56,1970-01-01 00:00:00,,,Women,Accessories,Bags,Handbags,Brown,Winter,Casual
52224,Lencia Grey Swarovski Pearl Necklace,images\52224.jpg,158.21,1970-01-01 00:00:00,,,Women,Accessories,Jewellery,Necklace and Chains,Silver,Summer,Casual
45293,CASIO SHEEN Women Red Dial Watch SX017,images\45293.jpg,181.89,1970-01-01 00:00:00,,,Women,Accessories,Watches,Watches,Red,Winter,Casual
36761,Maxima Men Black Watch,images\36761.jpg,165.38,1970-01-01 00:00:00,,,Men,Accessories,Watches,Watches,Black,Winter,Casual
33021,Mother Earth Women Printed Cream Kurta,images\33021.jpg,86.23,1970-01-01 00:00:00,,,Women,Apparel,Topwear,Kurtas,Cream,Summer,Ethnic
25144,Lino Perros Women Leatherite Orange Handbag,images\25144.jpg,118.19,1970-01-01 00:00:00,,,Women,Accessories,Bags,Handbags,Orange,Winter,Casual
11371,United Colors Of Benetton Men Summer Black Shirts,images\11371.jpg,24.07,1970-01-01 00:00:00,,,Men,Apparel,Topwear,Shirts,Black,Fall,Casual
41401,Wrangler Women White Smocked Top,images\41401.jpg,49.56,1970-01-01 00:00:00,,,Women,Apparel,Topwear,Tops,White,Summer,Casual
14603,United Colors of Benetton Men Pack of 2 Grey Socks,images\14603.jpg,14.17,1970-01-01 00:00:00,,,Men,Accessories,Socks,Socks,Grey,Summer,Casual
37481,Esprit Women White Dial Watch,images\37481.jpg,17.42,1970-01-01 00:00:00,,,Women,Accessories,Watches,Watches,White,Winter,Casual
5254,Wildcraft Unisex Red Duffle Bag,images\5254.jpg,186.17,1970-01-01 00:00:00,,,Unisex,Accessories,Bags,Duffel Bag,Red,Winter,Casual
44173,Nike Fragrances Women Trendy Perfume 75ml,images\44173.jpg,13.83,1970-01-01 00:00:00,,,Women,Personal Care,Fragrance,Perfume and Body Mist,Pink,Spring,Casual
25978,J.Del Pozo Halloween Kiss Sexy Women Perfume,images\25978.jpg,59.53,1970-01-01 00:00:00,,,Women,Personal Care,Fragrance,Perfume and Body Mist,Pink,Spring,Casual
4386,Wrangler Cowboy Photo T-shirt,images\4386.jpg,82.33,1970-01-01 00:00:00,,,Men,Apparel,Topwear,Tshirts,Grey,Summer,Casual
51693,Van Heusen Unisex Brown Sunglasses,images\51693.jpg,65.36,1970-01-01 00:00:00,,,Unisex,Accessories,Eyewear,Sunglasses,Brown,Winter,Casual
16154,Enroute Men Leather Black Formal Shoes,images\16154.jpg,163.37,1970-01-01 00:00:00,,,Men,Footwear,Shoes,Formal Shoes,Black,Fall,Formal
22361,Reebok Men Navy Twist Sandals,images\22361.jpg,39.53,1970-01-01 00:00:00,,,Men,Footwear,Sandal,Sports Sandals,Navy Blue,Summer,Casual
29789,Basics Men Pack of 3 T-shirt,images\29789.jpg,51.55,1970-01-01 00:00:00,,,Men,Apparel,Topwear,Tshirts,Pink,Summer,Casual
19920,Wildcraft Unisex Black Outdoor Backpack,images\19920.jpg,31.3,1970-01-01 00:00:00,,,Unisex,Accessories,Bags,Backpacks,Black,Winter,Casual
7503,Nike Men's As Icon Blue T-shirt,images\7503.jpg,150.57,1970-01-01 00:00:00,,,Men,Apparel,Topwear,Tshirts,Blue,Summer,Sports
46624,Rasasi Men Emotion Deo and Perfume Set,images\46624.jpg,111.84,1970-01-01 00:00:00,,,Men,Personal Care,Fragrance,Deodorant,Grey,Spring,Casual
34204,Proline Men Navy Track Pants,images\34204.jpg,146.88,1970-01-01 00:00:00,,,Men,Apparel,Bottomwear,Track Pants,Navy Blue,Fall,Casual
17086,Lino Perros Women Blue Zip Orange Wallet,images\17086.jpg,13.95,1970-01-01 00:00:00,,,Women,Accessories,Wallets,Wallets,Orange,Winter,Casual
50741,Red Chief Men Black Shoes,images\50741.jpg,144.36,1970-01-01 00:00:00,,,Men,Footwear,Shoes,Casual Shoes,Black,Winter,Casual
55233,Lakme Nine to Five Flawless Makeup Shell Foundation,images\55233.jpg,137.58,1970-01-01 00:00:00,,,Women,Personal Care,Makeup,Foundation and Primer,Skin,Summer,Casual
13426,United Colors of Benetton Men Stripes Red  Polo T-shirts,images\13426.jpg,124.34,1970-01-01 00:00:00,,,Men,Apparel,Topwear,Tshirts,Red,Summer,Casual
43356,Reebok Women Charcoal Grey Fuel Techno Sports Shoes,images\43356.jpg,138.79,1970-01-01 00:00:00,,,Women,Footwear,Shoes,Sports Shoes,Charcoal,Summer,Sports
28207,Ray-Ban Men Active Lifestyle Black Sunglasses,images\28207.jpg,134.46,1970-01-01 00:00:00,,,Men,Accessories,Eyewear,Sunglasses,Black,Winter,Casual
13846,John Miller Men Stripes Blue Shirts,images\13846.jpg,72.9,1970-01-01 00:00:00,,,Men,Apparel,Topwear,Shirts,Blue,Fall,Casual
12994,ADIDAS Kids Boys Duramo Synthetic Black Sports Shoes,images\12994.jpg,34.13,1970-01-01 00:00:00,,,Boys,Footwear,Shoes,Sports Shoes,Black,Fall,Sports
46278,109F Women Red & White Striped Tunic,images\46278.jpg,98.92,1970-01-01 00:00:00,,,Women,Apparel,Topwear,Tunics,Red,Summer,Casual
16508,Locomotive Men Washed Blue Jeans,images\16508.jpg,172.43,1970-01-01 00:00:00,,,Men,Apparel,Bottomwear,Jeans,Blue,Fall,Casual
18492,Puma Men Danny Blue Slipper,images\18492.jpg,35.13,1970-01-01 00:00:00,,,Men,Footwear,Flip Flops,Flip Flops,Blue,Fall,Casual
19540,United Colors of Benetton Men Solid Blue Sweater,images\19540.jpg,141.66,1970-01-01 00:00:00,,,Men,Apparel,Topwear,Sweaters,Blue,Summer,Casual
7963,Puma Men's Large Logo Graphic White French T-shirt,images\7963.jpg,77.16,1970-01-01 00:00:00,,,Men,Apparel,Topwear,Tshirts,White,Fall,Sports
8117,Fastrack Men New Analog Black Navy Watch,images\8117.jpg,72.09,1970-01-01 00:00:00,,,Men,Accessories,Watches,Watches,Black,Winter,Casual
49230,Calzini Men Pack of 5 Sports Socks,images\49230.jpg,47.39,1970-01-01 00:00:00,,,Men,Accessories,Socks,Socks,Black,Summer,Casual
39147,Aneri Women Purple Salwar Suit,images\39147.jpg,16.47,1970-01-01 00:00:00,,,Women,Apparel,Apparel Set,Kurta Sets,Purple,Fall,Ethnic
36933,Bulgari Women Omnia Perfume,images\36933.jpg,60.77,1970-01-01 00:00:00,,,Women,Personal Care,Fragrance,Perfume and Body Mist,Purple,Spring,Casual
57138,Elle Women Brown Trousers,images\57138.jpg,143.49,1970-01-01 00:00:00,,,Women,Apparel,Bottomwear,Trousers,Brown,Summer,Casual
20856,United Colors of Benetton Men Casual Black Shoes,images\20856.jpg,37.31,1970-01-01 00:00:00,,,Men,Footwear,Shoes,Casual Shoes,Black,Fall,Casual
41861,Estd. 1977 Men Black Sandals,images\41861.jpg,104.72,1970-01-01 00:00:00,,,Men,Footwear,Sandal,Sandals,Black,Summer,Casual
5608,ADIDAS Men Kendall Black Navy Floater,images\5608.jpg,115.72,1970-01-01 00:00:00,,,Men,Footwear,Sandal,Sandals,Black,Summer,Casual
58170,Rocky S Women Red Clutch,images\58170.jpg,31.33,1970-01-01 00:00:00,,,Women,Accessories,Bags,Clutches,Red,Fall,Casual
53598,Q&Q Men Black Digital Watch,images\53598.jpg,157.82,1970-01-01 00:00:00,,,Men,Free Items,Free Gifts,Free Gifts,Black,Winter,Sports
15983,Turtle Solid Men  Burgundy Shirt,images\15983.jpg,165.79,1970-01-01 00:00:00,,,Men,Apparel,Topwear,Shirts,Burgundy,Fall,Casual
39375,Helix Women Silver Dial Watch,images\39375.jpg,172.43,1970-01-01 00:00:00,,,Women,Accessories,Watches,Watches,Silver,Winter,Casual
14851,United Colors of Benetton Women Solid Coffee Brown Wallets,images\14851.jpg,161.36,1970-01-01 00:00:00,,,Women,Accessories,Wallets,Wallets,Coffee Brown,Summer,Casual
59290,Titan Men Black Dial Watch,images\59290.jpg,29.04,1970-01-01 00:00:00,,,Men,Accessories,Watches,Watches,Black,Winter,Casual
52678,Morellato Men Black Watch,images\52678.jpg,120.66,1970-01-01 00:00:00,,,Men,Accessories,Watches,Watches,Black,Winter,Casual
20258,Wrangler Men Polo Charcoal T-shirt,images\20258.jpg,155.61,1970-01-01 00:00:00,,,Men,Apparel,Topwear,Tshirts,Brown,Fall,Casual
47198,Franco Leone Men Brown Sandals,images\47198.jpg,87.56,1970-01-01 00:00:00,,,Men,Footwear,Sandal,Sandals,Brown,Summer,Casual
27841,Bulchee Men Plain Jeans White Belt,images\27841.jpg,46.43,1970-01-01 00:00:00,,,Men,Accessories,Belts,Belts,White,Summer,Casual
28035,Jockey ELANCE Men Grey Melange Y Front Briefs 1006,images\28035.jpg,198.53,1970-01-01 00:00:00,,,Men,Apparel,Innerwear,Briefs,Grey Melange,Summer,Casual
31924,Fabindia Women Black Silk Handbag,images\31924.jpg,113.75,1970-01-01 00:00:00,,,Women,Accessories,Bags,Handbags,Black,Summer,Casual
26993,Jealous 21 Women Washed Blue Jeans,images\26993.jpg,174.24,1970-01-01 00:00:00,,,Women,Apparel,Bottomwear,Jeans,Blue,Summer,Casual
13248,Palm Tree Kids Boy Solid Brown Trousers,images\13248.jpg,12.97,1970-01-01 00:00:00,,,Men,Apparel,Bottomwear,Trousers,Brown,Fall,Casual
43538,French Connection Women Blue Top,images\43538.jpg,114.07,1970-01-01 00:00:00,,,Women,Apparel,Topwear,Tops,Blue,Summer,Casual
8325,Doodle Boy's Athletic 77 Dept Yellow Teen Kidswear,images\8325.jpg,125.88,1970-01-01 00:00:00,,,Boys,Apparel,Topwear,Tshirts,Yellow,Fall,Casual
31118,Gini and Jony Girls Red Top,images\31118.jpg,46.13,1970-01-01 00:00:00,,,Girls,Apparel,Topwear,Tops,Red,Summer,Casual
19772,ADIDAS Men Vigor Blue Casual Shoes,images\19772.jpg,140.11,1970-01-01 00:00:00,,,Men,Footwear,Shoes,Casual Shoes,Blue,Fall,Casual
46876,Lino Perros Men Pack of 2 Socks,images\46876.jpg,66.16,1970-01-01 00:00:00,,,Men,Accessories,Socks,Socks,Grey,Summer,Casual
5862,ADIDAS Men's Stripe Black T-shirt,images\5862.jpg,148.99,1970-01-01 00:00:00,,,Men,Apparel,Topwear,Tshirts,Black,Summer,Casual
39711,ADIDAS Original Men Black Dial Chronograph Watch ADH2641,images\39711.jpg,85.2,1970-01-01 00:00:00,,,Men,Accessories,Watches,Watches,Black,Winter,Casual
14409,Enroute Women Casual White Heels,images\14409.jpg,11.55,1970-01-01 00:00:00,,,Women,Footwear,Shoes,Heels,White,Summer,Casual
58726,Puma Men Grey T-shirt,images\58726.jpg,158.56,1970-01-01 00:00:00,,,Men,Apparel,Topwear,Tshirts,Grey,Summer,Casual
44379,ADIDAS Men Intense Touch  Perfume,images\44379.jpg,71.27,1970-01-01 00:00:00,,,Men,Personal Care,Fragrance,Perfume and Body Mist,Black,Spring,Casual
11947,Ganuchi Men Casual Olive Sandals,images\11947.jpg,159.94,1970-01-01 00:00:00,,,Men,Footwear,Sandal,Sandals,Olive,Summer,Casual
36759,Maxima Men White Dial Watch,images\36759.jpg,80.65,1970-01-01 00:00:00,,,Men,Accessories,Watches,Watches,White,Winter,Casual
51499,Denizen Women Blue Jeans,images\51499.jpg,173.46,1970-01-01 00:00:00,,,Women,Apparel,Bottomwear,Jeans,Blue,Summer,Casual
29583,Puma Women Grace Silver Sandals,images\29583.jpg,34.47,1970-01-01 00:00:00,,,Women,Footwear,Shoes,Flats,Silver,Summer,Casual
55805,SDL by Sweet Dreams Women Pink & Black Printed Night Suit S11-3134,images\55805.jpg,57.92,1970-01-01 00:00:00,,,Women,Apparel,Loungewear and Nightwear,Night suits,Pink,Summer,Casual
7709,Jealous 21 Women's Aaren Black Jegging,images\7709.jpg,60.06,1970-01-01 00:00:00,,,Women,Apparel,Bottomwear,Jeans,Black,Fall,Casual
28451,Urban Yoga Women Black Track Pants,images\28451.jpg,33.31,1970-01-01 00:00:00,,,Women,Apparel,Bottomwear,Track Pants,Black,Summer,Casual
43960,Indigo Nation Men Grey Striped Shirt,images\43960.jpg,95.89,1970-01-01 00:00:00,,,Men,Apparel,Topwear,Shirts,Grey,Summer,Formal
8741,Indigo Nation Men Checks Shirt Navy Blue Shirts,images\8741.jpg,135.81,1970-01-01 00:00:00,,,Men,Apparel,Topwear,Shirts,Navy Blue,Fall,Casual
55039,Lakme Absolute Matte Merlot Lipstick 45,images\55039.jpg,171.72,1970-01-01 00:00:00,,,Women,Personal Care,Lips,Lipstick,Brown,Spring,Casual
19316,Nike Unisex Hayward 25M Grey Backpack,images\19316.jpg,151.38,1970-01-01 00:00:00,,,Unisex,Accessories,Bags,Backpacks,Grey,Fall,Casual
27419,Jockey Women Black Lounge Pants,images\27419.jpg,49.22,1970-01-01 00:00:00,,,Women,Apparel,Loungewear and Nightwear,Lounge Pants,Black,Winter,Casual
34832,ADIDAS Men Sukoi White Sports Shoes,images\34832.jpg,94.12,1970-01-01 00:00:00,,,Men,Footwear,Shoes,Sports Shoes,White,Summer,Sports
23885,Fila Men Grey Hex Sports Shoes,images\23885.jpg,199.94,1970-01-01 00:00:00,,,Men,Footwear,Shoes,Sports Shoes,Grey,Winter,Sports
19918,Wildcraft Unisex Black Backpack,images\19918.jpg,60.77,1970-01-01 00:00:00,,,Unisex,Accessories,Bags,Backpacks,Black,Winter,Casual
22359,John Players Men Check Blue Shirt,images\22359.jpg,104.6,1970-01-01 00:00:00,,,Men,Apparel,Topwear,Shirts,Blue,Summer,Casual
19124,Lotto Women XL Kelly Pink Slippers,images\19124.jpg,148.02,1970-01-01 00:00:00,,,Women,Footwear,Flip Flops,Flip Flops,Pink,Fall,Casual
16950,Image Men Sunglasses,images\16950.jpg,152.6,1970-01-01 00:00:00,,,Men,Accessories,Eyewear,Sunglasses,Brown,Winter,Casual
49654,Mineral Women Grey Skirt,images\49654.jpg,63.29,1970-01-01 00:00:00,,,Women,Apparel,Bottomwear,Skirts,Grey,Summer,Casual
48786,Lucera Women Silver Pendant,images\48786.jpg,198.04,1970-01-01 00:00:00,,,Women,Accessories,Jewellery,Pendant,Silver,Summer,Casual
2049,ADIDAS Men's Slim Fit White T-shirt,images\2049.jpg,22.57,1970-01-01 00:00:00,,,Men,Apparel,Topwear,Tshirts,White,Summer,Sports
17882,Levis Men Comfort Style White Innerwear Vest,images\17882.jpg,29.62,1970-01-01 00:00:00,,,Men,Apparel,Innerwear,Innerwear Vests,White,Summer,Casual
44977,Maxima Men Silver Dial Attivo Watch,images\44977.jpg,159.42,1970-01-01 00:00:00,,,Men,Accessories,Watches,Watches,Silver,Winter,Casual
33019,Mother Earth Women Printed Yellow Kurta,images\33019.jpg,174.33,1970-01-01 00:00:00,,,Women,Apparel,Topwear,Kurtas,Yellow,Summer,Ethnic
41439,Lee Cooper Men Black Sports Shoes,images\41439.jpg,150.23,1970-01-01 00:00:00,,,Men,Footwear,Shoes,Sports Shoes,Black,Fall,Sports
39523,Peter England Unisex Black One Dayer Black Trolley Bag,images\39523.jpg,52.72,1970-01-01 00:00:00,,,Unisex,Accessories,Bags,Trolley Bag,Black,Summer,Casual
52812,JAG Men Black Leather Wallet,images\52812.jpg,153.16,1970-01-01 00:00:00,,,Men,Accessories,Wallets,Wallets,Black,Summer,Casual
11349,Lee Men Blue Chicago Fit Jeans,images\11349.jpg,168.36,1970-01-01 00:00:00,,,Men,Apparel,Bottomwear,Jeans,Blue,Summer,Casual
24892,United Colors of Benetton Men Black T-shirt,images\24892.jpg,73.81,1970-01-01 00:00:00,,,Men,Apparel,Topwear,Tshirts,Black,Fall,Casual
58514,Tonga Women Grey Top,images\58514.jpg,115.26,1970-01-01 00:00:00,,,Women,Apparel,Topwear,Tops,Grey,Summer,Casual
33825,Puma Women Kuris Silver & Grey Sports Shoes,images\33825.jpg,136.47,1970-01-01 00:00:00,,,Women,Footwear,Shoes,Sports Shoes,Silver,Summer,Sports
25940,Femella Women Yellow & Blue Scarf,images\25940.jpg,39.37,1970-01-01 00:00:00,,,Women,Accessories,Scarves,Scarves,Yellow,Summer,Casual
38637,Nike Men Red Delhi T-shirt,images\38637.jpg,31.95,1970-01-01 00:00:00,,,Men,Apparel,Topwear,Tshirts,Red,Summer,Casual
5896,Puma Men Cavallino Black Shoe,images\5896.jpg,179.22,1970-01-01 00:00:00,,,Men,Footwear,Shoes,Casual Shoes,Black,Summer,Casual
4944,Gini and Jony Boy's Kaleb White Brown Infant Kidswear,images\4944.jpg,102.66,1970-01-01 00:00:00,,,Men,Apparel,Topwear,Shirts,White,Summer,Casual
10861,Wrangler Men Dirt Riders White T-Shirts,images\10861.jpg,172.42,1970-01-01 00:00:00,,,Men,Apparel,Topwear,Tshirts,White,Fall,Casual
59600,FNF Rust Wedding Collection Sari,images\59600.jpg,157.85,1970-01-01 00:00:00,,,Women,Apparel,Saree,Sarees,Rust,Fall,Ethnic
42846,French Connection Women Multi Stripe Hand Bag,images\42846.jpg,66.06,1970-01-01 00:00:00,,,Women,Accessories,Bags,Handbags,Multi,Summer,Casual
35128,Allen Solly Woman Purple Bangle,images\35128.jpg,88.48,1970-01-01 00:00:00,,,Women,Accessories,Jewellery,Bracelet,Purple,Winter,Casual
47508,Facit Men Black Brief,images\47508.jpg,169.55,1970-01-01 00:00:00,,,Men,Apparel,Innerwear,Briefs,Black,Summer,Casual
54923,Do u speak Green Girls Olive 3/4 Pant,images\54923.jpg,127.8,1970-01-01 00:00:00,,,Girls,Apparel,Bottomwear,Capris,Olive,Summer,Casual
43994,Police Women Passion Deo,images\43994.jpg,143.42,1970-01-01 00:00:00,,,Women,Personal Care,Fragrance,Deodorant,Pink,Spring,Casual
17278,U.S. Polo Assn. Men Printed  Steeple Grey Tshirt,images\17278.jpg,137.24,1970-01-01 00:00:00,,,Men,Apparel,Topwear,Tshirts,Grey,Fall,Casual
31588,Mark Taylor Men Printed Maroon T-shirt,images\31588.jpg,175.72,1970-01-01 00:00:00,,,Men,Apparel,Topwear,Tshirts,Maroon,Summer,Casual
49492,Vans Men Maroon & Grey Era Shoes,images\49492.jpg,90.63,1970-01-01 00:00:00,,,Men,Footwear,Shoes,Casual Shoes,Maroon,Summer,Casual
18230,Manchester United Men Printed White Tshirt,images\18230.jpg,169.07,1970-01-01 00:00:00,,,Men,Apparel,Topwear,Tshirts,White,Fall,Casual
23871,ADIDAS Men Grey Striped T-shirt,images\23871.jpg,85.7,1970-01-01 00:00:00,,,Men,Apparel,Topwear,Tshirts,Grey,Fall,Casual
9667,Indigo Nation Men Bling Red Black Shirts,images\9667.jpg,177.22,1970-01-01 00:00:00,,,Men,Apparel,Topwear,Shirts,Purple,Fall,Casual
16198,Puma Men Poly Knitted Black Tracksuit,images\16198.jpg,129.42,1970-01-01 00:00:00,,,Men,Apparel,Bottomwear,Tracksuits,Black,Fall,Sports
3953,Jealous 21 Women's Red Peace T-shirt,images\3953.jpg,36.09,1970-01-01 00:00:00,,,Women,Apparel,Topwear,Tshirts,Red,Summer,Casual
29745,Fossil Men Quartz Black Dial Chronograph Watch JR1303,images\29745.jpg,91.57,1970-01-01 00:00:00,,,Men,Accessories,Watches,Watches,Black,Winter,Casual
28697,W Women Printed Black Kurta,images\28697.jpg,178.76,1970-01-01 00:00:00,,,Women,Apparel,Topwear,Kurtas,Black,Summer,Ethnic
12538,Puma Men Solid Blue Track Pants,images\12538.jpg,96.67,1970-01-01 00:00:00,,,Men,Apparel,Bottomwear,Track Pants,Blue,Fall,Casual
8587,Scullers Men Red Check Shirt,images\8587.jpg,172.76,1970-01-01 00:00:00,,,Men,Apparel,Topwear,Shirts,Red,Fall,Casual
42248,Sepia Women Pink Top,images\42248.jpg,141.4,1970-01-01 00:00:00,,,Women,Apparel,Topwear,Tops,Pink,Summer,Casual
48772,Lucera Women Silver Pendant,images\48772.jpg,33.75,1970-01-01 00:00:00,,,Women,Accessories,Jewellery,Pendant,Silver,Summer,Casual
17876,Levis Men Comfort Style Grey Innerwear Vest,images\17876.jpg,20.97,1970-01-01 00:00:00,,,Men,Apparel,Innerwear,Innerwear Vests,Grey,Summer,Casual
30668,Park Avenue Men Black Sunglasses,images\30668.jpg,128.01,1970-01-01 00:00:00,,,Men,Accessories,Eyewear,Sunglasses,Black,Winter,Casual
9455,John Miller Men Red Striped Shirt,images\9455.jpg,154.39,1970-01-01 00:00:00,,,Men,Apparel,Topwear,Shirts,Red,Fall,Formal
18002,Puma Women Essential Skinny Black 3/4 Pant,images\18002.jpg,199.16,1970-01-01 00:00:00,,,Women,Apparel,Bottomwear,Capris,Black,Summer,Sports
44983,Maxima Women Silver Dial Watch,images\44983.jpg,150.64,1970-01-01 00:00:00,,,Women,Accessories,Watches,Watches,Silver,Winter,Casual
38405,Baggit Women White Capri Taj Belt,images\38405.jpg,127.95,1970-01-01 00:00:00,,,Women,Accessories,Belts,Belts,White,Summer,Casual
53934,Kiara Women Brown Handbag,images\53934.jpg,155.75,1970-01-01 00:00:00,,,Women,Accessories,Bags,Handbags,Brown,Summer,Casual
1638,Nabaiji Swimming Goggles Blue Black,images\1638.jpg,158.56,1970-01-01 00:00:00,,,Unisex,Apparel,Bottomwear,Swimwear,Blue,Fall,Sports
25188,Lino Perros Women Leatherite Brown Handbag,images\25188.jpg,195.87,1970-01-01 00:00:00,,,Women,Accessories,Bags,Handbags,Brown,Winter,Casual
24866,Reid & Taylor Men Formal Black Belt,images\24866.jpg,83.89,1970-01-01 00:00:00,,,Men,Accessories,Belts,Belts,Black,Summer,Casual
53108,Fabindia Silver Earrings,images\53108.jpg,144.09,1970-01-01 00:00:00,,,Women,Accessories,Jewellery,Earrings,Silver,Winter,Casual
21528,Kiara Women Sequins Copper Handbag,images\21528.jpg,155.58,1970-01-01 00:00:00,,,Women,Accessories,Bags,Handbags,Copper,Winter,Casual
59432,Spice Art Women Black Handbag,images\59432.jpg,129.55,1970-01-01 00:00:00,,,Women,Accessories,Bags,Handbags,Black,Summer,Casual
32903,Allen Solly Women Red Shorts,images\32903.jpg,73.18,1970-01-01 00:00:00,,,Women,Apparel,Bottomwear,Shorts,Red,Summer,Casual
6079,UCB Men's Johny Collar With Two Tone Grey T-shirt,images\6079.jpg,152.68,1970-01-01 00:00:00,,,Men,Apparel,Topwear,Tshirts,Grey,Summer,Casual
12960,ADIDAS Men Sports White Sports Shoes,images\12960.jpg,83.33,1970-01-01 00:00:00,,,Men,Footwear,Shoes,Sports Shoes,White,Fall,Sports
29321,ADIDAS Men Black Jersey,images\29321.jpg,174.3,1970-01-01 00:00:00,,,Men,Apparel,Topwear,Tshirts,Black,Summer,Sports
9031,Buckaroo Men loma Tan Casual Shoes,images\9031.jpg,86.12,1970-01-01 00:00:00,,,Men,Footwear,Shoes,Casual Shoes,Tan,Winter,Casual
6845,Timberland Unisex Hiker Round Lace Shoe Accessories,images\6845.jpg,12.03,1970-01-01 00:00:00,,,Unisex,Accessories,Shoe Accessories,Shoe Laces,Black,Summer,Casual
18466,Reebok Reebounce Women Perfumes,images\18466.jpg,150.0,1970-01-01 00:00:00,,,Women,Personal Care,Fragrance,Perfume and Body Mist,White,Spring,Casual
26369,Arrow Woman Blue Shirt,images\26369.jpg,188.47,1970-01-01 00:00:00,,,Women,Apparel,Topwear,Shirts,Blue,Summer,Casual
33489,Doodle Kids Boy Check Green Shirt,images\33489.jpg,54.01,1970-01-01 00:00:00,,,Men,Apparel,Topwear,Shirts,Green,Summer,Casual
59056,Carlton London Women Blue & Cream Shoes,images\59056.jpg,144.1,1970-01-01 00:00:00,,,Women,Footwear,Shoes,Casual Shoes,Blue,Winter,Casual
15379,Fila Men Lobato Black Casual Shoes,images\15379.jpg,107.63,1970-01-01 00:00:00,,,Men,Footwear,Shoes,Casual Shoes,Black,Summer,Casual
45409,Rocia Women Black & Brown Sandals,images\45409.jpg,45.04,1970-01-01 00:00:00,,,Women,Footwear,Shoes,Flats,Black,Winter,Casual
56822,John Players Men Beige Shorts,images\56822.jpg,16.13,1970-01-01 00:00:00,,,Men,Apparel,Bottomwear,Trousers,Beige,Summer,Casual
58184,Rocky S Women Beige Handbag,images\58184.jpg,85.45,1970-01-01 00:00:00,,,Women,Accessories,Bags,Handbags,Beige,Summer,Casual
40947,Gini and Jony Boys Core Red T-shirt,images\40947.jpg,141.9,1970-01-01 00:00:00,,,Boys,Apparel,Topwear,Tshirts,Red,Summer,Casual
39381,Peter England Men Party Black Jeans,images\39381.jpg,85.03,1970-01-01 00:00:00,,,Men,Apparel,Bottomwear,Jeans,Black,Summer,Casual
15977,Turtle Solid Men Red Shirt,images\15977.jpg,144.63,1970-01-01 00:00:00,,,Men,Apparel,Topwear,Shirts,Red,Fall,Casual
32769,Music Men Printed Blue T-shirt,images\32769.jpg,28.42,1970-01-01 00:00:00,,,Men,Apparel,Topwear,Tshirts,Blue,Spring,Casual
10439,Flying Machine Men Walnut Brown Tshirts,images\10439.jpg,64.23,1970-01-01 00:00:00,,,Men,Apparel,Topwear,Tshirts,Brown,Fall,Casual
59264,Titan Women White Watch,images\59264.jpg,44.91,1970-01-01 00:00:00,,,Women,Accessories,Watches,Watches,White,Winter,Casual
14099,Flying Machine Women Solid Pink Tops,images\14099.jpg,101.08,1970-01-01 00:00:00,,,Women,Apparel,Topwear,Tops,Pink,Fall,Casual
1852,Inkfruit Men Ride It Or Die T-shirt,images\1852.jpg,18.83,1970-01-01 00:00:00,,,Men,Apparel,Topwear,Tshirts,Blue,Summer,Casual
30802,Fabindia Men Blue Shirt,images\30802.jpg,19.31,1970-01-01 00:00:00,,,Men,Apparel,Topwear,Shirts,Blue,Summer,Ethnic
51009,Enamor Rose Full Figure Bra FF07,images\51009.jpg,121.78,1970-01-01 00:00:00,,,Women,Apparel,Innerwear,Bra,Rose,Summer,Casual
29113,Puma Women Pack of 3 Socks,images\29113.jpg,87.21,1970-01-01 00:00:00,,,Women,Accessories,Socks,Socks,White,Summer,Casual
7399,Red Tape Men's Black Formal Shoe,images\7399.jpg,40.12,1970-01-01 00:00:00,,,Men,Footwear,Shoes,Formal Shoes,Black,Winter,Formal
26967,Jealous 21 Women Check Navy Blue Top,images\26967.jpg,74.97,1970-01-01 00:00:00,,,Women,Apparel,Topwear,Tops,Navy Blue,Summer,Casual
27089,Aneri Women Jazz Brown Kurta,images\27089.jpg,126.16,1970-01-01 00:00:00,,,Women,Apparel,Topwear,Kurtas,Brown,Summer,Ethnic
48124,Fossil Women Brown Huarache Weave Belt,images\48124.jpg,138.12,1970-01-01 00:00:00,,,Women,Accessories,Belts,Belts,Brown,Summer,Casual
9203,Puma Men Axis XT Black Shoes,images\9203.jpg,134.66,1970-01-01 00:00:00,,,Men,Footwear,Shoes,Sports Shoes,Black,Fall,Sports
51835,Bwitch Red Lace  Briefs,images\51835.jpg,21.08,1970-01-01 00:00:00,,,Women,Apparel,Innerwear,Briefs,Red,Summer,Casual
3739,ADIDAS Men Delhi Daredevil Blue Cap,images\3739.jpg,193.56,1970-01-01 00:00:00,,,Men,Accessories,Headwear,Caps,Blue,Fall,Sports
19786,U.S. Polo Assn. Men Solid Navy Blue Tshirt,images\19786.jpg,73.02,1970-01-01 00:00:00,,,Men,Apparel,Topwear,Tshirts,Navy Blue,Winter,Casual
44948,Puma Men Black Aquil II Sports Shoes,images\44948.jpg,151.68,1970-01-01 00:00:00,,,Men,Footwear,Shoes,Sports Shoes,Black,Summer,Sports
24091,Manchester United Men Navy Blue Striped T-shirt,images\24091.jpg,84.77,1970-01-01 00:00:00,,,Men,Apparel,Topwear,Tshirts,Navy Blue,Fall,Casual
57563,Lotus Herbals Pure Colours Nutty Brown Lipstick 666,images\57563.jpg,55.4,1970-01-01 00:00:00,,,Women,Personal Care,Lips,Lipstick,Brown,Spring,
33026,Mother Earth Women Pink Kurta,images\33026.jpg,172.98,1970-01-01 00:00:00,,,Women,Apparel,Topwear,Kurtas,Pink,Fall,Ethnic
41406,Wrangler Women Pink T-shirt,images\41406.jpg,177.07,1970-01-01 00:00:00,,,Women,Apparel,Topwear,Tshirts,Pink,Summer,Casual
11376,United Colors Of Benetton Women Light Winter Grey Tops,images\11376.jpg,84.84,1970-01-01 00:00:00,,,Women,Apparel,Topwear,Tops,Grey,Fall,Casual
25143,Lino Perros Women Silver Clutch,images\25143.jpg,49.94,1970-01-01 00:00:00,,,Women,Accessories,Bags,Clutches,Silver,Winter,Casual
44174,Nike Fragrances Women Sensual Touch Perfume and Deo Set,images\44174.jpg,33.08,1970-01-01 00:00:00,,,Women,Personal Care,Fragrance,Fragrance Gift Set,White,Spring,Casual
5253,Wildcraft Unisex Black & Grey Duffel Bag,images\5253.jpg,89.22,1970-01-01 00:00:00,,,Unisex,Accessories,Bags,Duffel Bag,Grey,Winter,Casual
20431,Baggit Women Tijori Viva Brown Wallet,images\20431.jpg,15.9,1970-01-01 00:00:00,,,Women,Accessories,Wallets,Wallets,Brown,Winter,Casual
14604,United Colors of Benetton Men Stripes Green Socks,images\14604.jpg,22.99,1970-01-01 00:00:00,,,Men,Accessories,Socks,Socks,Green,Summer,Casual
4381,Superman Men's Silhouette Light Blue T-shirt,images\4381.jpg,44.88,1970-01-01 00:00:00,,,Men,Apparel,Topwear,Tshirts,Blue,Summer,Casual
46623,Nike Unisex Ultimatum Max Backpack,images\46623.jpg,122.81,1970-01-01 00:00:00,,,Unisex,Accessories,Bags,Backpacks,Black,Summer,Casual
19927,ADIDAS Men Receptor Grey Sandals,images\19927.jpg,88.17,1970-01-01 00:00:00,,,Men,Footwear,Sandal,Sandals,Grey,Fall,Casual
7504,Nike Women's Smash Pink T-shirt,images\7504.jpg,80.28,1970-01-01 00:00:00,,,Women,Apparel,Topwear,Tshirts,Pink,Summer,Sports
22366,Ed Hardy Men New Tiger White T-Shirt,images\22366.jpg,16.66,1970-01-01 00:00:00,,,Men,Apparel,Topwear,Tshirts,White,Fall,Casual
3998,Spalding Men's Black and White Graphic Flip Flop,images\3998.jpg,137.91,1970-01-01 00:00:00,,,Men,Footwear,Flip Flops,Flip Flops,Black,Summer,Casual
51694,Van Heusen Unisex Sunglasses VH216-C2,images\51694.jpg,33.14,1970-01-01 00:00:00,,,Unisex,Accessories,Eyewear,Sunglasses,Brown,Winter,Casual
16153,Enroute Men Leather Black Formal Shoes,images\16153.jpg,75.91,1970-01-01 00:00:00,,,Men,Footwear,Shoes,Formal Shoes,Black,Fall,Formal
17081,Lino Perros Women Denim Blue Wallet,images\17081.jpg,157.81,1970-01-01 00:00:00,,,Women,Accessories,Wallets,Wallets,Blue,Winter,Casual
50746,Red Chief Men Black Formal Shoes,images\50746.jpg,105.08,1970-01-01 00:00:00,,,Men,Footwear,Shoes,Formal Shoes,Black,Winter,Formal
34203,Proline Men Charcoal Grey Track Pants,images\34203.jpg,199.78,1970-01-01 00:00:00,,,Men,Apparel,Bottomwear,Track Pants,Charcoal,Winter,Casual
55234,Lakme 9to5 Flawless Makeup Marble Foundation,images\55234.jpg,52.27,1970-01-01 00:00:00,,,Women,Personal Care,Makeup,Foundation and Primer,Skin,Summer,Casual
13421,United Colors of Benetton Men Stripes Black Polo T-shirts,images\13421.jpg,111.91,1970-01-01 00:00:00,,,Men,Apparel,Topwear,Tshirts,Black,Summer,Casual
27614,Scullers Men Beige Trousers,images\27614.jpg,172.06,1970-01-01 00:00:00,,,Men,Apparel,Bottomwear,Trousers,Beige,Summer,Casual
22154,Lee Cooper Men Black Formal Shoes,images\22154.jpg,19.84,1970-01-01 00:00:00,,,Men,Footwear,Shoes,Formal Shoes,Black,Fall,Formal
16361,Peter England Men Stripes Maroon Shirt,images\16361.jpg,48.33,1970-01-01 00:00:00,,,Men,Apparel,Topwear,Shirts,Maroon,Fall,Formal
46411,ADIDAS Men Black Sweatshirt,images\46411.jpg,121.72,1970-01-01 00:00:00,,,Men,Apparel,Topwear,Sweatshirts,Black,Summer,Casual
7736,Puma Men Ferrari Lifestyle Red Cap,images\7736.jpg,117.89,1970-01-01 00:00:00,,,Men,Accessories,Headwear,Caps,Red,Fall,Casual
34031,Gini and Jony Boys Check Blue Shirt,images\34031.jpg,49.98,1970-01-01 00:00:00,,,Boys,Apparel,Topwear,Shirts,Blue,Summer,Casual
50574,Chromozome Men Pack of Two Trunks,images\50574.jpg,97.34,1970-01-01 00:00:00,,,Men,Apparel,Innerwear,Trunk,Charcoal,Summer,Casual
22968,U.S. Polo Assn. Unisex Casual Olive Backpack,images\22968.jpg,174.3,1970-01-01 00:00:00,,,Unisex,Accessories,Bags,Backpacks,Black,Summer,Casual
3396,Murcia Women Turquoise Blue Handbag,images\3396.jpg,51.22,1970-01-01 00:00:00,,,Women,Accessories,Bags,Handbags,Blue,Winter,Casual
31543,Classic Polo Men Striped Navy Blue T-shirt,images\31543.jpg,47.89,1970-01-01 00:00:00,,,Men,Apparel,Topwear,Tshirts,Navy Blue,Summer,Casual
55006,Lakme Sheer Satin Lip Gloss 51,images\55006.jpg,115.47,1970-01-01 00:00:00,,,Women,Personal Care,Lips,Lip Gloss,Copper,Spring,
19329,Puma Men Standpunkt Brown Casual Shoes,images\19329.jpg,70.53,1970-01-01 00:00:00,,,Men,Footwear,Shoes,Casual Shoes,Brown,Fall,Casual
13613,Hanes Men Sleeveless V Neck Red Innerwear T-shirt,images\13613.jpg,30.14,1970-01-01 00:00:00,,,Men,Apparel,Innerwear,Innerwear Vests,Red,Summer,Casual
27426,Jockey Women Grey Melange Shorts,images\27426.jpg,125.84,1970-01-01 00:00:00,,,Women,Apparel,Bottomwear,Shorts,Grey Melange,Winter,Casual
2244,ADIDAS Women's Black T-shirt,images\2244.jpg,59.23,1970-01-01 00:00:00,,,Women,Apparel,Topwear,Tshirts,Black,Fall,Casual
43163,Fastrack Men White Dial Watch,images\43163.jpg,160.82,1970-01-01 00:00:00,,,Men,Accessories,Watches,Watches,White,Winter,Casual
33214,Sepia Women Printed Black & Green Tunic,images\33214.jpg,118.4,1970-01-01 00:00:00,,,Women,Apparel,Topwear,Tunics,Black,Summer,Casual
10096,Reebok Women Reeflex Run Blue Sports Shoes,images\10096.jpg,165.29,1970-01-01 00:00:00,,,Women,Footwear,Shoes,Sports Shoes,Blue,Fall,Sports
11144,Scullers Men Price Catch Black Shirts,images\11144.jpg,59.69,1970-01-01 00:00:00,,,Men,Apparel,Topwear,Shirts,Black,Fall,Casual
25371,Levis Men Maroon Innerwear Vest,images\25371.jpg,115.36,1970-01-01 00:00:00,,,Men,Apparel,Innerwear,Innerwear Vests,Maroon,Summer,Casual
20603,Baggit Women Selection Mayur Black Sling Bag,images\20603.jpg,120.0,1970-01-01 00:00:00,,,Women,Accessories,Bags,Handbags,Black,Winter,Casual
58719,ALayna Women Off White  Kurta,images\58719.jpg,85.11,1970-01-01 00:00:00,,,Women,Apparel,Topwear,Kurtas,Off White,Summer,Ethnic
11978,FILA Men Aruba Navy Blue Sandal,images\11978.jpg,89.44,1970-01-01 00:00:00,,,Men,Footwear,Sandal,Sandals,Navy Blue,Summer,Casual
36766,Maxima Men Black Watch,images\36766.jpg,38.95,1970-01-01 00:00:00,,,Men,Accessories,Watches,Watches,Black,Winter,Casual
45294,CASIO SHEEN Women Black Dial Watch SX041,images\45294.jpg,65.6,1970-01-01 00:00:00,,,Women,Accessories,Watches,Watches,Black,Winter,Casual
52223,Lencia White Swarovski Pearl Necklace,images\52223.jpg,187.33,1970-01-01 00:00:00,,,Women,Accessories,Jewellery,Necklace and Chains,White,Fall,Casual
34455,Rocia Women Black Shoes,images\34455.jpg,163.3,1970-01-01 00:00:00,,,Women,Footwear,Shoes,Heels,Black,Spring,Formal
6280,UCB Men's Making Light Pink T-shirt,images\6280.jpg,48.15,1970-01-01 00:00:00,,,Men,Apparel,Topwear,Tshirts,Pink,Summer,Casual
46075,Lino Perros Men Black Leather Belt,images\46075.jpg,176.38,1970-01-01 00:00:00,,,Men,Accessories,Belts,Belts,Black,Summer,Casual
35587,Gliders Men Brown Leather Sandals,images\35587.jpg,16.96,1970-01-01 00:00:00,,,Men,Footwear,Sandal,Sandals,Brown,Summer,Casual
7352,Tantra Men's Whatever Purple T-shirt,images\7352.jpg,58.57,1970-01-01 00:00:00,,,Men,Apparel,Topwear,Tshirts,Purple,Fall,Casual
27042,Yelloe Black Animal Print Clutch,images\27042.jpg,181.03,1970-01-01 00:00:00,,,Women,Accessories,Bags,Clutches,Black,Summer,Casual
2620,Nike Men's Colors Team India T-shirt,images\2620.jpg,139.76,1970-01-01 00:00:00,,,Men,Apparel,Topwear,Tshirts,Blue,Fall,Sports
43507,French Connection Men Maroon T-shirt,images\43507.jpg,57.38,1970-01-01 00:00:00,,,Men,Apparel,Topwear,Tshirts,Maroon,Summer,Casual
28836,BIBA Women Printed Multi Coloured Kurta,images\28836.jpg,163.08,1970-01-01 00:00:00,,,Women,Apparel,Topwear,Kurtas,Multi,Summer,Ethnic
31127,Gini and Jony Girls Black Dress,images\31127.jpg,182.35,1970-01-01 00:00:00,,,Girls,Apparel,Dress,Dresses,Black,Summer,Casual
26190,4711 Kolnisch Wasser Men Perfume,images\26190.jpg,104.84,1970-01-01 00:00:00,,,Men,Personal Care,Fragrance,Perfume and Body Mist,Blue,Spring,Casual
55462,Revlon Super Lustrous Plum Baby Lipstick 313,images\55462.jpg,194.39,1970-01-01 00:00:00,,,Women,Personal Care,Lips,Lipstick,Purple,Spring,Casual
11520,United Colors of Benetton Women Denim Black Jeans,images\11520.jpg,106.56,1970-01-01 00:00:00,,,Women,Apparel,Bottomwear,Jeans,Black,Fall,Casual
25715,ADIDAS Unisex Blue Cap,images\25715.jpg,37.23,1970-01-01 00:00:00,,,Unisex,Accessories,Headwear,Caps,Blue,Summer,Sports
41250,Arrow Men Black & Brown Reversible Belt,images\41250.jpg,55.7,1970-01-01 00:00:00,,,Men,Accessories,Belts,Belts,Brown,Summer,Formal
40382,Tokyo Talkies Women Pink Top,images\40382.jpg,71.22,1970-01-01 00:00:00,,,Women,Apparel,Topwear,Tops,Pink,Summer,Casual
38298,Reid & Taylor Men Brown Wallet,images\38298.jpg,151.27,1970-01-01 00:00:00,,,Men,Accessories,Wallets,Wallets,Brown,Summer,Casual
57335,Amante White Bra BCSO01,images\57335.jpg,167.17,1970-01-01 00:00:00,,,Women,Apparel,Innerwear,Bra,White,Winter,Casual
52647,Mod'acc Women Black Handbag,images\52647.jpg,85.74,1970-01-01 00:00:00,,,Women,Accessories,Bags,Handbags,Black,Summer,Casual
20267,Catwalk Women Casual Black Heels,images\20267.jpg,60.08,1970-01-01 00:00:00,,,Women,Footwear,Shoes,Heels,Black,Winter,Casual
14052,Flying Machine Men Solid White Shirts,images\14052.jpg,187.2,1970-01-01 00:00:00,,,Men,Apparel,Topwear,Shirts,White,Fall,Casual
53795,Puma Men Black T-shirt,images\53795.jpg,164.5,1970-01-01 00:00:00,,,Men,Apparel,Topwear,Tshirts,Black,Summer,Casual
44722,Lotto Women Red & Orange Disco Holic Flip Flops,images\44722.jpg,16.85,1970-01-01 00:00:00,,,Women,Footwear,Flip Flops,Flip Flops,Orange,Summer,Casual
5405,Kalenji Ekiden Comfort Prime 2011,images\5405.jpg,43.75,1970-01-01 00:00:00,,,Men,Footwear,Shoes,Sports Shoes,White,Fall,Sports
39178,Aneri Women Blue & Brown Printed Kurta,images\39178.jpg,45.62,1970-01-01 00:00:00,,,Women,Apparel,Topwear,Kurtas,Blue,Summer,Ethnic
32590,ONLY Women Brown Shorts,images\32590.jpg,144.1,1970-01-01 00:00:00,,,Women,Apparel,Bottomwear,Shorts,Brown,Summer,Casual
11712,Lee Men Solid Blue Shirts,images\11712.jpg,40.85,1970-01-01 00:00:00,,,Men,Apparel,Topwear,Shirts,Blue,Summer,Casual
25527,Wrangler Women Stella Green Shirt,images\25527.jpg,109.41,1970-01-01 00:00:00,,,Women,Apparel,Topwear,Shirts,Green,Summer,Casual
57107,Elle Women Green Essentials Top,images\57107.jpg,110.15,1970-01-01 00:00:00,,,Women,Apparel,Topwear,Tops,Olive,Summer,Casual
20869,Fila Men Camper Brown Sandals,images\20869.jpg,22.2,1970-01-01 00:00:00,,,Men,Footwear,Sandal,Sandals,Brown,Fall,Casual
33442,Baggit Women Rade Doko Teal Handbag,images\33442.jpg,71.29,1970-01-01 00:00:00,,,Women,Accessories,Bags,Handbags,Teal,Winter,Casual
58973,Colour Me Women Pink Perfume,images\58973.jpg,78.3,1970-01-01 00:00:00,,,Women,Personal Care,Fragrance,Perfume and Body Mist,Pink,Spring,Casual
52475,Red Rose White & Red Dot Print Bath Robe,images\52475.jpg,158.4,1970-01-01 00:00:00,,,Women,Apparel,Loungewear and Nightwear,Bath Robe,White,Winter,
39944,GAS Men Grey Namib Shoes,images\39944.jpg,43.16,1970-01-01 00:00:00,,,Men,Footwear,Shoes,Casual Shoes,Grey,Summer,Casual
21187,ADIDAS Men Plugged In Yellow Flip Flops,images\21187.jpg,186.19,1970-01-01 00:00:00,,,Men,Footwear,Flip Flops,Flip Flops,Yellow,Summer,Casual
36130,Nike Men Dunk High Grey Shoes,images\36130.jpg,84.66,1970-01-01 00:00:00,,,Men,Footwear,Shoes,Casual Shoes,Grey,Summer,Casual
44510,Converse Unisex Black Shoes,images\44510.jpg,36.05,1970-01-01 00:00:00,,,Unisex,Footwear,Shoes,Casual Shoes,Black,Summer,Casual
20055,United Colors Of Benetton Women Grey Muffler,images\20055.jpg,130.11,1970-01-01 00:00:00,,,Women,Accessories,Mufflers,Mufflers,Grey,Fall,Casual
50322,Aurelia Women Black Kurta,images\50322.jpg,186.6,1970-01-01 00:00:00,,,Women,Apparel,Topwear,Kurtas,Black,Summer,Ethnic
28238,Park Avenue Men Cruise Deo,images\28238.jpg,32.53,1970-01-01 00:00:00,,,Men,Personal Care,Fragrance,Deodorant,Black,Spring,Casual
13879,Scullers Men Check Red Shirts,images\13879.jpg,139.54,1970-01-01 00:00:00,,,Men,Apparel,Topwear,Shirts,Red,Fall,Casual
47395,Baggit Women Green Handbag,images\47395.jpg,168.22,1970-01-01 00:00:00,,,Women,Accessories,Bags,Handbags,Green,Summer,Casual
46247,Fusion Beats Women Dark Pink Tunic,images\46247.jpg,67.86,1970-01-01 00:00:00,,,Women,Apparel,Topwear,Tunics,Pink,Summer,Casual
7160,Scullers For Her Women Fashion Summer Lite Aubergine Tunics,images\7160.jpg,79.7,1970-01-01 00:00:00,,,Women,Apparel,Topwear,Tunics,Purple,Fall,Casual
22702,Nike Women Beige Dunk High Casual Shoes,images\22702.jpg,94.75,1970-01-01 00:00:00,,,Women,Footwear,Shoes,Casual Shoes,Beige,Fall,Casual
8914,Puma Men Future Cat Remix SF White Sports Shoes,images\8914.jpg,199.38,1970-01-01 00:00:00,,,Men,Footwear,Shoes,Sports Shoes,White,Fall,Sports
16537,Probase Men Check Blue Cap,images\16537.jpg,123.81,1970-01-01 00:00:00,,,Men,Accessories,Headwear,Caps,Blue,Fall,Casual
43735,Royal Diadem Set of 2 Golden Bangles,images\43735.jpg,61.22,1970-01-01 00:00:00,,,Women,Accessories,Jewellery,Bangle,Gold,Summer,Ethnic
13045,Inc 5 Women Casual Maroon Sandals,images\13045.jpg,90.32,1970-01-01 00:00:00,,,Women,Footwear,Shoes,Flats,Maroon,Winter,Casual
27270,Mother Earth Women Printed Maroon Kurta,images\27270.jpg,132.1,1970-01-01 00:00:00,,,Women,Apparel,Topwear,Kurtas,Maroon,Fall,Ethnic
12197,Basics Men Orange Polo T-shirt,images\12197.jpg,102.72,1970-01-01 00:00:00,,,Men,Apparel,Topwear,Tshirts,Orange,Summer,Casual
55650,Catwalk Women Multi-coloured Heels,images\55650.jpg,172.6,1970-01-01 00:00:00,,,Women,Footwear,Shoes,Heels,Multi,Winter,Casual
31315,W Women Brown Kurta,images\31315.jpg,112.37,1970-01-01 00:00:00,,,Women,Apparel,Topwear,Kurtas,Brown,Summer,Ethnic
6274,UCB Women's Crystal Benetton Green T-shirt,images\6274.jpg,187.92,1970-01-01 00:00:00,,,Women,Apparel,Topwear,Tshirts,Green,Summer,Casual
47153,Gini and Jony Girls Pink Capris,images\47153.jpg,116.34,1970-01-01 00:00:00,,,Girls,Apparel,Bottomwear,Capris,Pink,Summer,Casual
17623,ADIDAS Men Solid Grey Track Pant,images\17623.jpg,147.1,1970-01-01 00:00:00,,,Men,Apparel,Bottomwear,Track Pants,Grey,Fall,Sports
48927,Lucera Women Silver Ring,images\48927.jpg,15.45,1970-01-01 00:00:00,,,Women,Accessories,Jewellery,Ring,Silver,Summer,Casual
51036,Enamor Women Lavender Nightdress,images\51036.jpg,151.98,1970-01-01 00:00:00,,,Women,Apparel,Loungewear and Nightwear,Nightdress,Lime Green,Summer,Casual
26958,Jealous 21 Women Teal Shirt,images\26958.jpg,151.53,1970-01-01 00:00:00,,,Women,Apparel,Topwear,Shirts,Teal,Summer,Casual
46081,ADIDAS Men Navy Blue Benton Sandals,images\46081.jpg,15.68,1970-01-01 00:00:00,,,Men,Footwear,Sandal,Sandals,Navy Blue,Summer,Casual
35573,Gliders Men Esquire Blue Flip Flops,images\35573.jpg,32.69,1970-01-01 00:00:00,,,Men,Footwear,Flip Flops,Flip Flops,Blue,Summer,Casual
13283,Gini and Jony Kids Boys Check Blue Shirts,images\13283.jpg,93.68,1970-01-01 00:00:00,,,Men,Apparel,Topwear,Shirts,Blue,Fall,Casual
54544,F Sports Men Black Pace Sports Shoes,images\54544.jpg,121.8,1970-01-01 00:00:00,,,Men,Footwear,Shoes,Sports Shoes,Black,Fall,Sports
30001,Aspen Women White Dial Watch,images\30001.jpg,198.36,1970-01-01 00:00:00,,,Women,Accessories,Watches,Watches,White,Winter,Casual
29910,Police Men Black Dial Watch PL12170JSB,images\29910.jpg,164.29,1970-01-01 00:00:00,,,Men,Accessories,Watches,Watches,Black,Winter,Casual
3706,Classic Polo Men's Grey Red & Brown Stripe T-shirt,images\3706.jpg,120.46,1970-01-01 00:00:00,,,Men,Apparel,Topwear,Tshirts,Grey,Summer,Casual
26164,John Miller Men Striped Grey Trousers,images\26164.jpg,137.15,1970-01-01 00:00:00,,,Men,Apparel,Bottomwear,Trousers,Grey,Summer,Formal
55496,Revlon ColorBurst Hot Pink Lip Gloss 10,images\55496.jpg,123.08,1970-01-01 00:00:00,,,Women,Personal Care,Lips,Lip Gloss,Pink,Spring,Casual
56213,Estelle Women Gold Earrings,images\56213.jpg,191.85,1970-01-01 00:00:00,,,Women,Accessories,Jewellery,Earrings,Gold,Winter,Casual
15948,Turtle Men Stripes Burgundy Ties,images\15948.jpg,106.39,1970-01-01 00:00:00,,,Men,Accessories,Ties,Ties,Burgundy,Fall,Formal
40376,Tokyo Talkies Women Yellow Top,images\40376.jpg,34.58,1970-01-01 00:00:00,,,Women,Apparel,Topwear,Tops,Yellow,Summer,Casual
24633,ADIDAS Women Polka Pink Flip Flops,images\24633.jpg,38.59,1970-01-01 00:00:00,,,Women,Footwear,Flip Flops,Flip Flops,Pink,Fall,Casual
10406,United Colors of Benetton Women Solid Grey Dresses,images\10406.jpg,55.03,1970-01-01 00:00:00,,,Women,Apparel,Dress,Dresses,Grey,Fall,Casual
4523,Puma Men's Faas Blue White Silver Red Shoe,images\4523.jpg,25.59,1970-01-01 00:00:00,,,Men,Footwear,Shoes,Sports Shoes,Blue,Summer,Sports
45604,Arrow Men Brown Formal Shoes,images\45604.jpg,69.21,1970-01-01 00:00:00,,,Men,Footwear,Shoes,Formal Shoes,Brown,Summer,Formal
15174,Arrow Men Yellow Polo T-shirt,images\15174.jpg,78.27,1970-01-01 00:00:00,,,Men,Apparel,Topwear,Tshirts,Yellow,Fall,Casual
21341,Pal Zileri Men Casual Steel Frame Sunglasses,images\21341.jpg,105.23,1970-01-01 00:00:00,,,Men,Accessories,Eyewear,Sunglasses,Steel,Winter,Casual
53761,Puma Men Green and Blue T-shirt,images\53761.jpg,19.65,1970-01-01 00:00:00,,,Men,Apparel,Topwear,Tshirts,Green,Summer,Casual
37224,United Colors of Benetton Women Purple Shirt,images\37224.jpg,163.8,1970-01-01 00:00:00,,,Women,Apparel,Topwear,Shirts,Purple,Summer,Casual
32564,ONLY Women Orange Trousers,images\32564.jpg,14.4,1970-01-01 00:00:00,,,Women,Apparel,Bottomwear,Trousers,Orange,Summer,Casual
56021,Colorbar Soft Touch Venus Lipstick 034,images\56021.jpg,159.93,1970-01-01 00:00:00,,,Women,Personal Care,Lips,Lipstick,Mauve,Spring,Casual
24401,Vishudh Women Brown Printed Kurta,images\24401.jpg,53.98,1970-01-01 00:00:00,,,Women,Apparel,Topwear,Kurtas,Brown,Summer,Ethnic
10634,Carlton London Men Black Oxford Wingtip Brogues,images\10634.jpg,108.35,1970-01-01 00:00:00,,,Men,Footwear,Shoes,Formal Shoes,Black,Winter,Formal
40144,Gini and Jony Girls Pretty Blossom Pink Top,images\40144.jpg,123.13,1970-01-01 00:00:00,,,Girls,Apparel,Topwear,Tops,Pink,Summer,Casual
58987,Cavallini Women Deo,images\58987.jpg,144.71,1970-01-01 00:00:00,,,Women,Personal Care,Fragrance,Deodorant,Lavender,Spring,Casual
59069,Peri Peri Women White Bra,images\59069.jpg,184.92,1970-01-01 00:00:00,,,Women,Apparel,Innerwear,Bra,White,Summer,Casual
15346,Nike Men Special Edition 3 Star Beed Black Tshirts,images\15346.jpg,131.6,1970-01-01 00:00:00,,,Men,Apparel,Topwear,Tshirts,Black,Fall,Casual
52481,Red Rose Pink & Black Nightdress,images\52481.jpg,37.92,1970-01-01 00:00:00,,,Women,Apparel,Loungewear and Nightwear,Baby Dolls,Pink,Winter,Casual
21173,s.Oliver Women Grey Shirt,images\21173.jpg,150.48,1970-01-01 00:00:00,,,Women,Apparel,Topwear,Shirts,Grey,Fall,Casual
4711,ADIDAS Unisex Toronto Hand Black Watch,images\4711.jpg,109.56,1970-01-01 00:00:00,,,Unisex,Accessories,Watches,Watches,Black,Winter,Sports
40978,Gini and Jony Boys United Red T-shirt,images\40978.jpg,60.47,1970-01-01 00:00:00,,,Boys,Apparel,Topwear,Tshirts,Red,Summer,Casual
14294,Classic Polo Men Stripes Black Tshirts,images\14294.jpg,13.94,1970-01-01 00:00:00,,,Men,Apparel,Topwear,Tshirts,Black,Fall,Casual
17411,Lotto Men Basketball Mid White Sports Shoe,images\17411.jpg,41.75,1970-01-01 00:00:00,,,Men,Footwear,Shoes,Sports Shoes,White,Fall,Sports
9832,Little Miss Women Printed Rust T-shirt,images\9832.jpg,185.72,1970-01-01 00:00:00,,,Women,Apparel,Topwear,Tshirts,Orange,Fall,Casual
23624,Doodle Kids Girls White I love Shopping Top,images\23624.jpg,146.48,1970-01-01 00:00:00,,,Girls,Apparel,Topwear,Tops,White,Fall,Casual
6046,UCB Men Logo Chest Green Shirt,images\6046.jpg,139.59,1970-01-01 00:00:00,,,Men,Apparel,Topwear,Shirts,Green,Summer,Casual
34693,Allen Solly Kids Girls Poplin Pink Shorts,images\34693.jpg,73.06,1970-01-01 00:00:00,,,Girls,Apparel,Bottomwear,Shorts,Pink,Summer,Casual
47361,Baggit Women Black Voodoo Gang Handbag,images\47361.jpg,106.67,1970-01-01 00:00:00,,,Women,Accessories,Bags,Handbags,Black,Summer,Casual
7194,Jealous 21 Women's BFF Printed White Top,images\7194.jpg,51.17,1970-01-01 00:00:00,,,Women,Apparel,Topwear,Tops,White,Fall,Casual
51204,Enamor Women Peach Bra,images\51204.jpg,118.39,1970-01-01 00:00:00,,,Women,Apparel,Innerwear,Bra,Peach,Summer,Casual
30233,Numero Uno Men White Shoes,images\30233.jpg,147.57,1970-01-01 00:00:00,,,Men,Footwear,Shoes,Casual Shoes,White,Summer,Casual
48329,Pitaraa Women Purple Sling Bag,images\48329.jpg,151.74,1970-01-01 00:00:00,,,Women,Accessories,Bags,Handbags,Purple,Summer,Casual
18459,David Beckham Intimately Men Deos,images\18459.jpg,104.66,1970-01-01 00:00:00,,,Men,Personal Care,Fragrance,Deodorant,White,Spring,Casual
27284,Mother Earth Women Dark Brown Kurta,images\27284.jpg,46.46,1970-01-01 00:00:00,,,Women,Apparel,Topwear,Kurtas,Brown,Fall,Ethnic
12163,Aurelia Women Solid Purple Leggings,images\12163.jpg,46.07,1970-01-01 00:00:00,,,Women,Apparel,Bottomwear,Leggings,Purple,Fall,Ethnic
42613,Estelle Women Gold Earring & Pendant Set,images\42613.jpg,143.45,1970-01-01 00:00:00,,,Women,Accessories,Jewellery,Jewellery Set,Gold,Winter,Casual
3534,Myntra Women's I Want You Black T-shirt,images\3534.jpg,70.23,1970-01-01 00:00:00,,,Women,Apparel,Topwear,Tshirts,Black,Summer,Casual
24065,Locomotive Men Checked Green Shirt,images\24065.jpg,177.97,1970-01-01 00:00:00,,,Men,Apparel,Topwear,Shirts,Green,Fall,Casual
10250,Murcia Women Hahk Brown Handbags,images\10250.jpg,28.26,1970-01-01 00:00:00,,,Women,Accessories,Bags,Handbags,Brown,Winter,Casual
57597,Lotus Herbals Moistpetals Rudy Pink Lipstick 140,images\57597.jpg,182.5,1970-01-01 00:00:00,,,Women,Personal Care,Lips,Lipstick,Pink,Spring,Casual
40520,Titan Men Cream Dial Watch,images\40520.jpg,168.29,1970-01-01 00:00:00,,,Men,Accessories,Watches,Watches,Cream,Winter,Casual
1607,Reebok Men trackpant- male Track Pants,images\1607.jpg,163.2,1970-01-01 00:00:00,,,Men,Apparel,Bottomwear,Track Pants,Blue,Fall,Sports
11382,United Colors Of Benetton Women Light Winter Grey T-Shirts,images\11382.jpg,96.56,1970-01-01 00:00:00,,,Women,Apparel,Topwear,Tshirts,Grey,Fall,Casual
44180,Nike Fragrances Women Spicy Love Perfume 150 ml,images\44180.jpg,182.76,1970-01-01 00:00:00,,,Women,Personal Care,Fragrance,Perfume and Body Mist,White,Spring,Casual
37472,Esprit Men Grey Dial Watch,images\37472.jpg,170.87,1970-01-01 00:00:00,,,Men,Accessories,Watches,Watches,Grey,Winter,Casual
53137,Catwalk Women Brown Sandals,images\53137.jpg,51.93,1970-01-01 00:00:00,,,Women,Footwear,Shoes,Flats,Brown,Winter,Casual
15722,Nike Men Lunarswift+ 3 Shield Grey Sports Shoes,images\15722.jpg,23.53,1970-01-01 00:00:00,,,Men,Footwear,Shoes,Sports Shoes,Grey,Fall,Sports
4375,Marvel Comics Men's Comic Poses Navy T-shirt,images\4375.jpg,122.27,1970-01-01 00:00:00,,,Men,Apparel,Topwear,Tshirts,Navy Blue,Summer,Casual
35325,Fabindia Women Anusuya Silver Earrings,images\35325.jpg,165.13,1970-01-01 00:00:00,,,Women,Accessories,Jewellery,Earrings,Silver,Winter,Ethnic
22392,ADIDAS Women Whalf Striper White Top,images\22392.jpg,173.48,1970-01-01 00:00:00,,,Women,Apparel,Topwear,Tops,White,Fall,Casual
51660,Fossil Men Black Dial Watch AM4384,images\51660.jpg,63.94,1970-01-01 00:00:00,,,Men,Accessories,Watches,Watches,Black,Winter,Casual
17075,Lino Perros Women Weaved  Navy Blue Belt,images\17075.jpg,185.2,1970-01-01 00:00:00,,,Women,Accessories,Belts,Belts,Navy Blue,Winter,Casual
23240,Aneri Women Ashna Blue Kurta,images\23240.jpg,115.21,1970-01-01 00:00:00,,,Women,Apparel,Topwear,Kurtas,Blue,Fall,Ethnic
6422,Lotto Unisex Canvas Black Grey Shoe,images\6422.jpg,31.53,1970-01-01 00:00:00,,,Unisex,Footwear,Shoes,Casual Shoes,Black,Summer,Casual
18801,Peter England Men Casual Brown Belt,images\18801.jpg,96.9,1970-01-01 00:00:00,,,Men,Accessories,Belts,Belts,Brown,Summer,Casual
26732,Reebok Women Reestyle Deo,images\26732.jpg,42.89,1970-01-01 00:00:00,,,Women,Personal Care,Fragrance,Deodorant,Purple,Spring,Casual
12507,Red Tape Men Casual Black Casual Shoes,images\12507.jpg,45.37,1970-01-01 00:00:00,,,Men,Footwear,Shoes,Casual Shoes,Black,Winter,Casual
31785,Lee Women Katie Navy Blue Top,images\31785.jpg,88.58,1970-01-01 00:00:00,,,Women,Apparel,Topwear,Tops,Navy Blue,Summer,Casual
3150,Nike Men's Lunarswift Black Shoe,images\3150.jpg,187.55,1970-01-01 00:00:00,,,Men,Footwear,Shoes,Sports Shoes,Black,Fall,Sports
17849,Flying Machine Women This & That Grey Tshirt,images\17849.jpg,106.28,1970-01-01 00:00:00,,,Women,Apparel,Topwear,Tshirts,Grey,Fall,Casual
29548,Classic Polo Men Printed Navy Blue T-shirt,images\29548.jpg,28.09,1970-01-01 00:00:00,,,Men,Apparel,Topwear,Tshirts,Navy Blue,Summer,Casual
42879,French Connection Women Black Buffy Clutch,images\42879.jpg,51.69,1970-01-01 00:00:00,,,Women,Accessories,Bags,Clutches,Black,Summer,Casual
16395,Levis Men Check Black Shirts,images\16395.jpg,90.14,1970-01-01 00:00:00,,,Men,Apparel,Topwear,Shirts,Black,Fall,Casual
51452,Tonga Women White & Pink Top,images\51452.jpg,54.36,1970-01-01 00:00:00,,,Women,Apparel,Topwear,Tops,White,Summer,Casual
6610,Spykar Men's Stinger Basket Ball Team White Blue Stripes T-shirt,images\6610.jpg,60.26,1970-01-01 00:00:00,,,Men,Apparel,Topwear,Tshirts,White,Summer,Casual
47537,Portia Women Brown Flats,images\47537.jpg,110.82,1970-01-01 00:00:00,,,Women,Footwear,Shoes,Flats,Brown,Winter,Casual
17247,U.S. Polo Assn. Men Stripes Blue Polo Tshirt,images\17247.jpg,171.86,1970-01-01 00:00:00,,,Men,Apparel,Topwear,Tshirts,Blue,Fall,Casual
23072,Arrow Men Navy Blue Solid Trousers,images\23072.jpg,45.44,1970-01-01 00:00:00,,,Men,Apparel,Bottomwear,Trousers,Navy Blue,Winter,Formal
42045,Nike Men Wardour Chukka Yellow Casual Shoes,images\42045.jpg,133.09,1970-01-01 00:00:00,,,Men,Footwear,Shoes,Casual Shoes,Yellow,Summer,Casual
3362,Myntra Men's Creative designs Black T-shirt,images\3362.jpg,64.09,1970-01-01 00:00:00,,,Men,Apparel,Topwear,Tshirts,Black,Summer,Casual
12735,Nike Unisex U Black Caps,images\12735.jpg,53.88,1970-01-01 00:00:00,,,Unisex,Accessories,Headwear,Caps,Black,Fall,Sports
54120,Rocia Women Beige Flats,images\54120.jpg,55.75,1970-01-01 00:00:00,,,Women,Footwear,Shoes,Flats,Beige,Winter,Casual
30465,Lovable Women All Day Long Black Bra,images\30465.jpg,133.64,1970-01-01 00:00:00,,,Women,Apparel,Innerwear,Bra,Black,Summer,Casual
9658,Indigo Nation Men Reversible Bling Maroon Shirt,images\9658.jpg,168.25,1970-01-01 00:00:00,,,Men,Apparel,Topwear,Shirts,Maroon,Fall,Casual
43197,Fastrack Women Grey Dial Watch,images\43197.jpg,117.46,1970-01-01 00:00:00,,,Women,Accessories,Watches,Watches,Grey,Winter,Casual
38608,Nike Men Grey T-shirt,images\38608.jpg,67.92,1970-01-01 00:00:00,,,Men,Apparel,Topwear,Tshirts,Grey,Summer,Casual
24257,Numero Uno Men Navy Blue Casual Shoes,images\24257.jpg,48.21,1970-01-01 00:00:00,,,Men,Footwear,Shoes,Casual Shoes,Navy Blue,Summer,Casual
10062,Puma Men Puma runhard tee Grey Tshirts,images\10062.jpg,140.68,1970-01-01 00:00:00,,,Men,Apparel,Topwear,Tshirts,Grey,Fall,Casual
56677,Maxima Men White Dial Watch,images\56677.jpg,196.26,1970-01-01 00:00:00,,,Men,Accessories,Watches,Watches,White,Winter,Casual
25385,Levis Men Navy Blue Briefs,images\25385.jpg,14.58,1970-01-01 00:00:00,,,Men,Apparel,Innerwear,Briefs,Navy Blue,Summer,Casual
32332,Q&Q Men Steel Digital Watch,images\32332.jpg,90.57,1970-01-01 00:00:00,,,Men,Accessories,Watches,Watches,Steel,Winter,Casual
5095,Wrangler Men's Greensboro Raw Edge Blue T-shirt,images\5095.jpg,29.11,1970-01-01 00:00:00,,,Men,Apparel,Topwear,Tshirts,Blue,Summer,Casual
37640,Wills Lifestyle Women Red Clutch,images\37640.jpg,60.58,1970-01-01 00:00:00,,,Women,Accessories,Bags,Clutches,Red,Summer,Casual
4147,Nike Women Glide White Grey Shoe,images\4147.jpg,179.24,1970-01-01 00:00:00,,,Women,Footwear,Shoes,Sports Shoes,White,Summer,Sports
36792,Maxima Men Black Dial Attivo Watch,images\36792.jpg,122.62,1970-01-01 00:00:00,,,Men,Accessories,Watches,Watches,Black,Winter,Casual
45260,CASIO G-Shock Men Black Digital Watch DW-5600E-1VDF G001,images\45260.jpg,85.93,1970-01-01 00:00:00,,,Men,Accessories,Watches,Watches,Black,Winter,Casual
15510,Rockport Men CV Toe HI Charcoal Casual Shoes,images\15510.jpg,93.71,1970-01-01 00:00:00,,,Men,Footwear,Shoes,Casual Shoes,Charcoal,Fall,Casual
21725,ADIDAS Men Navy Blue Sweatshirt,images\21725.jpg,142.67,1970-01-01 00:00:00,,,Men,Apparel,Topwear,Sweatshirts,Navy Blue,Fall,Casual
34038,Gini and Jony Boys Check Red Shirt,images\34038.jpg,141.63,1970-01-01 00:00:00,,,Boys,Apparel,Topwear,Shirts,Red,Summer,Casual
43956,Puma Women Purple Techno Sandals,images\43956.jpg,20.84,1970-01-01 00:00:00,,,Women,Footwear,Sandal,Sports Sandals,Purple,Summer,Casual
28467,Urban Yoga Women Printed Rust T-shirt,images\28467.jpg,84.19,1970-01-01 00:00:00,,,Women,Apparel,Topwear,Tshirts,Rust,Summer,Casual
16368,Peter England Men Stripes Charcoal Trouser,images\16368.jpg,36.23,1970-01-01 00:00:00,,,Men,Apparel,Bottomwear,Trousers,Charcoal,Fall,Formal
42884,French Connection Women Beige Clutch,images\42884.jpg,135.25,1970-01-01 00:00:00,,,Women,Accessories,Bags,Clutches,Beige,Summer,Casual
55833,Colorbar Glamour Radiant Glow 001,images\55833.jpg,78.09,1970-01-01 00:00:00,,,Women,Personal Care,Makeup,Highlighter and Blush,Skin,Spring,Casual
46418,Timex Men Olive Green Dial Watch DV10,images\46418.jpg,149.2,1970-01-01 00:00:00,,,Men,Accessories,Watches,Watches,Olive,Winter,Casual
48582,Revv Men Steel Bracelet,images\48582.jpg,99.4,1970-01-01 00:00:00,,,Men,Accessories,Jewellery,Bracelet,Steel,Summer,Casual
30498,Lovable Women Fiona Brown Bra,images\30498.jpg,111.88,1970-01-01 00:00:00,,,Women,Apparel,Innerwear,Bra,Brown,Summer,Casual
8777,Indigo Nation Men Price catch Blue Shirts,images\8777.jpg,59.54,1970-01-01 00:00:00,,,Men,Apparel,Topwear,Shirts,Blue,Fall,Casual
19320,Nike Unisex Classic Turf Pink Backpack,images\19320.jpg,101.26,1970-01-01 00:00:00,,,Unisex,Accessories,Bags,Backpacks,Pink,Fall,Casual
25378,Levis Men Beige Innerwear T-shirt,images\25378.jpg,111.49,1970-01-01 00:00:00,,,Men,Apparel,Innerwear,Innerwear Vests,Beige,Summer,Casual
4986,ADIDAS Men Bayern Munchen Red Jersey,images\4986.jpg,21.45,1970-01-01 00:00:00,,,Men,Apparel,Topwear,Tshirts,Red,Summer,Sports
39727,Arrow Woman Blue Shirt,images\39727.jpg,198.91,1970-01-01 00:00:00,,,Women,Apparel,Topwear,Shirts,Blue,Summer,Formal
57758,Lotus Herbals Jojobawash Face Wash,images\57758.jpg,68.97,1970-01-01 00:00:00,,,Women,Personal Care,Skin Care,Face Wash and Cleanser,White,Spring,
5854,ADIDAS Women Pink Handbag,images\5854.jpg,31.94,1970-01-01 00:00:00,,,Women,Accessories,Bags,Handbags,Pink,Summer,Casual
11971,Fila Men Glow White Sports Shoes,images\11971.jpg,109.35,1970-01-01 00:00:00,,,Men,Footwear,Shoes,Sports Shoes,White,Fall,Sports
5068,Being Human Men Grey Dial Blue Strap Watch,images\5068.jpg,110.07,1970-01-01 00:00:00,,,Men,Accessories,Watches,Watches,Blue,Winter,Casual
39515,Peter England Unisex Brown Laptop Bag,images\39515.jpg,27.71,1970-01-01 00:00:00,,,Unisex,Accessories,Bags,Laptop Bag,Brown,Summer,Casual
45893,Maxima Ssteele Men Black Dial Watch,images\45893.jpg,101.79,1970-01-01 00:00:00,,,Men,Accessories,Watches,Watches,Black,Winter,Casual
44941,Franco Leone Men Formal Shoes,images\44941.jpg,154.05,1970-01-01 00:00:00,,,Men,Footwear,Shoes,Formal Shoes,Black,Summer,Formal
24098,Red Tape Men Black Sandals,images\24098.jpg,134.33,1970-01-01 00:00:00,,,Men,Footwear,Sandal,Sandals,Black,Summer,Casual
4388,DC Comics Lantern Arrow All Over Green T-shirt,images\4388.jpg,199.12,1970-01-01 00:00:00,,,Men,Apparel,Topwear,Tshirts,Green,Summer,Casual
58522,Wildcraft Unisex Rust Orange Travel Pouch,images\58522.jpg,107.55,1970-01-01 00:00:00,,,Unisex,Accessories,Accessories,Travel Accessory,Rust,Summer,Casual
28655,Nike Men Zoom Structure White Sports Shoes,images\28655.jpg,37.15,1970-01-01 00:00:00,,,Men,Footwear,Shoes,Sports Shoes,White,Summer,Sports
2843,Mr.Men Men's Mr.Mischief Pink T-shirt,images\2843.jpg,92.92,1970-01-01 00:00:00,,,Men,Apparel,Topwear,Tshirts,Pink,Summer,Casual
17088,Lino Perros Women Flower LT.Brown Wallet,images\17088.jpg,141.3,1970-01-01 00:00:00,,,Women,Accessories,Wallets,Wallets,Brown,Winter,Casual
3991,Mr.Men Men's Wave Rider White T-shirt,images\3991.jpg,33.28,1970-01-01 00:00:00,,,Men,Apparel,Topwear,Tshirts,White,Summer,Casual
29787,Basics Men White T-shirt,images\29787.jpg,93.19,1970-01-01 00:00:00,,,Men,Apparel,Topwear,Tshirts,White,Summer,Casual
9497,Decathlon Men Arpenaz Black Sandals,images\9497.jpg,64.9,1970-01-01 00:00:00,,,Men,Footwear,Sandal,Sandals,Black,Summer,Casual
13428,United Colors of Benetton Men Printed White Tshirts,images\13428.jpg,100.32,1970-01-01 00:00:00,,,Men,Apparel,Topwear,Tshirts,White,Summer,Casual
19112,Campbell Men Pack of 3 Solid Tshirts,images\19112.jpg,170.51,1970-01-01 00:00:00,,,Men,Apparel,Topwear,Tshirts,Grey,Summer,Casual
16966,Reebok Men Sprintfit Lite Black Sports Shoe,images\16966.jpg,38.97,1970-01-01 00:00:00,,,Men,Footwear,Shoes,Sports Shoes,Black,Fall,Sports
49662,United Colors of Benetton Women Sunglass,images\49662.jpg,46.16,1970-01-01 00:00:00,,,Women,Accessories,Eyewear,Sunglasses,Black,Winter,Casual
20860,United Colors of Benetton Women Casual Sunglasses,images\20860.jpg,33.19,1970-01-01 00:00:00,,,Women,Accessories,Eyewear,Sunglasses,Black,Winter,Casual
32599,ONLY Women Black Top,images\32599.jpg,94.94,1970-01-01 00:00:00,,,Women,Apparel,Topwear,Tops,Black,Summer,Casual
39171,Aneri Women Pink & White Kurta,images\39171.jpg,81.12,1970-01-01 00:00:00,,,Women,Apparel,Topwear,Kurtas,Pink,Summer,Ethnic
36905,Fossil Men Black Dial Watch ME1113,images\36905.jpg,189.23,1970-01-01 00:00:00,,,Men,Accessories,Watches,Watches,Black,Winter,Casual
57932,French Connection Men White T-shirt,images\57932.jpg,102.97,1970-01-01 00:00:00,,,Men,Apparel,Topwear,Tshirts,White,Summer,Casual
58146,Puma Unisex Black Backpack,images\58146.jpg,159.48,1970-01-01 00:00:00,,,Unisex,Accessories,Bags,Backpacks,Black,Summer,Casual
40985,Gini and Jony Boys United White T-shirt,images\40985.jpg,120.96,1970-01-01 00:00:00,,,Boys,Apparel,Topwear,Tshirts,White,Summer,Casual
41857,Bata Men Hummer Grey Sandals,images\41857.jpg,65.13,1970-01-01 00:00:00,,,Men,Footwear,Sandal,Sandals,Olive,Summer,Casual
59094,Peri Peri Women Black Bra,images\59094.jpg,173.77,1970-01-01 00:00:00,,,Women,Apparel,Innerwear,Bra,Black,Summer,Casual
36139,Nike Men The Overplay VII Black Sports Shoes,images\36139.jpg,120.96,1970-01-01 00:00:00,,,Men,Footwear,Shoes,Sports Shoes,Black,Summer,Sports
7169,Scullers Men Scul Navy Blue Shirt,images\7169.jpg,74.37,1970-01-01 00:00:00,,,Men,Apparel,Topwear,Shirts,Blue,Fall,Casual
28231,Playboy Men Malibu Deo,images\28231.jpg,190.29,1970-01-01 00:00:00,,,Men,Personal Care,Fragrance,Deodorant,Black,Spring,Casual
13870,Scullers Men Stripes Beige Shirts,images\13870.jpg,48.66,1970-01-01 00:00:00,,,Men,Apparel,Topwear,Shirts,Beige,Fall,Casual
19576,United Colors of Benetton Women White Top,images\19576.jpg,192.12,1970-01-01 00:00:00,,,Women,Apparel,Topwear,Tops,White,Summer,Casual
7955,Puma Men's Foundation Grey Polo T-shirt,images\7955.jpg,104.19,1970-01-01 00:00:00,,,Men,Apparel,Topwear,Tshirts,Grey,Fall,Sports
8121,Fastrack Men Brown Belt,images\8121.jpg,176.23,1970-01-01 00:00:00,,,Men,Accessories,Belts,Belts,Brown,Winter,Casual
27279,Mother Earth Women Blue Kurta,images\27279.jpg,56.06,1970-01-01 00:00:00,,,Women,Apparel,Topwear,Kurtas,Blue,Fall,Ethnic
6887,Forever New Women Indigo Wash Blue Jacket,images\6887.jpg,107.64,1970-01-01 00:00:00,,,Women,Apparel,Topwear,Jackets,Blue,Summer,Casual
31912,Fabindia Women Green Sling Bag,images\31912.jpg,195.88,1970-01-01 00:00:00,,,Women,Accessories,Bags,Handbags,Green,Summer,Casual
49808,iPanema Women Blue Flip Flops,images\49808.jpg,76.69,1970-01-01 00:00:00,,,Women,Footwear,Flip Flops,Flip Flops,Blue,Winter,Casual
22539,Inc.5  Women Grey Flats,images\22539.jpg,156.6,1970-01-01 00:00:00,,,Women,Footwear,Shoes,Heels,Brown,Winter,Casual
27877,Scullers For Her Women Printed Navy Blue Shirt,images\27877.jpg,43.22,1970-01-01 00:00:00,,,Women,Apparel,Topwear,Shirts,Navy Blue,Summer,Casual
6289,Classic Polo Classic Polo Swiss Brown Tee T-Shirt,images\6289.jpg,93.25,1970-01-01 00:00:00,,,Men,Apparel,Topwear,Tshirts,Brown,Summer,Casual
28003,Jockey ZONE Men Zone White Brief US18,images\28003.jpg,145.62,1970-01-01 00:00:00,,,Men,Apparel,Innerwear,Briefs,White,Summer,Casual
8313,Fastrack Women Nylon Black Handbag,images\8313.jpg,172.04,1970-01-01 00:00:00,,,Women,Accessories,Bags,Handbags,Black,Winter,Casual
49034,Lucera Women Silver Ring,images\49034.jpg,167.87,1970-01-01 00:00:00,,,Women,Accessories,Jewellery,Ring,Silver,Summer,Casual
19744,ADIDAS Originals Men Solid Green Jacket,images\19744.jpg,98.12,1970-01-01 00:00:00,,,Men,Apparel,Topwear,Jackets,Green,Fall,Casual
26199,Formula 1 Men Power Perfume,images\26199.jpg,35.05,1970-01-01 00:00:00,,,Men,Personal Care,Fragrance,Perfume and Body Mist,Black,Spring,Casual
47992,Helix Women Black Watch,images\47992.jpg,49.07,1970-01-01 00:00:00,,,Women,Accessories,Watches,Watches,Black,Winter,Casual
18696,Hanes Men Black Ultimate Duo Dry Cotton Stretch Bikini Briefs,images\18696.jpg,42.7,1970-01-01 00:00:00,,,Men,Apparel,Innerwear,Briefs,Black,Summer,Casual
2629,Carlton London Women Four Strapped Black Sandal,images\2629.jpg,65.73,1970-01-01 00:00:00,,,Women,Footwear,Shoes,Flats,Black,Fall,Casual
14867,United Colors of Benetton Men Solid Black Wallets,images\14867.jpg,83.8,1970-01-01 00:00:00,,,Men,Accessories,Wallets,Wallets,Black,Summer,Casual
38291,Reid & Taylor Men Black Wallet,images\38291.jpg,157.46,1970-01-01 00:00:00,,,Men,Accessories,Wallets,Wallets,Black,Summer,Casual
11529,United Colors Of Benetton Men Heavy Winter Grey Sweaters,images\11529.jpg,135.85,1970-01-01 00:00:00,,,Men,Apparel,Topwear,Sweaters,Grey,Fall,Casual
41259,Arrow Men Brown Leather Wallet,images\41259.jpg,115.02,1970-01-01 00:00:00,,,Men,Accessories,Wallets,Wallets,Brown,Summer,Casual
1890,FIFA Mens Essentials Red T-shirt,images\1890.jpg,113.14,1970-01-01 00:00:00,,,Men,Apparel,Topwear,Tshirts,Red,Winter,Casual
15189,Arrow Sport Men Solid Green Polo Tshirts,images\15189.jpg,180.31,1970-01-01 00:00:00,,,Men,Apparel,Topwear,Tshirts,Green,Fall,Casual
24408,ADIDAS Men Black Vanquish Sports Shoes,images\24408.jpg,136.54,1970-01-01 00:00:00,,,Men,Footwear,Shoes,Sports Shoes,Black,Summer,Sports
20894,Basics Men Red Casual Shoes,images\20894.jpg,66.81,1970-01-01 00:00:00,,,Men,Footwear,Shoes,Casual Shoes,Red,Fall,Casual
21946,Murcia Women Casual Black Handbag,images\21946.jpg,95.33,1970-01-01 00:00:00,,,Women,Accessories,Bags,Handbags,Black,Winter,Casual
39185,Aneri Women Khaki Kurta,images\39185.jpg,110.25,1970-01-01 00:00:00,,,Women,Apparel,Topwear,Kurtas,Khaki,Summer,Ethnic
56028,Colorbar Soft Touch Spring Fling Lipstick 023,images\56028.jpg,134.05,1970-01-01 00:00:00,,,Women,Personal Care,Lips,Lipstick,Maroon,Spring,Casual
40971,Buckaroo Men Brown Casual Shoes,images\40971.jpg,14.19,1970-01-01 00:00:00,,,Men,Footwear,Shoes,Casual Shoes,Brown,Winter,Casual
52488,Red Rose Red Camisole,images\52488.jpg,184.31,1970-01-01 00:00:00,,,Women,Apparel,Innerwear,Camisoles,Red,Winter,Casual
59060,Global Desi Women Multi Coloured Kurta,images\59060.jpg,102.28,1970-01-01 00:00:00,,,Women,Apparel,Topwear,Kurtas,Red,Summer,Ethnic
4718,Disney Kids Girl's Summer Fun Fair Yellow Teen Kidswear,images\4718.jpg,67.3,1970-01-01 00:00:00,,,Girls,Apparel,Topwear,Tshirts,Yellow,Summer,Casual
56814,Aneri Women Multi Coloured Kurti,images\56814.jpg,12.68,1970-01-01 00:00:00,,,Women,Apparel,Topwear,Kurtis,Multi,Summer,Ethnic
12956,ADIDAS Men Sports Blue Sports Shoes,images\12956.jpg,111.75,1970-01-01 00:00:00,,,Men,Footwear,Shoes,Sports Shoes,Blue,Fall,Sports
29317,ADIDAS Unisex Blue Backpack,images\29317.jpg,31.38,1970-01-01 00:00:00,,,Unisex,Accessories,Bags,Backpacks,Blue,Summer,Casual
17418,CASIO ENTICER Men Black Analogue Watch BS112 ,images\17418.jpg,107.29,1970-01-01 00:00:00,,,Men,Accessories,Watches,Watches,Black,Winter,Casual
47368,Baggit Brown Handbag,images\47368.jpg,127.41,1970-01-01 00:00:00,,,Women,Accessories,Bags,Handbags,Brown,Summer,Casual
13884,Scullers Men Check Black Shirts,images\13884.jpg,45.73,1970-01-01 00:00:00,,,Men,Apparel,Topwear,Shirts,Black,Fall,Casual
19582,United Colors of Benetton Men Printed Grey TShirt,images\19582.jpg,21.86,1970-01-01 00:00:00,,,Men,Apparel,Topwear,Tshirts,Grey,Summer,Casual
48320,Pitaraa Silver Omelette Thin Bracelet,images\48320.jpg,66.18,1970-01-01 00:00:00,,,Women,Accessories,Jewellery,Bracelet,Silver,Winter,Casual
9007,Murcia Women Silver Black Purse Silver Handbags,images\9007.jpg,80.31,1970-01-01 00:00:00,,,Women,Accessories,Bags,Handbags,Silver,Winter,Casual
6873,Forever New Women's Top Black Dress,images\6873.jpg,175.61,1970-01-01 00:00:00,,,Women,Apparel,Dress,Dresses,Black,Summer,Casual
18450,Ed Hardy Life Love & Luck by Christian Audigier for Women Perfume,images\18450.jpg,94.77,1970-01-01 00:00:00,,,Women,Personal Care,Fragrance,Perfume and Body Mist,White,Spring,Casual
29125,Vogue Women White Sunglasses,images\29125.jpg,170.6,1970-01-01 00:00:00,,,Women,Accessories,Eyewear,Sunglasses,White,Winter,Casual
26951,Jealous 21 Women Printed Teal T-shirt,images\26951.jpg,194.32,1970-01-01 00:00:00,,,Women,Apparel,Topwear,Tshirts,Teal,Summer,Casual
27883,Scullers For Her Women Pink Shirt,images\27883.jpg,128.96,1970-01-01 00:00:00,,,Women,Apparel,Topwear,Tshirts,Pink,Summer,Casual
30834,Fabindia Women Blue Kurta,images\30834.jpg,25.4,1970-01-01 00:00:00,,,Women,Apparel,Topwear,Kurtas,Blue,Summer,Ethnic
29919,Police Men Black Dial Chronograph Watch PL12699JS-02,images\29919.jpg,38.97,1970-01-01 00:00:00,,,Men,Accessories,Watches,Watches,Black,Winter,Casual
42428,Aurelia Women Brown & Orange Kurta,images\42428.jpg,111.29,1970-01-01 00:00:00,,,Women,Apparel,Topwear,Kurtas,Brown,Summer,Ethnic
12358,Reid & Taylor Men Solid Cream Shirts,images\12358.jpg,198.21,1970-01-01 00:00:00,,,Men,Apparel,Topwear,Shirts,Cream,Fall,Formal
48112,Fossil Women Brown Belt,images\48112.jpg,64.59,1970-01-01 00:00:00,,,Women,Accessories,Belts,Belts,Brown,Summer,Casual
9235,Mark Taylor Men Plain Blue Shirts,images\9235.jpg,52.0,1970-01-01 00:00:00,,,Men,Apparel,Topwear,Shirts,Blue,Fall,Formal
14893,United Colors of Benetton Women Solid Blue Bags,images\14893.jpg,65.68,1970-01-01 00:00:00,,,Women,Accessories,Accessories,Travel Accessory,Blue,Summer,Casual
15941,Turtle Men Leather Black Belts,images\15941.jpg,47.9,1970-01-01 00:00:00,,,Men,Accessories,Belts,Belts,Black,Fall,Casual
53768,Puma Men Blue T-shirt,images\53768.jpg,194.8,1970-01-01 00:00:00,,,Men,Apparel,Topwear,Tshirts,Blue,Summer,Casual
21348,Pal Zileri Men Casual Metal Frame Sunglasses,images\21348.jpg,135.58,1970-01-01 00:00:00,,,Men,Accessories,Eyewear,Sunglasses,Silver,Winter,Casual
59252,Titan Men White Dial Automatic Watch NB9365SL01,images\59252.jpg,76.32,1970-01-01 00:00:00,,,Men,Accessories,Watches,Watches,White,Winter,Casual
6619,ADIDAS Men's Boris White Shoe,images\6619.jpg,63.82,1970-01-01 00:00:00,,,Men,Footwear,Shoes,Sports Shoes,White,Summer,Sports
54915,Do u speak Cream Men T-shirt,images\54915.jpg,137.23,1970-01-01 00:00:00,,,Men,Apparel,Topwear,Tshirts,Cream,Summer,Casual
50589,Chromozome Men Navy Blue Briefs,images\50589.jpg,61.61,1970-01-01 00:00:00,,,Men,Apparel,Innerwear,Briefs,Navy Blue,Summer,Casual
42870,French Connection Women Purple Handbag,images\42870.jpg,136.04,1970-01-01 00:00:00,,,Women,Accessories,Bags,Handbags,Purple,Summer,Casual
18206,Manchester United Men Solid Black Cap,images\18206.jpg,76.81,1970-01-01 00:00:00,,,Men,Accessories,Headwear,Caps,Black,Fall,Casual
54129,Rocia Women Beige Flats,images\54129.jpg,194.36,1970-01-01 00:00:00,,,Women,Footwear,Shoes,Heels,Beige,Winter,Casual
23847,ADIDAS Men White Duramo 3 Sports Shoes,images\23847.jpg,190.09,1970-01-01 00:00:00,,,Men,Footwear,Shoes,Sports Shoes,White,Fall,Sports
48576,Revv Men Steel Bracelet,images\48576.jpg,92.73,1970-01-01 00:00:00,,,Men,Accessories,Jewellery,Bracelet,Steel,Summer,Casual
9651,Indigo Nation Men Checks Green Shirts,images\9651.jpg,123.83,1970-01-01 00:00:00,,,Men,Apparel,Topwear,Shirts,Green,Fall,Casual
8783,Indigo Nation Men Bling PC Red Shirt,images\8783.jpg,12.73,1970-01-01 00:00:00,,,Men,Apparel,Topwear,Shirts,Red,Fall,Casual
4972,Gini and Jony Boy's Kangaroo Green White Kidswear,images\4972.jpg,27.46,1970-01-01 00:00:00,,,Men,Apparel,Topwear,Shirts,Green,Summer,Casual
38601,Nike Men Printed Red T-shirt,images\38601.jpg,38.59,1970-01-01 00:00:00,,,Men,Apparel,Topwear,Tshirts,Red,Summer,Casual
45269,CASIO Youth Series Digital Men Black Small Dial Digital Watch W-210-1CVDF I065,images\45269.jpg,49.44,1970-01-01 00:00:00,,,Men,Accessories,Watches,Watches,Black,Summer,Casual
11985,Fila Men Glow Black Sports Shoes,images\11985.jpg,44.62,1970-01-01 00:00:00,,,Men,Footwear,Shoes,Sports Shoes,Black,Fall,Sports
59636,FNF Sea Green Collection For Wedding Sari,images\59636.jpg,195.08,1970-01-01 00:00:00,,,Women,Apparel,Saree,Sarees,Sea Green,Fall,Ethnic
15519,Rockport Men Jelba Brown Flip Flops,images\15519.jpg,78.23,1970-01-01 00:00:00,,,Men,Footwear,Flip Flops,Flip Flops,Brown,Fall,Casual
10857,Wrangler Men Rider Striper Polo White T-Shirts,images\10857.jpg,136.36,1970-01-01 00:00:00,,,Men,Apparel,Topwear,Tshirts,White,Fall,Casual
10259,John Miller Men Reglur Black Trousers,images\10259.jpg,121.09,1970-01-01 00:00:00,,,Men,Apparel,Bottomwear,Trousers,Black,Fall,Formal
53902,Kiara Women Brown Handbag,images\53902.jpg,199.34,1970-01-01 00:00:00,,,Women,Accessories,Bags,Handbags,Brown,Summer,Casual
38433,Baggit Women Green Mobile Pouch,images\38433.jpg,14.72,1970-01-01 00:00:00,,,Women,Accessories,Bags,Mobile Pouch,Green,Summer,Casual
40529,Titan Women White Dial Watch,images\40529.jpg,177.5,1970-01-01 00:00:00,,,Women,Accessories,Watches,Watches,White,Winter,Casual
59404,Tokyo Talkies Women Blue Top,images\59404.jpg,161.03,1970-01-01 00:00:00,,,Women,Apparel,Topwear,Tops,Blue,Fall,Casual
25982,J. DEL POZO Women In White Perfume 100 ml,images\25982.jpg,51.68,1970-01-01 00:00:00,,,Women,Personal Care,Fragrance,Perfume and Body Mist,White,Spring,Casual
44189,iPanema Women Pink Flip Flops,images\44189.jpg,138.48,1970-01-01 00:00:00,,,Women,Footwear,Flip Flops,Flip Flops,Pink,Winter,Casual
24850,Indigo Nation Men Formal Brown Belts,images\24850.jpg,51.08,1970-01-01 00:00:00,,,Men,Accessories,Belts,Belts,Brown,Summer,Formal
23249,Arrow Men Formal Black Shoes,images\23249.jpg,82.33,1970-01-01 00:00:00,,,Men,Footwear,Shoes,Formal Shoes,Black,Fall,Formal
18808,Peter England Men Casual Navy Blue Belt,images\18808.jpg,188.67,1970-01-01 00:00:00,,,Men,Accessories,Belts,Belts,Navy Blue,Summer,Casual
51669,Louis Philippe Men Grey Sunglasses,images\51669.jpg,125.72,1970-01-01 00:00:00,,,Men,Accessories,Eyewear,Sunglasses,Silver,Winter,Casual
3965,Jealous 21 Women White Sleeveless Top,images\3965.jpg,63.8,1970-01-01 00:00:00,,,Women,Apparel,Topwear,Tops,White,Summer,Casual
29773,Wrangler Men Green Striped Shirt,images\29773.jpg,175.2,1970-01-01 00:00:00,,,Men,Apparel,Topwear,Shirts,Green,Summer,Casual
48744,Revv Men Steel Bangle,images\48744.jpg,123.43,1970-01-01 00:00:00,,,Men,Accessories,Jewellery,Bangle,Steel,Summer,Casual
17840,Nike Men Air Quick Handle Red Sports Shoe,images\17840.jpg,12.06,1970-01-01 00:00:00,,,Men,Footwear,Shoes,Sports Shoes,Red,Fall,Sports
9463,John Miller Men White Shirt,images\9463.jpg,162.59,1970-01-01 00:00:00,,,Men,Apparel,Topwear,Shirts,White,Fall,Formal
18034,Lino Perros Women Solid Beige Handbag,images\18034.jpg,162.79,1970-01-01 00:00:00,,,Women,Accessories,Bags,Handbags,Beige,Winter,Casual
16992,Puma Women Dizzy  Black Belt,images\16992.jpg,24.38,1970-01-01 00:00:00,,,Women,Accessories,Belts,Belts,Black,Summer,Casual
3159,Nike Men's Air Max Moto White Blue Shoe,images\3159.jpg,97.44,1970-01-01 00:00:00,,,Men,Footwear,Shoes,Sports Shoes,White,Fall,Sports
49696,Park Avenue Blue Patterned Tie,images\49696.jpg,77.11,1970-01-01 00:00:00,,,Men,Free Items,Free Gifts,Ties,Blue,Summer,Formal
14858,United Colors of Benetton Women Solid Red Wallets,images\14858.jpg,178.07,1970-01-01 00:00:00,,,Women,Accessories,Wallets,Wallets,Red,Summer,Casual
33646,Lotto Men Ridge Black Sandals,images\33646.jpg,157.57,1970-01-01 00:00:00,,,Men,Footwear,Sandal,Sandals,Black,Summer,Casual
57303,Rocia Women Brown Wedges,images\57303.jpg,22.64,1970-01-01 00:00:00,,,Women,Footwear,Shoes,Heels,Brown,Winter,Casual
11516,Catwalk Women Lifestyle Black Heels,images\11516.jpg,34.48,1970-01-01 00:00:00,,,Women,Footwear,Shoes,Heels,Black,Winter,Casual
41266,Arrow Men Brown Wallet,images\41266.jpg,76.3,1970-01-01 00:00:00,,,Men,Accessories,Wallets,Wallets,Brown,Summer,Casual
20251,Wrangler Men Heavy Grey Tshirt,images\20251.jpg,110.66,1970-01-01 00:00:00,,,Men,Apparel,Topwear,Tshirts,Grey,Fall,Casual
14064,Flying Machine Men Pack of 2 Stripes Red Blue Tshirts,images\14064.jpg,134.97,1970-01-01 00:00:00,,,Men,Apparel,Topwear,Tshirts,Red,Fall,Casual
44714,Lotto Men Maroon Juve Flip Flop,images\44714.jpg,164.97,1970-01-01 00:00:00,,,Men,Footwear,Flip Flops,Flip Flops,Maroon,Summer,Casual
5433,Nike Men's Speed Fury Red T-shirt,images\5433.jpg,120.94,1970-01-01 00:00:00,,,Men,Apparel,Topwear,Tshirts,Red,Summer,Casual
52671,Morellato Men Navy Blue Watch,images\52671.jpg,154.71,1970-01-01 00:00:00,,,Men,Accessories,Watches,Watches,Navy Blue,Winter,Casual
59299,U.S. Polo Assn. Men Striped Blue Shirt,images\59299.jpg,89.11,1970-01-01 00:00:00,,,Men,Apparel,Topwear,Shirts,Blue,Fall,Casual
49837,iPanema Women Blue Flip Flops,images\49837.jpg,143.58,1970-01-01 00:00:00,,,Women,Footwear,Flip Flops,Flip Flops,Blue,Winter,Casual
16733,Lotto Men Earth Black Slipper,images\16733.jpg,155.78,1970-01-01 00:00:00,,,Men,Footwear,Flip Flops,Flip Flops,Black,Fall,Casual
7364,Red Tape Men's Brown casual Shoe,images\7364.jpg,186.86,1970-01-01 00:00:00,,,Men,Footwear,Shoes,Casual Shoes,Brown,Winter,Casual
34463,ADIDAS Unisex Black Backpack,images\34463.jpg,167.52,1970-01-01 00:00:00,,,Unisex,Accessories,Bags,Backpacks,Black,Summer,Casual
47191,Franco Leone Men Black Formal Shoes,images\47191.jpg,110.26,1970-01-01 00:00:00,,,Men,Footwear,Shoes,Formal Shoes,Black,Summer,Formal
27848,Scullers For Her Navy Blue T-shirt,images\27848.jpg,159.78,1970-01-01 00:00:00,,,Women,Apparel,Topwear,Tshirts,Navy Blue,Summer,Casual
31111,Gini and Jony Boys Solid Black Jeans,images\31111.jpg,18.41,1970-01-01 00:00:00,,,Boys,Apparel,Bottomwear,Jeans,Black,Summer,Casual
55454,Revlon Velvet Touch Royal Burgundy Lipstick 96,images\55454.jpg,41.6,1970-01-01 00:00:00,,,Women,Personal Care,Lips,Lipstick,Burgundy,Spring,Casual
12393,Reid & Taylor Men Solid Black Socks,images\12393.jpg,56.33,1970-01-01 00:00:00,,,Men,Accessories,Socks,Socks,Black,Summer,Formal
13241,Palm Tree Kids Boys Solid White Jackets,images\13241.jpg,88.4,1970-01-01 00:00:00,,,Men,Apparel,Topwear,Jackets,White,Fall,Casual
54586,Sushilas Women Printed Green Kurta,images\54586.jpg,123.95,1970-01-01 00:00:00,,,Women,Apparel,Topwear,Kurtas,Green,Summer,Ethnic
27074,Catwalk Women Blue Casual Flats,images\27074.jpg,142.97,1970-01-01 00:00:00,,,Women,Footwear,Shoes,Flats,Blue,Winter,Casual
2616,Carlton London Women Gold Wedge Sandal,images\2616.jpg,12.5,1970-01-01 00:00:00,,,Women,Footwear,Shoes,Flats,Gold,Fall,Sports
43531,French Connection Women Off White Top,images\43531.jpg,74.1,1970-01-01 00:00:00,,,Women,Apparel,Topwear,Tops,Off White,Summer,Casual
46271,109F Blue A-Line Dress,images\46271.jpg,11.51,1970-01-01 00:00:00,,,Women,Apparel,Dress,Dresses,Blue,Summer,Casual
35783,Enroute Women Turquoise Blue Flats,images\35783.jpg,161.8,1970-01-01 00:00:00,,,Women,Footwear,Shoes,Heels,Turquoise Blue,Summer,Casual
7156,Scullers Men Black Check Shirt,images\7156.jpg,67.0,1970-01-01 00:00:00,,,Men,Apparel,Topwear,Shirts,Black,Fall,Casual
22734,Nike Women Grey Lunarglide +3 Sports Shoes,images\22734.jpg,73.86,1970-01-01 00:00:00,,,Women,Footwear,Shoes,Sports Shoes,Grey,Fall,Sports
8922,Puma Men Cat  White Belt,images\8922.jpg,175.61,1970-01-01 00:00:00,,,Men,Accessories,Belts,Belts,White,Fall,Casual
16501,Locomotive Men Printed Brown TShirt,images\16501.jpg,93.71,1970-01-01 00:00:00,,,Men,Apparel,Topwear,Tshirts,Brown,Fall,Casual
50314,Park Avenue Men Brown Tie,images\50314.jpg,156.14,1970-01-01 00:00:00,,,Men,Accessories,Ties,Ties,Brown,Summer,Formal
34651,Fila Women Top Fuel Black Sports Shoes,images\34651.jpg,76.18,1970-01-01 00:00:00,,,Women,Footwear,Shoes,Sports Shoes,Black,Fall,Sports
6084,UCB Men's Johny Collar With Two Tone White T-shirt,images\6084.jpg,152.26,1970-01-01 00:00:00,,,Men,Apparel,Topwear,Tshirts,White,Summer,Casual
19549,United Colors of Benetton Men Solid Grey Sweatshirt,images\19549.jpg,155.53,1970-01-01 00:00:00,,,Men,Apparel,Topwear,Sweatshirts,Grey,Fall,Casual
49239,Arrow Men White Cap,images\49239.jpg,113.04,1970-01-01 00:00:00,,,Men,Accessories,Headwear,Caps,White,Fall,Casual
31323,Aurelia Women Printed Red Kurta,images\31323.jpg,154.37,1970-01-01 00:00:00,,,Women,Apparel,Topwear,Kurtas,White,Summer,Ethnic
43703,Royal Diadem Red Earring & Pendant Set,images\43703.jpg,19.76,1970-01-01 00:00:00,,,Women,Accessories,Jewellery,Jewellery Set,Red,Summer,Casual
13073,Numero Uno Men White Shoes,images\13073.jpg,137.76,1970-01-01 00:00:00,,,Men,Footwear,Shoes,Casual Shoes,White,Fall,Casual
57131,Elle Women Teal Top,images\57131.jpg,161.83,1970-01-01 00:00:00,,,Women,Apparel,Topwear,Tops,Teal,Summer,Casual
40186,Mumbai Slang Women Pink & Black Kurti,images\40186.jpg,117.9,1970-01-01 00:00:00,,,Women,Apparel,Topwear,Kurtis,Black,Summer,Ethnic
58945,Taylor of London Women White Satin Perfume,images\58945.jpg,137.44,1970-01-01 00:00:00,,,Women,Personal Care,Fragrance,Perfume and Body Mist,White,Spring,Casual
33474,Baggit Women Chotu Dum Blue Belt,images\33474.jpg,148.0,1970-01-01 00:00:00,,,Women,Accessories,Belts,Belts,Blue,Summer,Casual
59897,Femella Women Yellow Dress,images\59897.jpg,196.74,1970-01-01 00:00:00,,,Women,Apparel,Dress,Dresses,Yellow,Fall,Casual
11724,Lee Women Check Red Shirts,images\11724.jpg,180.44,1970-01-01 00:00:00,,,Women,Apparel,Topwear,Shirts,Red,Fall,Casual
5601,Nike Men's Splash Thong Yellow Black Flip Flop,images\5601.jpg,96.44,1970-01-01 00:00:00,,,Men,Footwear,Flip Flops,Flip Flops,Brown,Summer,Casual
20063,United Colors Of Benetton Women Black Muffler,images\20063.jpg,152.61,1970-01-01 00:00:00,,,Women,Accessories,Mufflers,Mufflers,Black,Fall,Casual
53591,Q&Q Men White Dial Watch,images\53591.jpg,37.55,1970-01-01 00:00:00,,,Men,Free Items,Free Gifts,Free Gifts,White,Winter,Casual
58179,Rocky S Women Blue Handbag,images\58179.jpg,91.84,1970-01-01 00:00:00,,,Women,Accessories,Bags,Handbags,Blue,Summer,Casual
39972,GAS Men Grey Campus Casual Shoes,images\39972.jpg,96.35,1970-01-01 00:00:00,,,Men,Footwear,Shoes,Casual Shoes,Grey,Summer,Casual
15384,Filac Men Hawai Black Slippers,images\15384.jpg,161.45,1970-01-01 00:00:00,,,Men,Footwear,Flip Flops,Flip Flops,Black,Summer,Casual
52443,Red Rose White & Green Nightdress,images\52443.jpg,161.99,1970-01-01 00:00:00,,,Women,Apparel,Loungewear and Nightwear,Nightdress,Green,Winter,Casual
41868,Estd. 1977 Men Turquoise Blue Sandals,images\41868.jpg,30.9,1970-01-01 00:00:00,,,Men,Footwear,Sandal,Sandals,Turquoise Blue,Summer,Casual
36106,OTLS Men Laurel Black Wallet,images\36106.jpg,68.25,1970-01-01 00:00:00,,,Men,Accessories,Wallets,Wallets,Black,Summer,Casual
23282,Maxima Men Off White Dial Watch,images\23282.jpg,145.1,1970-01-01 00:00:00,,,Men,Accessories,Watches,Watches,Off White,Winter,Casual
34235,Proline Men Cream-Coloured Polo T-Shirt,images\34235.jpg,175.79,1970-01-01 00:00:00,,,Men,Apparel,Topwear,Tshirts,Cream,Summer,Casual
46615,Catwalk Women Red Flats,images\46615.jpg,179.32,1970-01-01 00:00:00,,,Women,Footwear,Shoes,Heels,Red,Winter,Casual
19911,Wildcraft Unisex Grey Printed Messenger Bag,images\19911.jpg,69.47,1970-01-01 00:00:00,,,Unisex,Accessories,Bags,Messenger Bag,Grey,Winter,Casual
7532,Nike Men's Encourage Blue T-shirt,images\7532.jpg,95.31,1970-01-01 00:00:00,,,Men,Apparel,Topwear,Tshirts,Blue,Summer,Sports
22350,John Players Men Check Blue Shirt,images\22350.jpg,150.23,1970-01-01 00:00:00,,,Men,Apparel,Topwear,Shirts,Blue,Fall,Casual
16165,Enroute Men Leather Brown Casual Shoes,images\16165.jpg,193.62,1970-01-01 00:00:00,,,Men,Footwear,Shoes,Casual Shoes,Tan,Fall,Casual
2040,ADIDAS Mens Fire White Polo T-shirt,images\2040.jpg,142.98,1970-01-01 00:00:00,,,Men,Apparel,Topwear,Tshirts,White,Fall,Casual
30695,Catwalk Women Bronze toned Sandals,images\30695.jpg,11.81,1970-01-01 00:00:00,,,Women,Footwear,Shoes,Flats,Bronze,Winter,Casual
43367,Reebok Women Black Casual Shoes,images\43367.jpg,150.73,1970-01-01 00:00:00,,,Women,Footwear,Shoes,Flats,Black,Summer,Casual
13417,United Colors of Benetton Men Solid Blue Shirts,images\13417.jpg,150.9,1970-01-01 00:00:00,,,Men,Apparel,Topwear,Shirts,Blue,Summer,Casual
27622,Scullers Men Grey Trousers,images\27622.jpg,77.95,1970-01-01 00:00:00,,,Men,Apparel,Bottomwear,Trousers,Grey,Summer,Casual
55202,Lakme Lip Love Hottie Lip Conditioner,images\55202.jpg,52.05,1970-01-01 00:00:00,,,Women,Personal Care,Lips,Lip Care,Pink,Spring,Casual
3192,Tantra Men's Prism Black T-shirt,images\3192.jpg,92.88,1970-01-01 00:00:00,,,Men,Apparel,Topwear,Tshirts,Black,Summer,Casual
16959,Image Women Classic Eyewear Brown Sunglasses,images\16959.jpg,159.75,1970-01-01 00:00:00,,,Women,Accessories,Eyewear,Sunglasses,Brown,Winter,Casual
11340,Lee Men Blue Chicago Fit Jeans,images\11340.jpg,177.29,1970-01-01 00:00:00,,,Men,Apparel,Bottomwear,Jeans,Blue,Summer,Casual
25175,Lino Perros Women Red and Grey Handbag,images\25175.jpg,173.05,1970-01-01 00:00:00,,,Women,Accessories,Bags,Handbags,Red,Winter,Casual
10292,Clarks Women Brown Leather Heels,images\10292.jpg,199.23,1970-01-01 00:00:00,,,Women,Footwear,Shoes,Heels,Brown,Summer,Casual
57555,Lotus Herbals SPF-10 Tulip Love Lipstick 417,images\57555.jpg,91.68,1970-01-01 00:00:00,,,Women,Personal Care,Lips,Lipstick,Pink,Spring,
52027,Just Natural Unisex Navy Blue Rain Jacket,images\52027.jpg,29.84,1970-01-01 00:00:00,,,Unisex,Apparel,Topwear,Rain Jacket,Navy Blue,Summer,
36562,Jack & Jones Men Dino White T-shirt,images\36562.jpg,32.71,1970-01-01 00:00:00,,,Men,Apparel,Topwear,Tshirts,White,Summer,Casual
25949,Femella Women Printed Brown Scarf,images\25949.jpg,76.48,1970-01-01 00:00:00,,,Women,Accessories,Scarves,Scarves,Brown,Summer,Casual
44142,dunhill Men Fresh Perfume,images\44142.jpg,180.45,1970-01-01 00:00:00,,,Men,Personal Care,Fragrance,Perfume and Body Mist,Green,Spring,Casual
5265,Wildcraft Unisex Black & Red Messenger Bag,images\5265.jpg,164.96,1970-01-01 00:00:00,,,Unisex,Accessories,Bags,Messenger Bag,Black,Winter,Casual
14632,United Colors of Benetton Men Solid Green Mufflers,images\14632.jpg,96.66,1970-01-01 00:00:00,,,Men,Accessories,Mufflers,Mufflers,Green,Fall,Casual
11172,Scullers Men Stripes Red Sweaters,images\11172.jpg,132.13,1970-01-01 00:00:00,,,Men,Apparel,Topwear,Sweaters,Red,Fall,Casual
25347,Levi's Men White Brief,images\25347.jpg,61.49,1970-01-01 00:00:00,,,Men,Apparel,Innerwear,Briefs,White,Summer,Casual
39718,Arrow Woman Beige Top,images\39718.jpg,152.29,1970-01-01 00:00:00,,,Women,Apparel,Topwear,Tops,Beige,Summer,Casual
41602,Basics Men Navy Shirt,images\41602.jpg,64.15,1970-01-01 00:00:00,,,Men,Apparel,Topwear,Shirts,Navy Blue,Summer,Casual
33222,Sepia Women Brown Tunic,images\33222.jpg,55.38,1970-01-01 00:00:00,,,Women,Apparel,Topwear,Tunics,Brown,Summer,Casual
24295,Quiksilver Men Black Socks,images\24295.jpg,134.76,1970-01-01 00:00:00,,,Men,Accessories,Socks,Socks,Black,Summer,Casual
57767,Lotus Herbals Whiteglow Yogurt Skin Whitening & Brightening Face Masque 80 g,images\57767.jpg,153.95,1970-01-01 00:00:00,,,Women,Personal Care,Skin,Face Moisturisers,White,Spring,
36750,Little Miss Girls Chatterbox Navy Blue Dress,images\36750.jpg,53.55,1970-01-01 00:00:00,,,Girls,Apparel,Dress,Dresses,Navy Blue,Summer,Casual
37682,American Tourister Unisex Black Backpack,images\37682.jpg,137.26,1970-01-01 00:00:00,,,Unisex,Accessories,Bags,Backpacks,Black,Summer,Casual
34007,Gini and Jony Girls Pink Top,images\34007.jpg,34.35,1970-01-01 00:00:00,,,Girls,Apparel,Topwear,Tops,Pink,Summer,Casual
50542,Chromozome Men Red Briefs,images\50542.jpg,160.12,1970-01-01 00:00:00,,,Men,Apparel,Innerwear,Briefs,Red,Summer,Casual
17285,U.S. Polo Assn. Men Solid Black  polo Tshirt,images\17285.jpg,115.69,1970-01-01 00:00:00,,,Men,Apparel,Topwear,Tshirts,Black,Fall,Casual
43969,DKNY Women Delicious Night Perfume,images\43969.jpg,132.42,1970-01-01 00:00:00,,,Women,Personal Care,Fragrance,Perfume and Body Mist,Black,Spring,Casual
28458,Urban Yoga Women Blue Capris,images\28458.jpg,146.15,1970-01-01 00:00:00,,,Women,Apparel,Bottomwear,Capris,Blue,Summer,Sports
22162,Timberland Men Black Casual Shoes,images\22162.jpg,176.73,1970-01-01 00:00:00,,,Men,Footwear,Shoes,Casual Shoes,Black,Summer,Casual
16357,Peter England Men Stripes Blue Shirt,images\16357.jpg,162.53,1970-01-01 00:00:00,,,Men,Apparel,Topwear,Shirts,Blue,Fall,Formal
46427,Timex Men Black Dial Watch,images\46427.jpg,191.05,1970-01-01 00:00:00,,,Men,Accessories,Watches,Watches,Black,Winter,Casual
7700,Jealous 21 Women's All Girls Dying Jealousy Pink Top,images\7700.jpg,182.64,1970-01-01 00:00:00,,,Women,Apparel,Topwear,Tops,Pink,Fall,Casual
27410,Jockey Women Assorted Lounge Pants,images\27410.jpg,91.16,1970-01-01 00:00:00,,,Women,Apparel,Loungewear and Nightwear,Lounge Pants,Multi,Summer,Casual
2272,Nike Mens Blue Polo T-shirt,images\2272.jpg,87.21,1970-01-01 00:00:00,,,Men,Apparel,Topwear,Tshirts,Blue,Fall,Sports
43155,Fastrack Women Black Dial Watch,images\43155.jpg,14.15,1970-01-01 00:00:00,,,Women,Accessories,Watches,Watches,Black,Winter,Casual
42087,ADIDAS Men White Aztek Shoes,images\42087.jpg,141.56,1970-01-01 00:00:00,,,Men,Footwear,Shoes,Sports Shoes,White,Summer,Sports
8748,Indigo Nation Men Plain Orange Shirts,images\8748.jpg,25.19,1970-01-01 00:00:00,,,Men,Apparel,Topwear,Shirts,Orange,Fall,Casual
55030,Lakme Absolute Matte Milan Red Lipstick 48,images\55030.jpg,24.16,1970-01-01 00:00:00,,,Women,Personal Care,Lips,Lipstick,Red,Spring,Casual
17043,Gas Men Skate 003 Casual Shoe,images\17043.jpg,179.73,1970-01-01 00:00:00,,,Men,Footwear,Shoes,Casual Shoes,Black,Summer,Casual
50784,Clarks Women Cream Coloured Onslow Beat Leather Wedges,images\50784.jpg,125.8,1970-01-01 00:00:00,,,Women,Footwear,Shoes,Heels,Cream,Fall,Casual
2888,Catwalk Women Wedding Heeled Bronze Heels,images\2888.jpg,69.45,1970-01-01 00:00:00,,,Women,Footwear,Shoes,Heels,Brown,Winter,Casual
23276,Maxima Ssteele Men Black Watch,images\23276.jpg,146.6,1970-01-01 00:00:00,,,Men,Accessories,Watches,Watches,Black,Winter,Casual
6414,Lotto Men's Thong Blue White Flip Flop,images\6414.jpg,168.34,1970-01-01 00:00:00,,,Men,Footwear,Flip Flops,Flip Flops,Grey,Summer,Casual
18837,Peter England Men Formal Brown Belt,images\18837.jpg,29.86,1970-01-01 00:00:00,,,Men,Accessories,Belts,Belts,Brown,Summer,Formal
35313,Fabindia Women Anusuya Silver Earrings,images\35313.jpg,111.18,1970-01-01 00:00:00,,,Women,Accessories,Jewellery,Earrings,Silver,Winter,Ethnic
51656,Fossil Men Black Dial Chronograph Watch CH2737,images\51656.jpg,87.53,1970-01-01 00:00:00,,,Men,Accessories,Watches,Watches,Black,Winter,Casual
16191,Puma Men Graphic White TShirt,images\16191.jpg,45.97,1970-01-01 00:00:00,,,Men,Apparel,Topwear,Tshirts,White,Fall,Casual
30661,Park Avenue Men Black Sunglasses,images\30661.jpg,123.66,1970-01-01 00:00:00,,,Men,Accessories,Eyewear,Sunglasses,Black,Winter,Casual
43393,Lino Perros Men Brown Wallet,images\43393.jpg,85.31,1970-01-01 00:00:00,,,Men,Accessories,Wallets,Wallets,Brown,Summer,Casual
26704,Nike Men White T-Lite 9 SL Shoes,images\26704.jpg,117.59,1970-01-01 00:00:00,,,Men,Footwear,Shoes,Sports Shoes,White,Fall,Sports
12531,Puma Women Solid Pink Sweatshirts,images\12531.jpg,84.33,1970-01-01 00:00:00,,,Women,Apparel,Topwear,Sweatshirts,Pink,Fall,Casual
42241,Sepia Women Purple Top,images\42241.jpg,45.87,1970-01-01 00:00:00,,,Women,Apparel,Topwear,Tops,Purple,Summer,Casual
56473,Streetwear Grape Shimmer Nail Polish 41,images\56473.jpg,22.46,1970-01-01 00:00:00,,,Women,Personal Care,Nails,Nail Polish,Purple,Spring,Casual
25181,Lino Perros Women Leatherite Brown Handbag,images\25181.jpg,139.65,1970-01-01 00:00:00,,,Women,Accessories,Bags,Handbags,Brown,Winter,Casual
24053,Locomotive Men Printed Charcoal T-shirt,images\24053.jpg,88.21,1970-01-01 00:00:00,,,Men,Apparel,Topwear,Tshirts,Charcoal,Fall,Casual
10266,Clarks Men Goto Hi Cola Suede Brown Shoes,images\10266.jpg,182.44,1970-01-01 00:00:00,,,Men,Footwear,Shoes,Casual Shoes,Brown,Fall,Casual
40516,Titan Men White Dial Watch,images\40516.jpg,60.45,1970-01-01 00:00:00,,,Men,Accessories,Watches,Watches,White,Winter,Casual
15714,Nike Men Free Run+ 2 Black Sports Shoes,images\15714.jpg,66.32,1970-01-01 00:00:00,,,Men,Footwear,Shoes,Sports Shoes,Black,Fall,Sports
21521,Kiara Women Rose Pink Handbag,images\21521.jpg,183.29,1970-01-01 00:00:00,,,Women,Accessories,Bags,Handbags,Pink,Winter,Casual
4343,Fila Men Leonard Red Shoes,images\4343.jpg,138.18,1970-01-01 00:00:00,,,Men,Footwear,Shoes,Casual Shoes,Red,Summer,Casual
5291,Lee Cooper Men Black Semi Formal Shoe,images\5291.jpg,42.61,1970-01-01 00:00:00,,,Men,Footwear,Shoes,Formal Shoes,Black,Summer,Formal
53101,Fabindia Silver Drop Earrings,images\53101.jpg,103.07,1970-01-01 00:00:00,,,Women,Accessories,Jewellery,Earrings,Silver,Winter,Casual
32304,Q&Q Women White Dial Watch,images\32304.jpg,76.99,1970-01-01 00:00:00,,,Women,Accessories,Watches,Watches,White,Winter,Casual
57793,Lotus Herbals Natural Blend Botanical Compact 550,images\57793.jpg,69.85,1970-01-01 00:00:00,,,Women,Personal Care,Makeup,Compact,Skin,Spring,
10054,Reebok Kids Kkr Boy's Premium Blue Jerseys,images\10054.jpg,160.16,1970-01-01 00:00:00,,,Boys,Apparel,Topwear,Tshirts,Blue,Summer,Sports
4171,Reebok Men's Easytone Inspire White Shoe,images\4171.jpg,29.16,1970-01-01 00:00:00,,,Men,Footwear,Shoes,Sports Shoes,White,Summer,Sports
45256,Casio Edifice Men Analog Watch EF-130D-1A5VDF(ED419),images\45256.jpg,162.64,1970-01-01 00:00:00,,,Men,Accessories,Watches,Watches,Black,Winter,Casual
59609,FNF Khaki Collection for Wedding Sari,images\59609.jpg,98.38,1970-01-01 00:00:00,,,Women,Apparel,Saree,Sarees,Khaki,Fall,Ethnic
15526,Rockport Women Jeanie Oneband Brown Flats,images\15526.jpg,136.48,1970-01-01 00:00:00,,,Women,Footwear,Shoes,Heels,Brown,Fall,Casual
21713,Fossil Men Blue Dial Chronograph Watch CH2752,images\21713.jpg,76.54,1970-01-01 00:00:00,,,Men,Accessories,Watches,Watches,Blue,Winter,Casual
44384,Spinz Women Enchante Deo,images\44384.jpg,161.42,1970-01-01 00:00:00,,,Women,Personal Care,Fragrance,Deodorant,White,Spring,Casual
37676,American Tourister Unisex Black Backpack,images\37676.jpg,116.94,1970-01-01 00:00:00,,,Unisex,Accessories,Bags,Backpacks,Black,Winter,Casual
6626,ADIDAS Men's Canon Dialect Blue Yellow Shoe,images\6626.jpg,57.3,1970-01-01 00:00:00,,,Men,Footwear,Shoes,Sports Shoes,Blue,Summer,Sports
47501,Footfun Kids Unisex Red Shoes,images\47501.jpg,96.57,1970-01-01 00:00:00,,,Unisex,Footwear,Shoes,Casual Shoes,Red,Fall,Casual
17271,U.S. Polo Assn. Men Stripes DK.Grey Polo Tshirt,images\17271.jpg,64.91,1970-01-01 00:00:00,,,Men,Apparel,Topwear,Tshirts,Grey,Fall,Casual
23044,Arrow Woman Brown Jeggings,images\23044.jpg,194.69,1970-01-01 00:00:00,,,Women,Apparel,Bottomwear,Leggings,Brown,Fall,Casual
22196,Timberland Men Black Casual Shoes,images\22196.jpg,160.12,1970-01-01 00:00:00,,,Men,Footwear,Shoes,Casual Shoes,Black,Fall,Casual
51464,Tonga Women Olive Top,images\51464.jpg,75.82,1970-01-01 00:00:00,,,Women,Apparel,Topwear,Tops,Olive,Summer,Casual
54116,Rocia Women Maroon Sandals,images\54116.jpg,168.25,1970-01-01 00:00:00,,,Women,Footwear,Shoes,Heels,Maroon,Winter,Casual
30453,Deni Yo Men White Jeans,images\30453.jpg,126.5,1970-01-01 00:00:00,,,Men,Apparel,Bottomwear,Jeans,White,Summer,Casual
2286,Nike Men Black Sweatshirt,images\2286.jpg,83.52,1970-01-01 00:00:00,,,Men,Apparel,Topwear,Sweatshirts,Black,Fall,Sports
23878,Fila Women Sleeker Green Check Casual Shoes,images\23878.jpg,63.96,1970-01-01 00:00:00,,,Women,Footwear,Shoes,Casual Shoes,Green,Summer,Casual
48549,Wrangler Women Black Belt,images\48549.jpg,183.88,1970-01-01 00:00:00,,,Women,Accessories,Belts,Belts,Black,Summer,Casual
42073,American Tourister Men Black Wallet,images\42073.jpg,27.35,1970-01-01 00:00:00,,,Men,Accessories,Wallets,Wallets,Black,Summer,Casual
31581,Mark Taylor Men Printed Blue T-shirt,images\31581.jpg,162.53,1970-01-01 00:00:00,,,Men,Apparel,Topwear,Tshirts,Blue,Summer,Casual
3354,Myntra Men's I Give 100 Percent Work White T-shirt,images\3354.jpg,179.03,1970-01-01 00:00:00,,,Men,Apparel,Topwear,Tshirts,White,Summer,Casual
26536,ID Men White Shoes,images\26536.jpg,112.66,1970-01-01 00:00:00,,,Men,Footwear,Shoes,Casual Shoes,White,Summer,Casual
12703,Nike Women Downshifter White Sports Shoes,images\12703.jpg,181.01,1970-01-01 00:00:00,,,Women,Footwear,Shoes,Sports Shoes,White,Fall,Sports
24605,Vishudh Women Pink Churidar Kurta with Dupatta,images\24605.jpg,195.13,1970-01-01 00:00:00,,,Women,Apparel,Apparel Set,Kurta Sets,Pink,Fall,Ethnic
10430,Flying Machine Men Ydc Blue Shirts,images\10430.jpg,177.2,1970-01-01 00:00:00,,,Men,Apparel,Topwear,Shirts,Blue,Fall,Casual
56225,SDL by Sweet Dreams Men Black & Grey Pyjama Set,images\56225.jpg,42.26,1970-01-01 00:00:00,,,Men,Apparel,Loungewear and Nightwear,Night suits,Black,Summer,Casual
39388,Peter England Men Black Jeans,images\39388.jpg,132.46,1970-01-01 00:00:00,,,Men,Apparel,Bottomwear,Jeans,Black,Summer,Casual
14090,Flying Machine Men Stripes Blue Polo Tshirts,images\14090.jpg,135.49,1970-01-01 00:00:00,,,Men,Apparel,Topwear,Tshirts,Blue,Fall,Casual
53757,Puma Women Speeder Wns Ind White Sports Shoes,images\53757.jpg,51.49,1970-01-01 00:00:00,,,Women,Footwear,Shoes,Sports Shoes,White,Summer,Sports
37212,United Colors of Benetton Men Pink Shirt,images\37212.jpg,44.05,1970-01-01 00:00:00,,,Men,Apparel,Topwear,Shirts,Pink,Summer,Casual
4515,Puma Men's Tarun White Silver Red Shoe,images\4515.jpg,135.55,1970-01-01 00:00:00,,,Men,Footwear,Shoes,Sports Shoes,White,Summer,Sports
45632,Park Avenue Men Grey Melange Briefs,images\45632.jpg,110.63,1970-01-01 00:00:00,,,Men,Apparel,Innerwear,Briefs,Grey Melange,Summer,Casual
51000,Enamor Maroon Bra FB06,images\51000.jpg,23.8,1970-01-01 00:00:00,,,Women,Apparel,Innerwear,Bra,Maroon,Summer,Casual
7390,Red Tape Men Brown Shoes,images\7390.jpg,156.66,1970-01-01 00:00:00,,,Men,Footwear,Shoes,Formal Shoes,Brown,Winter,Formal
35545,Enroute Teens Brown Sandals,images\35545.jpg,108.37,1970-01-01 00:00:00,,,Girls,Footwear,Sandal,Sandals,Brown,Summer,Casual
6242,Lee Women's Rihana Purple T-shirt,images\6242.jpg,45.94,1970-01-01 00:00:00,,,Women,Apparel,Topwear,Tshirts,Purple,Summer,Casual
47165,Peter England Men Black Belt,images\47165.jpg,180.24,1970-01-01 00:00:00,,,Men,Accessories,Belts,Belts,Black,Summer,Casual
17615,Doodle Boys living Upto White Tshirt,images\17615.jpg,103.67,1970-01-01 00:00:00,,,Boys,Apparel,Topwear,Tshirts,White,Fall,Casual
48911,Lucera Women Silver Pendant with Chain,images\48911.jpg,163.54,1970-01-01 00:00:00,,,Women,Accessories,Jewellery,Pendant,Silver,Summer,Casual
29926,Police Men Black Dial Watch PL12778MSU-61,images\29926.jpg,188.67,1970-01-01 00:00:00,,,Men,Accessories,Watches,Watches,Black,Winter,Casual
42417,American Tourister Unisex Purple Messenger Bag,images\42417.jpg,163.38,1970-01-01 00:00:00,,,Unisex,Accessories,Accessories,Messenger Bag,Purple,Summer,Casual
3730,CSK Mens Fangear Yellow Jersey,images\3730.jpg,184.38,1970-01-01 00:00:00,,,Men,Apparel,Topwear,Tshirts,Yellow,Summer,Sports
26152,John Miller Men Striped Grey Trousers,images\26152.jpg,51.22,1970-01-01 00:00:00,,,Men,Apparel,Bottomwear,Trousers,Grey,Summer,Formal
12367,Reid & Taylor Men White Shirt,images\12367.jpg,187.39,1970-01-01 00:00:00,,,Men,Apparel,Topwear,Shirts,White,Fall,Formal
54572,Sushilas Women Multi Coloured Kurta,images\54572.jpg,163.51,1970-01-01 00:00:00,,,Women,Apparel,Topwear,Kurtas,Pink,Summer,Ethnic
27080,Catwalk Women Silver Flats,images\27080.jpg,11.73,1970-01-01 00:00:00,,,Women,Footwear,Shoes,Heels,Silver,Winter,Casual
30037,SKAGEN DENMARK Men Silver-Toned Dial Watch 233LSS,images\30037.jpg,34.5,1970-01-01 00:00:00,,,Men,Accessories,Watches,Watches,Silver,Winter,Casual
46285,109F Women Multi Coloured Dress,images\46285.jpg,75.36,1970-01-01 00:00:00,,,Women,Apparel,Dress,Dresses,Multi,Summer,Casual
12969,ADIDAS Men Snova Glide Blue Sports Shoes,images\12969.jpg,64.19,1970-01-01 00:00:00,,,Men,Footwear,Shoes,Sports Shoes,Blue,Fall,Sports
35777,Force 10 Men Black & Green Sports Shoes,images\35777.jpg,125.18,1970-01-01 00:00:00,,,Men,Footwear,Shoes,Sports Shoes,Black,Summer,Sports
51232,Satya Paul Women Green Printed Kaftan,images\51232.jpg,174.97,1970-01-01 00:00:00,,,Women,Apparel,Topwear,Kurtas,Green,Fall,Ethnic
17427,CASIO G-Shock Men White Analogue & Digital Watch G274,images\17427.jpg,168.93,1970-01-01 00:00:00,,,Men,Accessories,Watches,Watches,White,Winter,Casual
9804,John Miller Men Black Checks Shirts,images\9804.jpg,56.5,1970-01-01 00:00:00,,,Men,Apparel,Topwear,Shirts,Black,Fall,Formal
23612,Nike Fragrances Women Sensual Touch Perfume,images\23612.jpg,104.67,1970-01-01 00:00:00,,,Women,Personal Care,Fragrance,Perfume and Body Mist,Pink,Spring,Casual
6070,UCB Women's Young Pigment Blue T-shirt,images\6070.jpg,121.59,1970-01-01 00:00:00,,,Women,Apparel,Topwear,Tshirts,Blue,Summer,Casual
47357,Baggit Women Purple Phulrani Brush Mobile Pouch,images\47357.jpg,168.81,1970-01-01 00:00:00,,,Women,Accessories,Bags,Mobile Pouch,Purple,Summer,Casual
26360,Arrow Woman Grey T-shirt,images\26360.jpg,161.08,1970-01-01 00:00:00,,,Women,Apparel,Topwear,Tshirts,Grey,Summer,Casual
12155,Aurelia Women Solid Beige Leggings,images\12155.jpg,95.61,1970-01-01 00:00:00,,,Women,Apparel,Bottomwear,Leggings,Beige,Fall,Ethnic
42625,Estelle Women Earrings,images\42625.jpg,167.26,1970-01-01 00:00:00,,,Women,Accessories,Jewellery,Earrings,Silver,Winter,Casual
3502,ADIDAS Women's Black T-shirt,images\3502.jpg,148.84,1970-01-01 00:00:00,,,Women,Apparel,Topwear,Tshirts,Black,Fall,Sports
30205,Nike Women Track Tote Pink Handbag,images\30205.jpg,41.36,1970-01-01 00:00:00,,,Women,Accessories,Bags,Handbags,Pink,Summer,Casual
9038,Buckaroo Men Medina Brown Formal Shoes,images\9038.jpg,122.66,1970-01-01 00:00:00,,,Men,Footwear,Shoes,Formal Shoes,Brown,Winter,Formal
54740,Vans Men Black Era Shoes,images\54740.jpg,137.46,1970-01-01 00:00:00,,,Men,Footwear,Shoes,Casual Shoes,Black,Spring,Casual
13087,Timberland Unisex Casual Brown Casual Shoes,images\13087.jpg,193.69,1970-01-01 00:00:00,,,Unisex,Footwear,Shoes,Casual Shoes,Brown,Fall,Casual
10602,Nike Men Football Soccer Red Jerseys,images\10602.jpg,42.2,1970-01-01 00:00:00,,,Men,Apparel,Topwear,Tshirts,Red,Fall,Sports
40172,Fastrack Men UV protected Sporty Wrap Sunglasses,images\40172.jpg,164.21,1970-01-01 00:00:00,,,Men,Accessories,Eyewear,Sunglasses,Black,Winter,Casual
33480,Baggit Women Purple Belt,images\33480.jpg,17.97,1970-01-01 00:00:00,,,Women,Accessories,Belts,Belts,Purple,Spring,Casual
59863,Olay Women Total Effects Anti-Ageing Eye Cream,images\59863.jpg,81.84,1970-01-01 00:00:00,,,Women,Personal Care,Skin Care,Eye Cream,Black,Spring,Casual
32552,Playboy Men Black Shoes,images\32552.jpg,35.85,1970-01-01 00:00:00,,,Men,Footwear,Shoes,Casual Shoes,Black,Summer,Casual
21979,Murcia Women Casual Black Clutch,images\21979.jpg,183.7,1970-01-01 00:00:00,,,Women,Accessories,Bags,Clutches,Black,Winter,Casual
56017,Colorbar Soft Touch Wood Heart Lipstick 039,images\56017.jpg,146.2,1970-01-01 00:00:00,,,Women,Personal Care,Lips,Lipstick,Brown,Spring,Casual
20097,Diva Women Printed White Kurta,images\20097.jpg,74.25,1970-01-01 00:00:00,,,Women,Apparel,Topwear,Kurtas,White,Fall,Ethnic
53565,Q&Q Men Black Dial Watch,images\53565.jpg,183.8,1970-01-01 00:00:00,,,Men,Accessories,Watches,Watches,Black,Winter,Casual
15370,Urban Yoga Women Solid Pink Sweatshirts,images\15370.jpg,178.92,1970-01-01 00:00:00,,,Women,Apparel,Topwear,Sweatshirts,Pink,Fall,Casual
39986,Gas Men Mila Navy Blue Shoes,images\39986.jpg,29.82,1970-01-01 00:00:00,,,Men,Footwear,Shoes,Casual Shoes,Navy Blue,Summer,Casual
21145,s.Oliver Women Printed Black Shirt,images\21145.jpg,71.68,1970-01-01 00:00:00,,,Women,Apparel,Topwear,Shirts,Black,Fall,Casual
4727,Disney Kids Boy's Regatta Annual Blue Teen Kidswear,images\4727.jpg,185.36,1970-01-01 00:00:00,,,Boys,Apparel,Topwear,Tshirts,Blue,Summer,Casual
45400,Rocia Women Maroon Sandals,images\45400.jpg,41.71,1970-01-01 00:00:00,,,Women,Footwear,Shoes,Flats,Maroon,Winter,Casual
38434,Baggit Women Blue Handbag,images\38434.jpg,67.15,1970-01-01 00:00:00,,,Women,Accessories,Bags,Handbags,Blue,Summer,Casual
53905,Kiara Women Beige Handbag,images\53905.jpg,80.22,1970-01-01 00:00:00,,,Women,Accessories,Bags,Handbags,Beige,Summer,Casual
1609,Reebok Women Boat-Neck Wildberry Sweatshirt,images\1609.jpg,195.37,1970-01-01 00:00:00,,,Women,Apparel,Topwear,Sweatshirts,Pink,Fall,Sports
57599,Lotus Herbals Moistpetals Berry Punch Lipstick 121,images\57599.jpg,52.16,1970-01-01 00:00:00,,,Women,Personal Care,Lips,Lipstick,Burgundy,Spring,Casual
25985,J.Del Pozo Halloween Women Perfume,images\25985.jpg,172.67,1970-01-01 00:00:00,,,Women,Personal Care,Fragrance,Perfume and Body Mist,Lavender,Spring,Casual
59403,Tokyo Talkies Women White T-shirt,images\59403.jpg,16.7,1970-01-01 00:00:00,,,Women,Apparel,Topwear,Tshirts,White,Fall,Casual
21519,Kiara Women Glossy White Handbag,images\21519.jpg,186.58,1970-01-01 00:00:00,,,Women,Accessories,Bags,Handbags,White,Winter,Casual
53139,Catwalk Women Blue & White Sandals,images\53139.jpg,85.27,1970-01-01 00:00:00,,,Women,Footwear,Shoes,Heels,Blue,Winter,Casual
29774,Wrangler Men Purple Striped Shirt,images\29774.jpg,32.48,1970-01-01 00:00:00,,,Men,Apparel,Topwear,Shirts,Purple,Summer,Casual
3962,Jealous 21 Women Black Shimmery Falling Neck Top,images\3962.jpg,127.61,1970-01-01 00:00:00,,,Women,Apparel,Topwear,Tops,Black,Summer,Casual
18033,Lino Perros Women Solid Brown Handbag,images\18033.jpg,143.23,1970-01-01 00:00:00,,,Women,Accessories,Bags,Handbags,Brown,Winter,Casual
17847,Nike Men Air Impetus II White Sports Shoe,images\17847.jpg,132.64,1970-01-01 00:00:00,,,Men,Footwear,Shoes,Sports Shoes,White,Summer,Sports
9464,John Miller Men  White Shirt,images\9464.jpg,125.19,1970-01-01 00:00:00,,,Men,Apparel,Topwear,Shirts,White,Fall,Formal
48743,Revv Men Steel Bangle,images\48743.jpg,135.17,1970-01-01 00:00:00,,,Men,Accessories,Jewellery,Bangle,Steel,Summer,Casual
16995,Rocia Women Casual Black Sandal,images\16995.jpg,152.51,1970-01-01 00:00:00,,,Women,Footwear,Sandal,Sports Sandals,Black,Winter,Casual
12509,Red Tape Men Casual Brown Casual Shoes,images\12509.jpg,153.09,1970-01-01 00:00:00,,,Men,Footwear,Shoes,Casual Shoes,Brown,Winter,Casual
17249,U.S. Polo Assn. Men Printed Limoges Blue Tshirt,images\17249.jpg,44.47,1970-01-01 00:00:00,,,Men,Apparel,Topwear,Tshirts,Blue,Fall,Casual
47539,Portia Women White Flats,images\47539.jpg,38.06,1970-01-01 00:00:00,,,Women,Footwear,Shoes,Flats,White,Winter,Casual
29546,Classic Polo Men Black T-shirt,images\29546.jpg,86.35,1970-01-01 00:00:00,,,Men,Apparel,Topwear,Tshirts,Black,Summer,Casual
42877,French Connection Women Maroon Wallet,images\42877.jpg,57.67,1970-01-01 00:00:00,,,Women,Accessories,Wallets,Wallets,Maroon,Summer,Casual
9656,Indigo Nation Men Bling Technification Red Black Shirts,images\9656.jpg,59.28,1970-01-01 00:00:00,,,Men,Apparel,Topwear,Shirts,Maroon,Fall,Casual
23840,ADIDAS Men Brown Shoes,images\23840.jpg,81.24,1970-01-01 00:00:00,,,Men,Footwear,Shoes,Casual Shoes,Brown,Fall,Casual
43199,Fastrack Men Gunmetal-Toned Dial Watch NA3015AL01,images\43199.jpg,190.76,1970-01-01 00:00:00,,,Men,Accessories,Watches,Watches,Metallic,Winter,Casual
18201,Nike Men Casual Olive Jacket,images\18201.jpg,12.0,1970-01-01 00:00:00,,,Men,Apparel,Topwear,Jackets,Olive,Fall,Casual
35925,Peperone Women Yellow Clutch,images\35925.jpg,87.08,1970-01-01 00:00:00,,,Women,Accessories,Bags,Clutches,Yellow,Summer,Casual
8784,Fastrack Unisex Brown Sunglasses,images\8784.jpg,94.9,1970-01-01 00:00:00,,,Unisex,Accessories,Eyewear,Sunglasses,Brown,Winter,Casual
4975,Gini and Jony Boy's Kent Pack of 3 Tee Kidswear,images\4975.jpg,53.57,1970-01-01 00:00:00,,,Men,Apparel,Topwear,Tshirts,Red,Summer,Casual
56679,Portia Women Brown Sandals,images\56679.jpg,117.05,1970-01-01 00:00:00,,,Women,Footwear,Shoes,Heels,Brown,Winter,Casual
24259,Numero Uno Men Navy Blue Shoes,images\24259.jpg,196.87,1970-01-01 00:00:00,,,Men,Footwear,Shoes,Casual Shoes,Navy Blue,Fall,Casual
38606,Nike Men Printed Boxed White T-shirt,images\38606.jpg,123.29,1970-01-01 00:00:00,,,Men,Apparel,Topwear,Tshirts,White,Summer,Casual
59631,FNF Red & Gold Collection for Wedding Sari,images\59631.jpg,175.73,1970-01-01 00:00:00,,,Women,Apparel,Saree,Sarees,Red,Fall,Ethnic
4149,Nike Women Free White Pink Shoe,images\4149.jpg,111.12,1970-01-01 00:00:00,,,Women,Footwear,Shoes,Sports Shoes,White,Summer,Sports
10850,Wrangler Men Famous Filafil Blue T-Shirts,images\10850.jpg,190.69,1970-01-01 00:00:00,,,Men,Apparel,Topwear,Tshirts,Blue,Fall,Casual
26956,Jealous 21 Women Black Top,images\26956.jpg,84.51,1970-01-01 00:00:00,,,Women,Apparel,Topwear,Tops,Black,Summer,Casual
29122,Puma Unisex Cat Logo Black Cap,images\29122.jpg,177.97,1970-01-01 00:00:00,,,Unisex,Accessories,Headwear,Caps,Black,Summer,Casual
51038,Enamor Women Lupine Coloured Briefs,images\51038.jpg,51.76,1970-01-01 00:00:00,,,Women,Apparel,Innerwear,Briefs,Lavender,Summer,Casual
30833,Fabindia Women Beige Kurta,images\30833.jpg,178.25,1970-01-01 00:00:00,,,Women,Apparel,Topwear,Kurtas,Beige,Summer,Ethnic
48929,Lucera Women Silver Ring,images\48929.jpg,108.57,1970-01-01 00:00:00,,,Women,Accessories,Jewellery,Ring,Silver,Fall,Casual
27884,Scullers For Her Blue Shirt,images\27884.jpg,73.02,1970-01-01 00:00:00,,,Women,Apparel,Topwear,Shirts,Blue,Summer,Formal
55498,Revlon ColorBurst Strawberry Lip Gloss 06,images\55498.jpg,170.65,1970-01-01 00:00:00,,,Women,Personal Care,Lips,Lip Gloss,Pink,Spring,Casual
3708,Classic Polo Men's Navy Grey Stripe T-shirt,images\3708.jpg,65.7,1970-01-01 00:00:00,,,Men,Apparel,Topwear,Tshirts,Navy Blue,Summer,Casual
48115,Fossil Women Black Midnight  Belt,images\48115.jpg,87.02,1970-01-01 00:00:00,,,Women,Accessories,Belts,Belts,Black,Summer,Casual
18665,Fila Men Syncro White Shoes,images\18665.jpg,68.83,1970-01-01 00:00:00,,,Men,Footwear,Shoes,Casual Shoes,White,Summer,Casual
47961,French Connection Women Grey Clutch,images\47961.jpg,107.65,1970-01-01 00:00:00,,,Women,Accessories,Bags,Clutches,Grey,Summer,Casual
10408,United Colors of Benetton Women Solid Black Tops,images\10408.jpg,67.6,1970-01-01 00:00:00,,,Women,Apparel,Topwear,Tops,Black,Fall,Casual
14894,United Colors of Benetton Women Solid Black Bags,images\14894.jpg,60.74,1970-01-01 00:00:00,,,Women,Accessories,Accessories,Travel Accessory,Black,Summer,Casual
15946,Turtle Men Solid Black Ties,images\15946.jpg,86.11,1970-01-01 00:00:00,,,Men,Accessories,Ties,Ties,Black,Fall,Formal
1863,Inkfruit Men Night Wolf T-shirt,images\1863.jpg,153.83,1970-01-01 00:00:00,,,Men,Apparel,Topwear,Tshirts,Black,Summer,Casual
59255,Titan Men Black Watch,images\59255.jpg,103.97,1970-01-01 00:00:00,,,Men,Accessories,Watches,Watches,Black,Winter,Casual
20893,Basics Men Black Casual Shoes,images\20893.jpg,27.08,1970-01-01 00:00:00,,,Men,Footwear,Shoes,Casual Shoes,Black,Fall,Casual
58989,Cavallini Men Deo,images\58989.jpg,158.94,1970-01-01 00:00:00,,,Men,Personal Care,Fragrance,Deodorant,White,Spring,Casual
38050,Q&Q Men Black Digital Watch M119J003Y,images\38050.jpg,51.81,1970-01-01 00:00:00,,,Men,Accessories,Watches,Watches,Black,Winter,Casual
39182,Aneri Women Magenta & Black Kurta,images\39182.jpg,99.98,1970-01-01 00:00:00,,,Women,Apparel,Topwear,Kurtas,Magenta,Summer,Ethnic
41098,Allen Solly Woman Cream Top,images\41098.jpg,80.26,1970-01-01 00:00:00,,,Women,Apparel,Topwear,Tops,Cream,Summer,Casual
21941,Murcia Women Casual Black Handbag,images\21941.jpg,180.71,1970-01-01 00:00:00,,,Women,Accessories,Bags,Handbags,Black,Winter,Casual
56813,Aneri Women Multi Coloured Kurti,images\56813.jpg,139.75,1970-01-01 00:00:00,,,Women,Apparel,Topwear,Kurtis,Multi,Summer,Ethnic
59067,Peri Peri Women Black Bra,images\59067.jpg,87.54,1970-01-01 00:00:00,,,Women,Apparel,Innerwear,Bra,Black,Summer,Casual
15348,Nike Men Special Edition 3 Star Polo Black Tshirts,images\15348.jpg,30.59,1970-01-01 00:00:00,,,Men,Apparel,Topwear,Tshirts,Black,Fall,Casual
12951,Basics Men Blue Slim Fit Checked Shirt,images\12951.jpg,93.75,1970-01-01 00:00:00,,,Men,Apparel,Topwear,Shirts,Blue,Fall,Casual
6048,UCB Men Ben Logo Black Shirt,images\6048.jpg,158.31,1970-01-01 00:00:00,,,Men,Apparel,Topwear,Shirts,Black,Summer,Casual
13883,Scullers Men Check Purple Shirts,images\13883.jpg,21.04,1970-01-01 00:00:00,,,Men,Apparel,Topwear,Shirts,Purple,Fall,Casual
19585,United Colors of Benetton Women Solid Blue Top,images\19585.jpg,20.35,1970-01-01 00:00:00,,,Women,Apparel,Topwear,Tops,Blue,Summer,Casual
6874,Forever New Women Pink Sleeveless Dress,images\6874.jpg,81.03,1970-01-01 00:00:00,,,Women,Apparel,Dress,Dresses,Pink,Summer,Casual
18457,Nautica Blue Men Perfumes,images\18457.jpg,36.55,1970-01-01 00:00:00,,,Men,Personal Care,Fragrance,Perfume and Body Mist,White,Spring,Casual
9000,Puma Men Archive Boot WTR Brown Casual Shoes,images\9000.jpg,194.82,1970-01-01 00:00:00,,,Men,Footwear,Shoes,Casual Shoes,Brown,Fall,Casual
48327,Pitaraa Women Green Sling Bag,images\48327.jpg,107.6,1970-01-01 00:00:00,,,Women,Accessories,Bags,Handbags,Green,Summer,Casual
35589,Gliders Men Yellow Sandals,images\35589.jpg,72.22,1970-01-01 00:00:00,,,Men,Footwear,Sandal,Sandals,Olive,Fall,Casual
31915,Fabindia Women Green Silk Clutch,images\31915.jpg,55.06,1970-01-01 00:00:00,,,Women,Accessories,Bags,Clutches,Green,Summer,Casual
28004,Jockey ZONE Men Black Modern Trunks US19,images\28004.jpg,91.96,1970-01-01 00:00:00,,,Men,Apparel,Innerwear,Trunk,Black,Summer,Casual
27870,Scullers For Her Women White Striped Shirt,images\27870.jpg,86.61,1970-01-01 00:00:00,,,Women,Apparel,Topwear,Shirts,White,Fall,Smart Casual
19743,United colors of benetton Women Blue Cap,images\19743.jpg,128.55,1970-01-01 00:00:00,,,Women,Accessories,Headwear,Caps,Blue,Fall,Casual
49033,Lucera Women Silver Ring,images\49033.jpg,193.89,1970-01-01 00:00:00,,,Women,Accessories,Jewellery,Ring,Silver,Summer,Casual
8314,Locomotive Men Check Lafayette Blue Shirts,images\8314.jpg,73.35,1970-01-01 00:00:00,,,Men,Apparel,Topwear,Shirts,Blue,Summer,Casual
31129,Giny and Jony Girls Printed White & Pink Dress,images\31129.jpg,59.52,1970-01-01 00:00:00,,,Girls,Apparel,Dress,Dresses,Magenta,Summer,Casual
43509,French Connection Women Grey Melange Dress,images\43509.jpg,174.58,1970-01-01 00:00:00,,,Women,Apparel,Dress,Dresses,Grey Melange,Summer,Casual
18691,Hanes Men Black Modern Duo Dry Cotton Stretch Trunks,images\18691.jpg,11.92,1970-01-01 00:00:00,,,Men,Apparel,Innerwear,Trunk,Black,Summer,Casual
47995,Helix Men Black Watch,images\47995.jpg,12.82,1970-01-01 00:00:00,,,Men,Accessories,Watches,Watches,Black,Winter,Casual
38296,Reid & Taylor Men Brown Wallet,images\38296.jpg,186.27,1970-01-01 00:00:00,,,Men,Accessories,Wallets,Wallets,Brown,Summer,Casual
14860,United Colors of Benetton Women Solid Grey Charcoal Wallets,images\14860.jpg,100.9,1970-01-01 00:00:00,,,Women,Accessories,Wallets,Wallets,Charcoal,Summer,Casual
39344,Mr. Men Green T-shirt,images\39344.jpg,31.0,1970-01-01 00:00:00,,,Men,Apparel,Topwear,Tshirts,Green,Fall,Casual
1897,FIFA Men Germany Blue Jersey,images\1897.jpg,98.78,1970-01-01 00:00:00,,,Men,Apparel,Topwear,Tshirts,Blue,Winter,Sports
52649,Mod'acc Women Orange Handbag,images\52649.jpg,80.53,1970-01-01 00:00:00,,,Women,Accessories,Bags,Handbags,Orange,Summer,Casual
57109,Elle Women Blue Tunic,images\57109.jpg,61.17,1970-01-01 00:00:00,,,Women,Apparel,Topwear,Tunics,Blue,Summer,Casual
36902,Fossil Men Silver-Toned Dial Chronograph Watch FS4643,images\36902.jpg,167.39,1970-01-01 00:00:00,,,Men,Accessories,Watches,Watches,Silver,Winter,Casual
25529,Wrangler Men Griffith White Shirt,images\25529.jpg,57.86,1970-01-01 00:00:00,,,Men,Apparel,Topwear,Shirts,White,Summer,Casual
39176,Aneri Women Purple Kurta,images\39176.jpg,38.78,1970-01-01 00:00:00,,,Women,Apparel,Topwear,Kurtas,Purple,Summer,Ethnic
40982,Gini and Jony Boys Core White T-shirt,images\40982.jpg,113.79,1970-01-01 00:00:00,,,Boys,Apparel,Topwear,Tshirts,White,Summer,Casual
58141,Rreverie Silver Earrings,images\58141.jpg,62.79,1970-01-01 00:00:00,,,Women,Accessories,Jewellery,Earrings,Silver,Fall,Casual
57935,Clarks Men Black Leather Closed Sandals,images\57935.jpg,110.39,1970-01-01 00:00:00,,,Men,Footwear,Sandal,Sandals,Black,Spring,Casual
59093,Peri Peri Women White Bra,images\59093.jpg,59.05,1970-01-01 00:00:00,,,Women,Apparel,Innerwear,Bra,White,Summer,Casual
41850,Genesis Men Pack of 3 Socks,images\41850.jpg,136.85,1970-01-01 00:00:00,,,Men,Accessories,Socks,Socks,Black,Winter,Casual
21189,Quiksilver Unisex Blue Backpack,images\21189.jpg,119.08,1970-01-01 00:00:00,,,Unisex,Accessories,Bags,Backpacks,Blue,Summer,Casual
16539,Basics Men White Slim Fit Striped Shirt,images\16539.jpg,19.16,1970-01-01 00:00:00,,,Men,Apparel,Topwear,Shirts,White,Fall,Casual
46249,Fusion Beats Women Dark Pink Tunic,images\46249.jpg,81.45,1970-01-01 00:00:00,,,Women,Apparel,Topwear,Tunics,Pink,Summer,Ethnic
13877,Scullers Men Solid Maroon Shirts,images\13877.jpg,86.45,1970-01-01 00:00:00,,,Men,Apparel,Topwear,Shirts,Maroon,Fall,Casual
28236,Secret Temptation Women Mystery Deo,images\28236.jpg,166.57,1970-01-01 00:00:00,,,Women,Personal Care,Fragrance,Deodorant,Pink,Spring,Casual
8126,Fastrack Men Non Leather Brown Belts,images\8126.jpg,199.25,1970-01-01 00:00:00,,,Men,Accessories,Belts,Belts,Brown,Winter,Casual
19571,United Colors of Benetton Men Printed Black TShirt,images\19571.jpg,119.33,1970-01-01 00:00:00,,,Men,Apparel,Topwear,Tshirts,Black,Summer,Casual
12199,Basics Men Blue Polo T-shirt,images\12199.jpg,32.73,1970-01-01 00:00:00,,,Men,Apparel,Topwear,Tshirts,Blue,Summer,Casual
7952,Puma Men's Knit Polo Black  Polo T-shirt,images\7952.jpg,165.5,1970-01-01 00:00:00,,,Men,Apparel,Topwear,Tshirts,Black,Fall,Sports
6880,Forever New Women Long Black Jacket,images\6880.jpg,11.7,1970-01-01 00:00:00,,,Women,Apparel,Topwear,Jackets,Black,Summer,Casual
11378,United Colors of Benetton Men Summer White Shirts,images\11378.jpg,17.93,1970-01-01 00:00:00,,,Men,Apparel,Topwear,Shirts,White,Fall,Formal
45894,Maxima Men Black Dial Watch,images\45894.jpg,78.37,1970-01-01 00:00:00,,,Men,Free Items,Free Gifts,Free Gifts,Black,Winter,Casual
39512,Peter England Unisex Black Backpack,images\39512.jpg,81.96,1970-01-01 00:00:00,,,Unisex,Accessories,Bags,Backpacks,Black,Summer,Casual
52823,Adrika Green Earrings,images\52823.jpg,141.51,1970-01-01 00:00:00,,,Women,Accessories,Jewellery,Earrings,Green,Summer,Casual
41408,Wrangler Women Red Stay Gold Tee Top,images\41408.jpg,75.03,1970-01-01 00:00:00,,,Women,Apparel,Topwear,Tops,Red,Summer,Casual
33028,Mother Earth Women Printed Blue Kurta,images\33028.jpg,32.16,1970-01-01 00:00:00,,,Women,Apparel,Topwear,Kurtas,Blue,Summer,Ethnic
25971,Femella Women Black Dress,images\25971.jpg,188.89,1970-01-01 00:00:00,,,Women,Apparel,Dress,Dresses,Black,Summer,Casual
58525,Wildcraft Unisex Green Chalk Bag,images\58525.jpg,48.19,1970-01-01 00:00:00,,,Unisex,Accessories,Accessories,Travel Accessory,Green,Summer,Casual
37488,Esprit Women Silver Dial Watch,images\37488.jpg,184.0,1970-01-01 00:00:00,,,Women,Accessories,Watches,Watches,Silver,Winter,Casual
2844,Mr.Men Men's Mr.Busy Navy T-shirt,images\2844.jpg,117.19,1970-01-01 00:00:00,,,Men,Apparel,Topwear,Tshirts,Navy Blue,Summer,Casual
50748,Red Chief Men Brown Shoes,images\50748.jpg,199.62,1970-01-01 00:00:00,,,Men,Footwear,Shoes,Casual Shoes,Brown,Winter,Casual
28652,Nike Men Tiempo Natural IV Black Sports Shoes,images\28652.jpg,125.33,1970-01-01 00:00:00,,,Men,Footwear,Shoes,Sports Shoes,Black,Summer,Sports
29780,Basics Men Black Trousers,images\29780.jpg,127.66,1970-01-01 00:00:00,,,Men,Apparel,Bottomwear,Trousers,Black,Summer,Casual
22368,Ed Hardy Men Diving Dragon Peach T-Shirt,images\22368.jpg,77.63,1970-01-01 00:00:00,,,Men,Apparel,Topwear,Tshirts,Peach,Fall,Casual
3996,Spalding Men Black Flip Flops,images\3996.jpg,26.84,1970-01-01 00:00:00,,,Men,Footwear,Flip Flops,Flip Flops,Black,Summer,Casual
19929,Reid & Taylor Men Formal Blue Tie+Cufflink+Pocket square - Combo Pack,images\19929.jpg,19.31,1970-01-01 00:00:00,,,Men,Accessories,Accessories,Accessory Gift Set,Blue,Fall,Formal
2078,ADIDAS Women Fitted Black T-shirt,images\2078.jpg,183.54,1970-01-01 00:00:00,,,Women,Apparel,Topwear,Tshirts,Black,Fall,Sports
9490,Puma Unisex Deck Black Backpacks,images\9490.jpg,59.63,1970-01-01 00:00:00,,,Unisex,Accessories,Bags,Backpacks,Black,Fall,Casual
49665,United Colors of Benetton Men Sunglass,images\49665.jpg,59.6,1970-01-01 00:00:00,,,Men,Accessories,Eyewear,Sunglasses,Black,Winter,Casual
8542,Crocs Women Abf Single Flip Slippers,images\8542.jpg,124.49,1970-01-01 00:00:00,,,Women,Footwear,Flip Flops,Flip Flops,Black,Fall,Casual
16961,Image Men Sunglasses,images\16961.jpg,39.8,1970-01-01 00:00:00,,,Men,Accessories,Eyewear,Sunglasses,Black,Winter,Casual
19115,Campbell Men Pack of 3 Solid Tshirts,images\19115.jpg,186.62,1970-01-01 00:00:00,,,Men,Apparel,Topwear,Tshirts,White,Summer,Casual
28460,Urban Yoga Women Pink Shorts,images\28460.jpg,97.7,1970-01-01 00:00:00,,,Women,Apparel,Bottomwear,Shorts,Pink,Summer,Sports
23088,Arrow Sport Men Dk.Grey Brown Trousers,images\23088.jpg,107.52,1970-01-01 00:00:00,,,Men,Apparel,Bottomwear,Trousers,Grey,Fall,Casual
43951,Catwalk Women Bronze Heels,images\43951.jpg,163.47,1970-01-01 00:00:00,,,Women,Footwear,Shoes,Heels,Bronze,Winter,Casual
55834,Colorbar Miss Reflective Body Shimmer 001,images\55834.jpg,65.81,1970-01-01 00:00:00,,,Women,Personal Care,Beauty Accessories,Beauty Accessory,Skin,Spring,Casual
42883,French Connection Women Black Sling Bag,images\42883.jpg,114.01,1970-01-01 00:00:00,,,Women,Accessories,Bags,Handbags,Black,Summer,Casual
48585,Lucera Women Silver Bracelet,images\48585.jpg,155.42,1970-01-01 00:00:00,,,Women,Accessories,Jewellery,Bracelet,Silver,Summer,Casual
34803,Flying Machine Men Woven Green Belt,images\34803.jpg,120.16,1970-01-01 00:00:00,,,Men,Accessories,Belts,Belts,Green,Summer,Casual
27428,Jockey Women Black V-neck T-Shirt,images\27428.jpg,99.98,1970-01-01 00:00:00,,,Women,Apparel,Topwear,Tshirts,Black,Fall,Casual
55008,Lakme Sheer Satin Lip Gloss 41,images\55008.jpg,120.97,1970-01-01 00:00:00,,,Women,Personal Care,Lips,Lip Gloss,Maroon,Spring,
19327,Myntra Men Solid Blue Sweatshirt,images\19327.jpg,49.95,1970-01-01 00:00:00,,,Men,Apparel,Topwear,Sweatshirts,Navy Blue,Fall,Casual
3398,Murcia Women Black Handbag,images\3398.jpg,126.83,1970-01-01 00:00:00,,,Women,Accessories,Bags,Handbags,Black,Winter,Casual
39720,Arrow Woman Olive Jumpsuit,images\39720.jpg,60.16,1970-01-01 00:00:00,,,Women,Apparel,Dress,Jumpsuit,Olive,Summer,Casual
10098,Fastrack Men Analogue Plastic White Watch,images\10098.jpg,113.9,1970-01-01 00:00:00,,,Men,Accessories,Watches,Watches,White,Winter,Casual
5853,ADIDAS Women Blue Handbag,images\5853.jpg,18.3,1970-01-01 00:00:00,,,Women,Accessories,Bags,Handbags,Blue,Summer,Casual
11976,Fila Men Paramount Plus Black Shoes,images\11976.jpg,194.3,1970-01-01 00:00:00,,,Men,Footwear,Shoes,Casual Shoes,Black,Summer,Casual
36768,Maxima Men Gold Dial Watch,images\36768.jpg,92.33,1970-01-01 00:00:00,,,Men,Accessories,Watches,Watches,Gold,Winter,Formal
44348,Indian Terrain Men Brown Check Shirt,images\44348.jpg,116.96,1970-01-01 00:00:00,,,Men,Apparel,Topwear,Shirts,Brown,Summer,Casual
14438,Enroute Women Casual Yellow Heels,images\14438.jpg,89.88,1970-01-01 00:00:00,,,Women,Footwear,Shoes,Heels,Yellow,Summer,Casual
46282,109F Women Yellow Tunic,images\46282.jpg,110.1,1970-01-01 00:00:00,,,Women,Apparel,Topwear,Tunics,Yellow,Summer,Casual
47350,Baggit Women Green Bag,images\47350.jpg,60.52,1970-01-01 00:00:00,,,Women,Accessories,Bags,Handbags,Green,Summer,Casual
23615,Nike Fragrances Women Basic Perfume,images\23615.jpg,97.79,1970-01-01 00:00:00,,,Women,Personal Care,Fragrance,Perfume and Body Mist,Red,Spring,Casual
17420,Casio Enticer Men Black Dial Analogue Watch A479,images\17420.jpg,26.04,1970-01-01 00:00:00,,,Men,Accessories,Watches,Watches,Black,Winter,Casual
9803,Scullers For Her Women Scullers Top Navy Blue Tops,images\9803.jpg,189.76,1970-01-01 00:00:00,,,Women,Apparel,Topwear,Tunics,Navy Blue,Fall,Casual
3505,ADIDAS Women Adi Light White Fresh Shoe,images\3505.jpg,50.57,1970-01-01 00:00:00,,,Women,Footwear,Shoes,Casual Shoes,White,Fall,Casual
42622,Estelle Women Earrings,images\42622.jpg,119.25,1970-01-01 00:00:00,,,Women,Accessories,Jewellery,Earrings,Gold,Winter,Casual
12152,Aurelia Women Printed Purple Kurti,images\12152.jpg,89.39,1970-01-01 00:00:00,,,Women,Apparel,Topwear,Kurtis,Purple,Fall,Ethnic
26367,Arrow Woman Lavender Shirt,images\26367.jpg,151.18,1970-01-01 00:00:00,,,Women,Apparel,Topwear,Shirts,Lavender,Summer,
18468,Reebok Reelive Women Perfumes,images\18468.jpg,31.08,1970-01-01 00:00:00,,,Women,Personal Care,Fragrance,Perfume and Body Mist,White,Spring,Casual
13080,Numero Uno Men Black Casual Shoes,images\13080.jpg,193.26,1970-01-01 00:00:00,,,Men,Footwear,Shoes,Casual Shoes,Black,Summer,Casual
48318,Pitaraa Silver Omelette Thin Bracelet,images\48318.jpg,162.84,1970-01-01 00:00:00,,,Women,Accessories,Jewellery,Bracelet,Silver,Winter,Casual
30202,Nike Unisex Classic Turf Navy Blue Backpack,images\30202.jpg,176.41,1970-01-01 00:00:00,,,Unisex,Accessories,Bags,Backpacks,Navy Blue,Summer,Casual
33487,Doodle Kids Boy Check Red Shirt,images\33487.jpg,120.79,1970-01-01 00:00:00,,,Men,Apparel,Topwear,Shirts,Red,Summer,Casual
40175,Fastrack Men Revo Coated Sporty Wrap Sunglasses,images\40175.jpg,30.25,1970-01-01 00:00:00,,,Men,Accessories,Eyewear,Sunglasses,Grey,Winter,Casual
10605,Esprit Women Houston Funny Pink Watches,images\10605.jpg,41.99,1970-01-01 00:00:00,,,Women,Accessories,Watches,Watches,Pink,Winter,Casual
56010,Colorbar Velvet Matte Hot Hot Hot Red Lipstick 01R,images\56010.jpg,22.23,1970-01-01 00:00:00,,,Women,Personal Care,Lips,Lipstick,Red,Summer,Casual
32555,Playboy Men White Shoes,images\32555.jpg,113.63,1970-01-01 00:00:00,,,Men,Footwear,Shoes,Casual Shoes,White,Summer,Casual
53562,Q&Q Unisex Blue Dial Watch,images\53562.jpg,178.91,1970-01-01 00:00:00,,,Unisex,Accessories,Watches,Watches,Blue,Winter,Casual
40949,Gini and Jony Boys Around the World White T-shirt,images\40949.jpg,160.83,1970-01-01 00:00:00,,,Boys,Apparel,Topwear,Tshirts,White,Summer,Casual
45407,Rocia Women Brown Sandals,images\45407.jpg,172.79,1970-01-01 00:00:00,,,Women,Footwear,Shoes,Flats,Brown,Summer,Casual
4720,Disney Kids Girl's Fun In The Fair Yellow Teen Kidswear,images\4720.jpg,112.74,1970-01-01 00:00:00,,,Girls,Apparel,Topwear,Tshirts,Yellow,Summer,Casual
21142,s.Oliver Women Grey Top,images\21142.jpg,108.13,1970-01-01 00:00:00,,,Women,Apparel,Topwear,Tops,Grey,Fall,Casual
39981,Gas Men Jack Grey Shoes,images\39981.jpg,19.18,1970-01-01 00:00:00,,,Men,Footwear,Shoes,Casual Shoes,Grey,Summer,Casual
59058,Global Desi Women Black Kurti,images\59058.jpg,66.41,1970-01-01 00:00:00,,,Women,Apparel,Topwear,Kurtis,Black,Summer,Ethnic
15377,Fila Men Lobato Navy Blue Casual Shoes,images\15377.jpg,154.45,1970-01-01 00:00:00,,,Men,Footwear,Shoes,Casual Shoes,Navy Blue,Summer,Casual
10437,Flying Machine Men HS Green Shirts,images\10437.jpg,87.5,1970-01-01 00:00:00,,,Men,Apparel,Topwear,Shirts,Green,Fall,Casual
24602,BIba Women Blue Printed Kurta,images\24602.jpg,134.67,1970-01-01 00:00:00,,,Women,Apparel,Topwear,Kurtas,Blue,Fall,Ethnic
32767,John Miller Men Striped White Shirt,images\32767.jpg,184.95,1970-01-01 00:00:00,,,Men,Apparel,Topwear,Shirts,White,Summer,Formal
56222,SDL by Sweet Dreams Men Blue & Grey Pyjama Set,images\56222.jpg,123.08,1970-01-01 00:00:00,,,Men,Apparel,Loungewear and Nightwear,Night suits,Blue,Summer,Casual
37215,United Colors of Benetton Men Grey Shirt,images\37215.jpg,121.37,1970-01-01 00:00:00,,,Men,Apparel,Topwear,Shirts,Grey,Summer,Casual
14097,Flying Machine Men Blue Polo Tshirts,images\14097.jpg,178.97,1970-01-01 00:00:00,,,Men,Apparel,Topwear,Tshirts,Blue,Fall,Casual
53750,ADIDAS Women Dark Grey Track Pant,images\53750.jpg,32.53,1970-01-01 00:00:00,,,Women,Apparel,Bottomwear,Track Pants,Grey,Summer,Casual
52682,Morellato Men Silver Dial Watch,images\52682.jpg,114.87,1970-01-01 00:00:00,,,Men,Accessories,Watches,Watches,Silver,Winter,Casual
15145,Arrow Sport Men Printed Navy Blue Shirts,images\15145.jpg,176.34,1970-01-01 00:00:00,,,Men,Apparel,Topwear,Shirts,Navy Blue,Fall,Casual
45635,Park Avenue Men White Briefs FB003,images\45635.jpg,51.36,1970-01-01 00:00:00,,,Men,Apparel,Innerwear,Briefs,White,Summer,Casual
4512,Lotto Women Osaka Grey Violet Shoe,images\4512.jpg,168.78,1970-01-01 00:00:00,,,Women,Footwear,Shoes,Sports Shoes,Grey,Summer,Sports
7397,Red Tape Men's Black Formal Shoe,images\7397.jpg,134.67,1970-01-01 00:00:00,,,Men,Footwear,Shoes,Formal Shoes,Black,Winter,Formal
35542,Enroute Kids Girls Pink Sandals,images\35542.jpg,54.36,1970-01-01 00:00:00,,,Girls,Footwear,Sandal,Sandals,Pink,Summer,Casual
26969,Jealous 21 Women Printed White & Blue Top,images\26969.jpg,25.26,1970-01-01 00:00:00,,,Women,Apparel,Topwear,Tops,White,Summer,Casual
51007,Enamor Black Full Figure Bra,images\51007.jpg,60.4,1970-01-01 00:00:00,,,Women,Apparel,Innerwear,Bra,Black,Summer,Casual
48916,Lucera Women Silver Pendant,images\48916.jpg,70.42,1970-01-01 00:00:00,,,Women,Accessories,Jewellery,Pendant,Silver,Summer,Casual
17612,Doodle Cute Girls  Grey Tshirt,images\17612.jpg,144.97,1970-01-01 00:00:00,,,Girls,Apparel,Topwear,Tshirts,Grey,Fall,Casual
47162,Peter England Men Brown Belt,images\47162.jpg,116.56,1970-01-01 00:00:00,,,Men,Accessories,Belts,Belts,Brown,Summer,Casual
6245,UCB Men's Contrast Logo Grey T-shirt,images\6245.jpg,50.47,1970-01-01 00:00:00,,,Men,Apparel,Topwear,Tshirts,Grey,Summer,Casual
19788,U.S. Polo Assn. Men Solid Green Tshirt,images\19788.jpg,198.33,1970-01-01 00:00:00,,,Men,Apparel,Topwear,Tshirts,Green,Winter,Casual
12360,Reid & Taylor Men Solid Black Shirts,images\12360.jpg,198.19,1970-01-01 00:00:00,,,Men,Apparel,Topwear,Shirts,Black,Fall,Formal
26155,John Miller Men Striped Grey Trousers,images\26155.jpg,99.35,1970-01-01 00:00:00,,,Men,Apparel,Bottomwear,Trousers,Grey,Summer,Formal
3737,Lotto Unisex Kochi Tuskers Sovenior Purple Orange Cap,images\3737.jpg,115.4,1970-01-01 00:00:00,,,Unisex,Accessories,Headwear,Caps,Purple,Fall,Sports
42410,Basics Men White Hip Brief,images\42410.jpg,13.69,1970-01-01 00:00:00,,,Men,Apparel,Innerwear,Briefs,White,Summer,Casual
29921,Police Men Black Dial Chronograph Watch PL12777JS-02M,images\29921.jpg,70.25,1970-01-01 00:00:00,,,Men,Accessories,Watches,Watches,Black,Winter,Casual
27087,Aneri Women Egyptian Black Kurta,images\27087.jpg,175.2,1970-01-01 00:00:00,,,Women,Apparel,Topwear,Kurtas,Black,Summer,Ethnic
54575,Sushilas Women Printed Maroon Kurta,images\54575.jpg,138.68,1970-01-01 00:00:00,,,Women,Apparel,Topwear,Kurtas,Maroon,Summer,Ethnic
32303,Q&Q Men Black Dial Watch,images\32303.jpg,87.53,1970-01-01 00:00:00,,,Men,Accessories,Watches,Watches,Black,Winter,Casual
56646,Mumbai Slang Women White Kurti,images\56646.jpg,167.25,1970-01-01 00:00:00,,,Women,Apparel,Topwear,Kurtis,White,Fall,Ethnic
5898,Puma Men Tekkies Jam Blue Shoe,images\5898.jpg,145.97,1970-01-01 00:00:00,,,Men,Footwear,Shoes,Casual Shoes,Blue,Summer,Casual
57794,Lotus Herbals Pomegranate & Plum Energizing Skin Polisher,images\57794.jpg,156.0,1970-01-01 00:00:00,,,Women,Personal Care,Skin Care,Face Wash and Cleanser,Maroon,Spring,Casual
10053,Gini And Jony Vini Romper Pink T-Shirts,images\10053.jpg,189.37,1970-01-01 00:00:00,,,Women,Apparel,Topwear,Tshirts,Pink,Summer,Casual
24266,Quiksilver Men Red T-shirt,images\24266.jpg,43.88,1970-01-01 00:00:00,,,Men,Apparel,Topwear,Tshirts,Red,Summer,Casual
38639,Nike Men Blue Cricket Blue Polo Tshirt,images\38639.jpg,55.75,1970-01-01 00:00:00,,,Men,Apparel,Topwear,Tshirts,Blue,Summer,Casual
15521,Rockport Men Jelbalp Black Flip Flops,images\15521.jpg,182.88,1970-01-01 00:00:00,,,Men,Footwear,Flip Flops,Flip Flops,Black,Fall,Casual
45251,Casio Youth Series Men Digital Watch W-734-1AVDF(D090),images\45251.jpg,120.19,1970-01-01 00:00:00,,,Men,Accessories,Watches,Watches,Black,Winter,Casual
37671,American Tourister Unisex Black Backpack,images\37671.jpg,92.2,1970-01-01 00:00:00,,,Unisex,Accessories,Bags,Backpacks,Black,Summer,Casual
44383,Spinz Women Exotic Deo,images\44383.jpg,126.25,1970-01-01 00:00:00,,,Women,Personal Care,Fragrance,Deodorant,Pink,Spring,Casual
23043,Arrow Woman Blue Jeggings,images\23043.jpg,80.43,1970-01-01 00:00:00,,,Women,Apparel,Bottomwear,Leggings,Blue,Fall,Casual
17276,U.S. Polo Assn. Men Printed Mustard Tshirt,images\17276.jpg,81.93,1970-01-01 00:00:00,,,Men,Apparel,Topwear,Tshirts,Mustard,Fall,Casual
47506,Facit Men Blue Innerwear Vest,images\47506.jpg,137.79,1970-01-01 00:00:00,,,Men,Apparel,Innerwear,Innerwear Vests,Blue,Summer,Casual
6621,ADIDAS Men's Boris Black Shoe,images\6621.jpg,20.89,1970-01-01 00:00:00,,,Men,Footwear,Shoes,Sports Shoes,Black,Summer,Sports
51463,Tonga Women Black Top,images\51463.jpg,149.96,1970-01-01 00:00:00,,,Women,Apparel,Topwear,Tops,Black,Summer,Casual
42848,French Connection Women Brown Wallet,images\42848.jpg,104.79,1970-01-01 00:00:00,,,Women,Accessories,Wallets,Wallets,Brown,Summer,Casual
22191,Timberland Men Light Brown Casual Shoes,images\22191.jpg,84.07,1970-01-01 00:00:00,,,Men,Footwear,Shoes,Casual Shoes,Brown,Fall,Casual
9669,Indigo Nation Men Checks Blue Shirts,images\9669.jpg,145.99,1970-01-01 00:00:00,,,Men,Apparel,Topwear,Shirts,Blue,Fall,Casual
54111,Rocia Women Copper Flats,images\54111.jpg,78.62,1970-01-01 00:00:00,,,Women,Footwear,Shoes,Heels,Copper,Winter,Casual
12704,Nike Men Air Relentness Grey Sports Shoes,images\12704.jpg,42.19,1970-01-01 00:00:00,,,Men,Footwear,Shoes,Sports Shoes,Grey,Fall,Sports
26531,Gas Men Arunta Olive Casual Shoes,images\26531.jpg,82.29,1970-01-01 00:00:00,,,Men,Footwear,Shoes,Casual Shoes,Olive,Summer,Casual
31586,Mark Taylor Men Printed Yellow T-shirt,images\31586.jpg,95.4,1970-01-01 00:00:00,,,Men,Apparel,Topwear,Tshirts,Yellow,Summer,Casual
3353,Myntra Men's I am a nice guy Navy Blue T-shirt,images\3353.jpg,88.82,1970-01-01 00:00:00,,,Men,Apparel,Topwear,Tshirts,Blue,Summer,Casual
42074,American Tourister Men Black Coin Passcase Wallet,images\42074.jpg,80.55,1970-01-01 00:00:00,,,Men,Accessories,Wallets,Wallets,Black,Summer,Casual
47734,Murcia Women Grey Handbag,images\47734.jpg,47.25,1970-01-01 00:00:00,,,Women,Accessories,Bags,Handbags,Grey,Fall,Casual
6413,Lotto Unisex Canvas Pink Shoe,images\6413.jpg,106.53,1970-01-01 00:00:00,,,Unisex,Footwear,Shoes,Casual Shoes,Pink,Summer,Casual
18830,Peter England Men Formal Black Belt,images\18830.jpg,61.85,1970-01-01 00:00:00,,,Men,Accessories,Belts,Belts,Black,Summer,Formal
28699,W Women Printed  Light Pink Kurta,images\28699.jpg,140.53,1970-01-01 00:00:00,,,Women,Apparel,Topwear,Kurtas,Pink,Summer,Ethnic
23271,Maxima Ssteele Men White Watch,images\23271.jpg,188.41,1970-01-01 00:00:00,,,Men,Accessories,Watches,Watches,White,Winter,Casual
17044,Gas Men Aventura Sandal,images\17044.jpg,112.46,1970-01-01 00:00:00,,,Men,Footwear,Sandal,Sandals,Brown,Summer,Casual
50783,Clarks Women Black Onslow Beat Leather Wedges,images\50783.jpg,95.96,1970-01-01 00:00:00,,,Women,Footwear,Shoes,Heels,Black,Winter,Casual
51651,Fossil Men Grey Dial Chronograph Watch FS4584,images\51651.jpg,92.75,1970-01-01 00:00:00,,,Men,Accessories,Watches,Watches,Grey,Winter,Casual
16196,Puma Men Heroes Red Jackets,images\16196.jpg,17.03,1970-01-01 00:00:00,,,Men,Apparel,Topwear,Jackets,Red,Fall,Sports
35314,Fabindia Women Anusuya Silver Earrings,images\35314.jpg,123.27,1970-01-01 00:00:00,,,Women,Accessories,Jewellery,Earrings,Silver,Winter,Ethnic
43394,Lino Perros Men Brown Wallet,images\43394.jpg,78.44,1970-01-01 00:00:00,,,Men,Accessories,Wallets,Wallets,Brown,Summer,Casual
17878,Levis Men Comfort Style Maroon Innerwear Vest,images\17878.jpg,40.14,1970-01-01 00:00:00,,,Men,Apparel,Innerwear,Innerwear Vests,Maroon,Summer,Casual
30666,Park Avenue Men Black Sunglasses,images\30666.jpg,53.88,1970-01-01 00:00:00,,,Men,Accessories,Eyewear,Sunglasses,Black,Winter,Casual
3161,Nike Men's Air Citius MSL White Grey Shoe,images\3161.jpg,28.51,1970-01-01 00:00:00,,,Men,Footwear,Shoes,Sports Shoes,White,Summer,Sports
8589,Scullers Men Scul Blue Shirts,images\8589.jpg,115.34,1970-01-01 00:00:00,,,Men,Apparel,Topwear,Shirts,Blue,Fall,Casual
12536,Puma Women Solid Black Sweatshirts,images\12536.jpg,78.38,1970-01-01 00:00:00,,,Women,Apparel,Topwear,Sweatshirts,Black,Fall,Casual
26703,Nike Men White Court Shuttle Shoes,images\26703.jpg,35.08,1970-01-01 00:00:00,,,Men,Footwear,Shoes,Sports Shoes,White,Fall,Sports
25186,Lino Perros Women Leatherette Brown Handbag,images\25186.jpg,66.28,1970-01-01 00:00:00,,,Women,Accessories,Bags,Handbags,Brown,Winter,Casual
56474,Streetwear Fiery Femme Nail Polish # 18,images\56474.jpg,71.77,1970-01-01 00:00:00,,,Women,Personal Care,Nails,Nail Polish,Red,Spring,
1636,Nike Men Air Zoom Century Shoes,images\1636.jpg,77.58,1970-01-01 00:00:00,,,Men,Footwear,Shoes,Sports Shoes,White,Fall,Sports
40511,Titan Men White Dial Watch,images\40511.jpg,151.55,1970-01-01 00:00:00,,,Men,Accessories,Watches,Watches,White,Winter,Casual
10261,John Miller Men Slim Brown Trousers,images\10261.jpg,110.99,1970-01-01 00:00:00,,,Men,Apparel,Bottomwear,Trousers,Brown,Fall,Formal
24054,Locomotive Men Printed Blue T-shirt,images\24054.jpg,93.0,1970-01-01 00:00:00,,,Men,Apparel,Topwear,Tshirts,Blue,Fall,Casual
4344,Fila Men's Abascuss White Blue Shoe,images\4344.jpg,93.12,1970-01-01 00:00:00,,,Men,Footwear,Shoes,Sports Shoes,White,Summer,Sports
21526,Kiara Women Glossy Red Handbag,images\21526.jpg,27.87,1970-01-01 00:00:00,,,Women,Accessories,Bags,Handbags,Red,Winter,Casual
15713,Nike Men Air Relentless Black Sports Shoes,images\15713.jpg,175.72,1970-01-01 00:00:00,,,Men,Footwear,Shoes,Sports Shoes,Black,Fall,Sports
53106,Fabindia Silver Earrings,images\53106.jpg,120.21,1970-01-01 00:00:00,,,Women,Accessories,Jewellery,Earrings,Silver,Winter,Casual
5296,Puma Men Black Floater,images\5296.jpg,90.46,1970-01-01 00:00:00,,,Men,Footwear,Sandal,Sandals,Black,Summer,Casual
24868,Reid & Taylor Men Casual Black Wallet,images\24868.jpg,28.67,1970-01-01 00:00:00,,,Men,Accessories,Wallets,Wallets,Black,Summer,Casual
41605,Basics Men Grey Shirt,images\41605.jpg,26.62,1970-01-01 00:00:00,,,Men,Apparel,Topwear,Shirts,Grey,Fall,Casual
25340,Levis Men Beige Boxer Trunks,images\25340.jpg,196.52,1970-01-01 00:00:00,,,Men,Apparel,Innerwear,Trunk,Beige,Summer,Casual
11175,Scullers Men Stripes White Sweaters,images\11175.jpg,178.09,1970-01-01 00:00:00,,,Men,Apparel,Topwear,Sweaters,White,Fall,Casual
57760,Lotus Herbals Tea Tree Face Wash,images\57760.jpg,47.38,1970-01-01 00:00:00,,,Women,Personal Care,Skin Care,Face Wash and Cleanser,White,Spring,
24292,Quiksilver Men High Black Socks,images\24292.jpg,36.9,1970-01-01 00:00:00,,,Men,Accessories,Socks,Socks,Black,Summer,Casual
33225,Sepia Women Pink Dress,images\33225.jpg,40.01,1970-01-01 00:00:00,,,Women,Apparel,Dress,Dresses,Pink,Summer,Casual
11949,Ganuchi Men Casual Brown Casual Shoes,images\11949.jpg,81.43,1970-01-01 00:00:00,,,Men,Footwear,Shoes,Casual Shoes,Brown,Fall,Casual
36757,Maxima Women Black Watch,images\36757.jpg,121.66,1970-01-01 00:00:00,,,Women,Accessories,Watches,Watches,Black,Winter,Casual
37685,American Tourister Unisex Black Backpack,images\37685.jpg,71.71,1970-01-01 00:00:00,,,Unisex,Accessories,Bags,Backpacks,Black,Summer,Casual
5050,Fila Men's Passion Black red Canvas Shoe,images\5050.jpg,115.7,1970-01-01 00:00:00,,,Men,Footwear,Shoes,Casual Shoes,Black,Summer,Casual
44377,Jovan Men White Musk Deo,images\44377.jpg,134.85,1970-01-01 00:00:00,,,Men,Personal Care,Fragrance,Deodorant,Grey,Spring,Casual
58728,Puma Women Pink T-shirt,images\58728.jpg,109.29,1970-01-01 00:00:00,,,Women,Apparel,Topwear,Tshirts,Pink,Summer,Casual
50545,Chromozome Men Pack of Two Briefs,images\50545.jpg,173.73,1970-01-01 00:00:00,,,Men,Apparel,Innerwear,Briefs,Black,Summer,Casual
17282,U.S. Polo Assn. Men Printed Black Tshirt,images\17282.jpg,127.49,1970-01-01 00:00:00,,,Men,Apparel,Topwear,Tshirts,Black,Fall,Casual
34000,Femella Women Black Top,images\34000.jpg,17.88,1970-01-01 00:00:00,,,Women,Apparel,Topwear,Tops,Black,Summer,Casual
7707,Jealous 21 Women's Abbie Black Jegging,images\7707.jpg,145.97,1970-01-01 00:00:00,,,Women,Apparel,Bottomwear,Jeans,Black,Fall,Casual
46420,Timex Men Cream Dial Chronograph Watch,images\46420.jpg,95.53,1970-01-01 00:00:00,,,Men,Accessories,Watches,Watches,Cream,Winter,Casual
16350,Peter England Men Stripes Cream Shirt,images\16350.jpg,178.07,1970-01-01 00:00:00,,,Men,Apparel,Topwear,Shirts,Cream,Fall,Formal
51497,Denizen Women Navy Blue Jeans,images\51497.jpg,107.33,1970-01-01 00:00:00,,,Women,Apparel,Bottomwear,Jeans,Navy Blue,Summer,Casual
22165,Timberland Men Brown Casual Shoes,images\22165.jpg,87.06,1970-01-01 00:00:00,,,Men,Footwear,Shoes,Casual Shoes,Brown,Fall,Casual
43152,Fastrack Men Black Watch,images\43152.jpg,48.18,1970-01-01 00:00:00,,,Men,Accessories,Watches,Watches,Black,Winter,Casual
2275,Nike Mens Challenger Graphic White T-shirt,images\2275.jpg,166.86,1970-01-01 00:00:00,,,Men,Apparel,Topwear,Tshirts,White,Fall,Sports
27417,Jockey Women Blue Relaxed Capris,images\27417.jpg,167.49,1970-01-01 00:00:00,,,Women,Apparel,Bottomwear,Capris,Blue,Winter,Casual
55037,Lakme Absolute Matte Bitter Chocolate Lipstick 53,images\55037.jpg,67.44,1970-01-01 00:00:00,,,Women,Personal Care,Lips,Lipstick,Brown,Spring,Casual
19318,Nike Unisex Classic Base Blue Backpack,images\19318.jpg,48.35,1970-01-01 00:00:00,,,Unisex,Accessories,Bags,Backpacks,Blue,Fall,Casual
49468,Vans Men Red Old Skool Shoes,images\49468.jpg,112.78,1970-01-01 00:00:00,,,Men,Footwear,Shoes,Casual Shoes,Red,Summer,Casual
42080,American Tourister Men Black Travel Wallet,images\42080.jpg,116.59,1970-01-01 00:00:00,,,Men,Accessories,Wallets,Wallets,Black,Summer,Casual
22959,Reebok Men White Fusion Sports Shoes,images\22959.jpg,158.47,1970-01-01 00:00:00,,,Men,Footwear,Shoes,Sports Shoes,White,Summer,Sports
34232,Proline Men Grey T-shirt,images\34232.jpg,49.74,1970-01-01 00:00:00,,,Men,Apparel,Topwear,Tshirts,Grey,Summer,Casual
23285,Maxima Men White Watch,images\23285.jpg,13.3,1970-01-01 00:00:00,,,Men,Accessories,Watches,Watches,White,Winter,Casual
50777,Clarks Men Dino Limit Brown Formal Shoes,images\50777.jpg,148.75,1970-01-01 00:00:00,,,Men,Footwear,Shoes,Formal Shoes,Brown,Summer,Formal
16162,Enroute Men Leather Black Sandals,images\16162.jpg,77.32,1970-01-01 00:00:00,,,Men,Footwear,Sandal,Sandals,Black,Fall,Casual
22357,John Players Men Solid Black Shirt,images\22357.jpg,99.03,1970-01-01 00:00:00,,,Men,Apparel,Topwear,Shirts,Black,Fall,Casual
19916,Wildcraft Unisex Black & Grey Printed Laptop Backpack,images\19916.jpg,100.66,1970-01-01 00:00:00,,,Unisex,Accessories,Bags,Backpacks,Black,Winter,Casual
7535,Nike Men's Blue Polo T-shirt,images\7535.jpg,189.43,1970-01-01 00:00:00,,,Men,Apparel,Topwear,Tshirts,Blue,Summer,Sports
46612,Catwalk Women Brown Wedges,images\46612.jpg,94.22,1970-01-01 00:00:00,,,Women,Footwear,Shoes,Heels,Brown,Winter,Casual
27625,Scullers Men Grey Shorts,images\27625.jpg,199.72,1970-01-01 00:00:00,,,Men,Apparel,Bottomwear,Shorts,Grey,Summer,Casual
13410,United Colors of Benetton Men Solid Blue Shirts,images\13410.jpg,141.8,1970-01-01 00:00:00,,,Men,Apparel,Topwear,Shirts,Blue,Summer,Casual
48788,Lucera Women Silver Pendant,images\48788.jpg,83.31,1970-01-01 00:00:00,,,Women,Accessories,Jewellery,Pendant,Silver,Summer,Casual
43360,Reebok Men White Ultimate Vibe Sports Shoes,images\43360.jpg,164.6,1970-01-01 00:00:00,,,Men,Footwear,Shoes,Sports Shoes,White,Summer,Sports
2047,ADIDAS Men's Navy Blue T-shirt,images\2047.jpg,140.77,1970-01-01 00:00:00,,,Men,Apparel,Topwear,Tshirts,Navy Blue,Fall,Sports
30692,Catwalk Women Brown Heels,images\30692.jpg,178.71,1970-01-01 00:00:00,,,Women,Footwear,Shoes,Heels,Brown,Winter,Casual
55205,Lakme Lip Love Dark Desire Lipstick B122A,images\55205.jpg,142.03,1970-01-01 00:00:00,,,Women,Personal Care,Lips,Lipstick,Brown,Spring,Casual
25172,Lino Perros Women Leatherite Brown Handbag,images\25172.jpg,120.52,1970-01-01 00:00:00,,,Women,Accessories,Bags,Handbags,Brown,Winter,Casual
56480,Streetwear Chocolat Nail Polish 20,images\56480.jpg,64.75,1970-01-01 00:00:00,,,Women,Personal Care,Nails,Nail Polish,Brown,Spring,Casual
11347,Lee Men Elvira Rinse Blue Chicago Fit Jeans,images\11347.jpg,13.52,1970-01-01 00:00:00,,,Men,Apparel,Bottomwear,Jeans,Blue,Summer,Casual
41437,Lee Cooper Men White Sports Shoes,images\41437.jpg,28.34,1970-01-01 00:00:00,,,Men,Footwear,Shoes,Sports Shoes,White,Fall,Sports
33017,Mother Earth Women Striped Green Kurta,images\33017.jpg,47.18,1970-01-01 00:00:00,,,Women,Apparel,Topwear,Kurtas,Green,Summer,Ethnic
10295,Clarks Men Brown Leather Casual Shoes,images\10295.jpg,152.09,1970-01-01 00:00:00,,,Men,Footwear,Shoes,Casual Shoes,Brown,Summer,Casual
57552,Lotus Herbals Floralstay Copper Toast Lip Color 424,images\57552.jpg,15.78,1970-01-01 00:00:00,,,Women,Personal Care,Lips,Lipstick,Copper,Spring,Casual
44979,Maxima Attivo Men Steel-Toned Dial Watch 15933LMGB,images\44979.jpg,185.67,1970-01-01 00:00:00,,,Men,Accessories,Watches,Watches,Silver,Winter,Casual
45097,Bwitch Pink Ruby Bra,images\45097.jpg,130.81,1970-01-01 00:00:00,,,Women,Apparel,Innerwear,Bra,Pink,Winter,Casual
36565,United Colors of Benetton Women Deo,images\36565.jpg,191.93,1970-01-01 00:00:00,,,Women,Personal Care,Fragrance,Deodorant,Red,Spring,Casual
14635,United Colors of Benetton Men Solid Black Mufflers,images\14635.jpg,128.95,1970-01-01 00:00:00,,,Men,Accessories,Mufflers,Mufflers,Black,Summer,Casual
5262,Wildcraft Unisex Blue & Grey Printed Backpack,images\5262.jpg,32.28,1970-01-01 00:00:00,,,Unisex,Accessories,Bags,Backpacks,Blue,Winter,Casual
8925,Puma Men High Shine Black Belt,images\8925.jpg,41.95,1970-01-01 00:00:00,,,Men,Accessories,Belts,Belts,Black,Summer,Casual
16506,Locomotive Men Washed Blue Jeans,images\16506.jpg,91.77,1970-01-01 00:00:00,,,Men,Apparel,Bottomwear,Jeans,Blue,Fall,Casual
22733,Nike Men Dunk High Grey Casual Shoes,images\22733.jpg,114.77,1970-01-01 00:00:00,,,Men,Footwear,Shoes,Casual Shoes,Grey,Fall,Casual
35784,Enroute Women Black Shoes,images\35784.jpg,188.1,1970-01-01 00:00:00,,,Women,Footwear,Shoes,Flats,Black,Summer,Casual
7151,Scullers For Her Women Rivited Check Black Shirts,images\7151.jpg,116.0,1970-01-01 00:00:00,,,Women,Apparel,Topwear,Shirts,Black,Fall,Casual
46276,109F Women Cream Printed Top,images\46276.jpg,33.98,1970-01-01 00:00:00,,,Women,Apparel,Topwear,Tops,Cream,Summer,Casual
13848,United Colors of Benetton Men Solid Blue Polo Tshirts,images\13848.jpg,19.97,1970-01-01 00:00:00,,,Men,Apparel,Topwear,Tshirts,Blue,Fall,Casual
6083,UCB Women's Halftone Print Pink T-shirt,images\6083.jpg,117.26,1970-01-01 00:00:00,,,Women,Apparel,Topwear,Tshirts,Pink,Summer,Casual
28209,Ray-Ban Men High Street Black Sunglasses,images\28209.jpg,153.25,1970-01-01 00:00:00,,,Men,Accessories,Eyewear,Sunglasses,Black,Winter,Casual
50313,Park Avenue Men Brown Tie,images\50313.jpg,14.88,1970-01-01 00:00:00,,,Men,Accessories,Ties,Ties,Brown,Summer,Formal
8119,Fastrack Men Canvas Red Stitches Grey Belts,images\8119.jpg,45.87,1970-01-01 00:00:00,,,Men,Accessories,Belts,Belts,Grey,Winter,Casual
31324,Aurelia Women Printed Blue Kurta,images\31324.jpg,72.01,1970-01-01 00:00:00,,,Women,Apparel,Topwear,Kurtas,Blue,Summer,Ethnic
13074,Numero Uno Men Brown Casual Shoes,images\13074.jpg,139.9,1970-01-01 00:00:00,,,Men,Footwear,Shoes,Casual Shoes,Brown,Fall,Casual
43704,Royal Diadem Green Earring & Pendant Set,images\43704.jpg,76.24,1970-01-01 00:00:00,,,Women,Accessories,Jewellery,Jewellery Set,Green,Summer,Casual
33473,Baggit Women Choti Jhuti Brown Belt,images\33473.jpg,129.1,1970-01-01 00:00:00,,,Women,Accessories,Belts,Belts,Brown,Summer,Casual
58942,Tommy Hilfiger Women Silver-Toned Dial  Watch TH1780453-D,images\58942.jpg,18.2,1970-01-01 00:00:00,,,Women,Accessories,Watches,Watches,Silver,Winter,Casual
20858,United Colors of Benetton Women Casual Olive Sunglasses,images\20858.jpg,89.33,1970-01-01 00:00:00,,,Women,Accessories,Eyewear,Sunglasses,Olive,Winter,Casual
40181,Fastrack Men Revo Coated Sporty Wrap Sunglasses,images\40181.jpg,11.57,1970-01-01 00:00:00,,,Men,Accessories,Eyewear,Sunglasses,Grey,Winter,Casual
57136,Elle Women Black Trousers,images\57136.jpg,63.97,1970-01-01 00:00:00,,,Women,Apparel,Bottomwear,Trousers,Black,Summer,Casual
25516,Doodle Kids Boys Airfeild Red T-Shirt,images\25516.jpg,63.57,1970-01-01 00:00:00,,,Boys,Apparel,Topwear,Tshirts,Red,Fall,Casual
39149,Aneri Women Red Kurtas,images\39149.jpg,44.59,1970-01-01 00:00:00,,,Women,Apparel,Topwear,Kurtas,Red,Summer,Ethnic
59890,Femella Women Multi Coloured Tunic,images\59890.jpg,82.38,1970-01-01 00:00:00,,,Women,Apparel,Topwear,Tunics,Multi,Fall,Casual
53596,Q&Q Men Navy Blue Digital Watch,images\53596.jpg,21.63,1970-01-01 00:00:00,,,Men,Free Items,Free Gifts,Free Gifts,Navy Blue,Winter,Casual
20064,United Colors Of Benetton Women Blue Muffler,images\20064.jpg,52.27,1970-01-01 00:00:00,,,Women,Accessories,Mufflers,Mufflers,Blue,Fall,Casual
5606,ADIDAS Men Kendall Black Floater,images\5606.jpg,103.04,1970-01-01 00:00:00,,,Men,Footwear,Sandal,Sandals,Black,Summer,Casual
44521,Coolers Men Black Sandals,images\44521.jpg,44.63,1970-01-01 00:00:00,,,Men,Footwear,Sandal,Sandals,Black,Summer,Casual
36101,OTLS Men Josh Brown Wallet,images\36101.jpg,123.48,1970-01-01 00:00:00,,,Men,Accessories,Wallets,Wallets,Brown,Summer,Casual
52444,Red Rose White & Purple Nightdress,images\52444.jpg,187.38,1970-01-01 00:00:00,,,Women,Apparel,Loungewear and Nightwear,Nightdress,Purple,Winter,Casual
39975,Gas Men Olive Swansea Shoes,images\39975.jpg,100.49,1970-01-01 00:00:00,,,Men,Footwear,Shoes,Casual Shoes,Olive,Winter,Casual
57304,Rocia Women Brown Wedges,images\57304.jpg,197.06,1970-01-01 00:00:00,,,Women,Footwear,Shoes,Heels,Brown,Winter,Casual
33641,Lotto Men Black Koro G Slippers,images\33641.jpg,80.63,1970-01-01 00:00:00,,,Men,Footwear,Flip Flops,Flip Flops,Black,Summer,Casual
41261,Arrow Men Brown Wallet,images\41261.jpg,109.68,1970-01-01 00:00:00,,,Men,Accessories,Wallets,Wallets,Brown,Summer,Casual
25724,Wrangler Men Leather Brown Belt,images\25724.jpg,147.95,1970-01-01 00:00:00,,,Men,Accessories,Belts,Belts,Brown,Summer,Casual
11511,Catwalk Women Lifestyle Gold Toned Ballerinas,images\11511.jpg,81.34,1970-01-01 00:00:00,,,Women,Footwear,Shoes,Flats,Gold,Winter,Casual
5434,Nike Men's Kill Man Red T-shirt,images\5434.jpg,176.33,1970-01-01 00:00:00,,,Men,Apparel,Topwear,Tshirts,Red,Summer,Sports
44713,Lotto Men Black Flip Flops,images\44713.jpg,165.07,1970-01-01 00:00:00,,,Men,Footwear,Flip Flops,Flip Flops,Black,Summer,Casual
14063,Flying Machine Men Solid Blue Polo Tshirts,images\14063.jpg,67.55,1970-01-01 00:00:00,,,Men,Apparel,Topwear,Tshirts,Blue,Fall,Casual
20256,Wrangler Men Wing Green T-shirt,images\20256.jpg,140.24,1970-01-01 00:00:00,,,Men,Apparel,Topwear,Tshirts,Green,Fall,Casual
52676,Morellato Women White Dial Watch,images\52676.jpg,74.66,1970-01-01 00:00:00,,,Women,Free Items,Free Gifts,Free Gifts,White,Winter,Casual
36333,Playboy Men White & Red Socks,images\36333.jpg,23.54,1970-01-01 00:00:00,,,Men,Accessories,Socks,Socks,White,Summer,Casual
7363,Red Tape Men Black Semi Formal Shoes,images\7363.jpg,103.35,1970-01-01 00:00:00,,,Men,Footwear,Shoes,Formal Shoes,Black,Winter,Formal
46044,Estelle Gold Earrings,images\46044.jpg,32.49,1970-01-01 00:00:00,,,Women,Accessories,Jewellery,Earrings,Gold,Winter,Casual
16734,Lotto Men Emeriti Maroon Slipper,images\16734.jpg,125.78,1970-01-01 00:00:00,,,Men,Footwear,Flip Flops,Flip Flops,Maroon,Fall,Casual
22501,Catwalk Women Beige Casual Shoes,images\22501.jpg,183.34,1970-01-01 00:00:00,,,Women,Footwear,Shoes,Casual Shoes,Beige,Winter,Casual
49830,iPanema Women Pink Flip Flops,images\49830.jpg,55.37,1970-01-01 00:00:00,,,Women,Footwear,Flip Flops,Flip Flops,Pink,Winter,Casual
47196,Franco Leone Men Brown Sandals,images\47196.jpg,24.73,1970-01-01 00:00:00,,,Men,Footwear,Sandal,Sandals,Brown,Summer,Casual
34464,ADIDAS Unisex Red Organizer Bag,images\34464.jpg,184.9,1970-01-01 00:00:00,,,Unisex,Accessories,Accessories,Travel Accessory,Red,Summer,Casual
12394,Reid & Taylor Men Solid Black Socks,images\12394.jpg,181.58,1970-01-01 00:00:00,,,Men,Accessories,Socks,Socks,Black,Summer,Formal
46878,Lino Perros Men Pack of 2 Socks,images\46878.jpg,162.98,1970-01-01 00:00:00,,,Men,Accessories,Socks,Socks,Black,Summer,Casual
31116,Gini and Jony Boys Grey Shorts,images\31116.jpg,57.06,1970-01-01 00:00:00,,,Boys,Apparel,Bottomwear,Shorts,Grey,Summer,Casual
43536,French Connection Women Peach Top,images\43536.jpg,150.94,1970-01-01 00:00:00,,,Women,Apparel,Topwear,Tops,Peach,Summer,Casual
28807,Denizen Men Check Brown Shirt,images\28807.jpg,177.46,1970-01-01 00:00:00,,,Men,Apparel,Topwear,Shirts,Brown,Summer,Casual
2611,Carlton London Women Stylish Gold Flats,images\2611.jpg,86.48,1970-01-01 00:00:00,,,Women,Footwear,Shoes,Heels,Gold,Winter,Casual
13246,Palm Tree Kids Boy Washed Blue Jeans,images\13246.jpg,62.19,1970-01-01 00:00:00,,,Men,Apparel,Bottomwear,Jeans,Blue,Fall,Casual
54581,Sushilas Women Printed Green Kurta,images\54581.jpg,82.2,1970-01-01 00:00:00,,,Women,Apparel,Topwear,Kurtas,Green,Summer,Ethnic
3763,Status Quo Men's London Icon Grey T-shirt,images\3763.jpg,38.24,1970-01-01 00:00:00,,,Men,Apparel,Topwear,Tshirts,Grey,Summer,Casual
29975,Aspen Women Black Dial Watch,images\29975.jpg,37.11,1970-01-01 00:00:00,,,Women,Free Items,Free Gifts,Free Gifts,Black,Winter,Casual
26101,John Miller Men Striped White Shirt,images\26101.jpg,128.31,1970-01-01 00:00:00,,,Men,Apparel,Topwear,Shirts,White,Summer,Formal
54521,F Sports Men White Voyager Sports Shoes,images\54521.jpg,198.61,1970-01-01 00:00:00,,,Men,Footwear,Shoes,Sports Shoes,White,Fall,Sports
9259,Mark Taylor Men Blue Striped Shirt,images\9259.jpg,25.93,1970-01-01 00:00:00,,,Men,Apparel,Topwear,Shirts,Blue,Fall,Formal
30064,Ed Hardy Men Grey Dial Watch,images\30064.jpg,190.99,1970-01-01 00:00:00,,,Men,Accessories,Watches,Watches,Black,Winter,Casual
16794,Highlander Men Stripes Navy Blue Shirt,images\16794.jpg,35.25,1970-01-01 00:00:00,,,Men,Apparel,Topwear,Shirts,Navy Blue,Fall,Casual
51053,Enamor Women Green Bikini Brief,images\51053.jpg,148.37,1970-01-01 00:00:00,,,Women,Apparel,Innerwear,Briefs,Green,Summer,Casual
49890,Q&Q Kids Girls Blue Analog Watch,images\49890.jpg,191.84,1970-01-01 00:00:00,,,Girls,Accessories,Watches,Watches,Blue,Winter,Casual
47136,Be For Bag Women Blue Tote Bag,images\47136.jpg,149.96,1970-01-01 00:00:00,,,Women,Accessories,Bags,Handbags,Blue,Summer,Casual
6211,UCB Women's Print Boat Blue Top,images\6211.jpg,62.34,1970-01-01 00:00:00,,,Women,Apparel,Topwear,Tshirts,Blue,Summer,Casual
48942,Lucera Women Silver Ring,images\48942.jpg,99.27,1970-01-01 00:00:00,,,Women,Accessories,Jewellery,Ring,Silver,Summer,Casual
23473,Lino Perros Men Red Check Scarf,images\23473.jpg,122.29,1970-01-01 00:00:00,,,Men,Accessories,Scarves,Scarves,Red,Winter,Casual
50181,Peperone Women Beige Handbag,images\50181.jpg,126.86,1970-01-01 00:00:00,,,Women,Personal Care,Makeup,Kajal and Eyeliner,Beige,Spring,Casual
17646,Converse Unisex Green Flip Flops,images\17646.jpg,53.73,1970-01-01 00:00:00,,,Unisex,Footwear,Flip Flops,Flip Flops,Green,Spring,Casual
30858,Fabindia Women Striped Black Kurta,images\30858.jpg,156.59,1970-01-01 00:00:00,,,Women,Apparel,Topwear,Kurtas,Black,Summer,Ethnic
1808,Quechua Aluminium Print Water Bottle,images\1808.jpg,41.3,1970-01-01 00:00:00,,,Unisex,Accessories,Water Bottle,Water Bottle,Purple,Fall,Sports
37241,United Colors of Benetton Men Black Shoes,images\37241.jpg,24.35,1970-01-01 00:00:00,,,Men,Footwear,Shoes,Casual Shoes,Black,Summer,Casual
5494,Mr.Men Men's Charcoal Polo T-shirt,images\5494.jpg,29.51,1970-01-01 00:00:00,,,Men,Apparel,Topwear,Tshirts,Grey,Summer,Casual
45661,Park Avenue Men Grey Melange Square Neck Vest,images\45661.jpg,60.93,1970-01-01 00:00:00,,,Men,Apparel,Innerwear,Innerwear Vests,Grey Melange,Summer,Casual
36393,Reid & Taylor Men Blue Socks,images\36393.jpg,114.49,1970-01-01 00:00:00,,,Men,Accessories,Socks,Socks,Blue,Summer,Casual
4546,Nike Men's Air Max Black Shoe,images\4546.jpg,187.03,1970-01-01 00:00:00,,,Men,Footwear,Shoes,Sports Shoes,Black,Summer,Sports
21324,Louis Philippe Men Aviator Sunglasses LP201-C1,images\21324.jpg,101.6,1970-01-01 00:00:00,,,Men,Accessories,Eyewear,Sunglasses,Brown,Winter,Casual
15111,Arrow Men Stripes Coffee Brown Trousers,images\15111.jpg,92.37,1970-01-01 00:00:00,,,Men,Apparel,Bottomwear,Trousers,Coffee Brown,Fall,Formal
38209,Polaroid Women Sunglasses,images\38209.jpg,149.13,1970-01-01 00:00:00,,,Women,Accessories,Eyewear,Sunglasses,Silver,Winter,Casual
40313,Warner Bros Kids White sandals,images\40313.jpg,91.66,1970-01-01 00:00:00,,,Unisex,Footwear,Sandal,Sandals,White,Winter,Casual
10463,Flying Machine Men Grey Polo Tshirts,images\10463.jpg,167.48,1970-01-01 00:00:00,,,Men,Apparel,Topwear,Tshirts,Grey,Fall,Casual
24656,ADIDAS Originals Boys White Pack of 3 Casual Socks,images\24656.jpg,119.54,1970-01-01 00:00:00,,,Boys,Accessories,Socks,Socks,White,Fall,Casual
25784,Arrow Men Light Brown Suspenders,images\25784.jpg,136.52,1970-01-01 00:00:00,,,Men,Apparel,Topwear,Suspenders,Brown,Summer,Formal
56276,Biara Women Skin Bra,images\56276.jpg,159.34,1970-01-01 00:00:00,,,Women,Apparel,Innerwear,Bra,Skin,Summer,Casual
37073,Lino Perros Women Purple Handbag,images\37073.jpg,74.18,1970-01-01 00:00:00,,,Women,Accessories,Bags,Handbags,Purple,Summer,Casual
44581,Lee Rinse Navy Blue Slim Fit Jeans,images\44581.jpg,197.63,1970-01-01 00:00:00,,,Men,Apparel,Bottomwear,Jeans,Navy Blue,Summer,Casual
53536,Amante Women Pack of 3 Assorted Briefs PFCP11,images\53536.jpg,161.78,1970-01-01 00:00:00,,,Women,Apparel,Innerwear,Briefs,Multi,Winter,Casual
21116,s.Oliver Women Faded Lilac Top,images\21116.jpg,133.52,1970-01-01 00:00:00,,,Women,Apparel,Topwear,Tops,Lavender,Fall,Casual
15323,Nike Men Solid Grey Jacket,images\15323.jpg,53.1,1970-01-01 00:00:00,,,Men,Apparel,Topwear,Jackets,Grey,Fall,Casual
56878,HM Women Silver Heels,images\56878.jpg,100.45,1970-01-01 00:00:00,,,Women,Footwear,Shoes,Heels,Silver,Winter,Casual
4774,ADIDAS Women 3S Pink Track Pants,images\4774.jpg,102.56,1970-01-01 00:00:00,,,Women,Apparel,Bottomwear,Track Pants,Pink,Summer,Sports
57196,Elle Women Red Tunic,images\57196.jpg,65.41,1970-01-01 00:00:00,,,Women,Apparel,Topwear,Tunics,Red,Summer,Casual
40121,ADIDAS Unisex Pack of 3 Socks,images\40121.jpg,45.11,1970-01-01 00:00:00,,,Unisex,Accessories,Socks,Socks,White,Summer,Casual
32501,Scullers Men Black Shirt,images\32501.jpg,80.52,1970-01-01 00:00:00,,,Men,Apparel,Topwear,Shirts,Black,Summer,Casual
56044,Colorbar Full Finish Longwear Kiss Me Lipstick 07,images\56044.jpg,176.04,1970-01-01 00:00:00,,,Women,Personal Care,Lips,Lipstick,Brown,Spring,Casual
11783,Lee Men Printed Grey Tshirts,images\11783.jpg,135.54,1970-01-01 00:00:00,,,Men,Apparel,Topwear,Tshirts,Grey,Summer,Casual
12106,W Women Printed White Kurtis,images\12106.jpg,143.72,1970-01-01 00:00:00,,,Women,Apparel,Topwear,Kurtis,White,Fall,Ethnic
26333,DKNY Women White Dial Watch NY4934,images\26333.jpg,193.88,1970-01-01 00:00:00,,,Women,Accessories,Watches,Watches,White,Winter,Casual
3551,Skechers Men's Charcoal Lifestyle Shoe,images\3551.jpg,193.81,1970-01-01 00:00:00,,,Men,Footwear,Shoes,Casual Shoes,Brown,Winter,Casual
42676,Alma Women Black Kurta,images\42676.jpg,123.88,1970-01-01 00:00:00,,,Women,Apparel,Topwear,Kurtas,Black,Summer,Ethnic
2483,Puma Women Spagetti Dahlia Purple Top,images\2483.jpg,131.55,1970-01-01 00:00:00,,,Women,Apparel,Topwear,Tops,Purple,Fall,Casual
30256,Red Tape Men Black Semi Formal Shoes,images\30256.jpg,199.53,1970-01-01 00:00:00,,,Men,Footwear,Shoes,Formal Shoes,Black,Winter,Formal
54713,Shree Women Cream-Coloured & Pink Printed Salwar Suit with Dupatta,images\54713.jpg,86.33,1970-01-01 00:00:00,,,Women,Apparel,Apparel Set,Kurta Sets,Cream,Fall,Ethnic
51261,Park Avenue Men Black & Brown Reversible Belt,images\51261.jpg,115.86,1970-01-01 00:00:00,,,Men,Accessories,Belts,Belts,Black,Summer,Formal
9857,Status Quo Men Green Polo Tshirts,images\9857.jpg,176.17,1970-01-01 00:00:00,,,Men,Apparel,Topwear,Tshirts,Green,Fall,Casual
47304,Baggit Women Green purse,images\47304.jpg,145.86,1970-01-01 00:00:00,,,Women,Accessories,Bags,Clutches,Green,Summer,Casual
6023,UCB Men's Johny Collar With Two Tone Green T-shirt,images\6023.jpg,158.76,1970-01-01 00:00:00,,,Men,Apparel,Topwear,Tshirts,Green,Summer,Casual
21572,Lino Perros Men Pack of Five Striped Socks,images\21572.jpg,197.75,1970-01-01 00:00:00,,,Men,Accessories,Socks,Socks,Multi,Winter,Casual
15747,Nike Men Ballista SL White Sports Shoes,images\15747.jpg,56.3,1970-01-01 00:00:00,,,Men,Footwear,Shoes,Sports Shoes,White,Spring,Sports
32959,Angry Birds Men Purple T-shirt,images\32959.jpg,35.25,1970-01-01 00:00:00,,,Men,Apparel,Topwear,Tshirts,Purple,Summer,Casual
52080,Myntra Men Navy Blue T-shirt,images\52080.jpg,11.77,1970-01-01 00:00:00,,,Men,Apparel,Topwear,Tshirts,Navy Blue,Summer,Casual
59468,Lucera Silver Ring,images\59468.jpg,126.02,1970-01-01 00:00:00,,,Women,Accessories,Jewellery,Ring,Silver,Summer,Casual
45037,Maxima Attivo Men White Dial Watch,images\45037.jpg,174.66,1970-01-01 00:00:00,,,Men,Accessories,Watches,Watches,White,Winter,Casual
4310,Tantra Kid's Unisex Papa's Joy Green Kidswear,images\4310.jpg,118.16,1970-01-01 00:00:00,,,Unisex,Apparel,Topwear,Tshirts,Green,Summer,Casual
37417,Murcia Women Jute Silver Handbag,images\37417.jpg,55.45,1970-01-01 00:00:00,,,Women,Accessories,Bags,Handbags,Silver,Summer,Casual
53152,Mark Taylor Men Brown Shirt,images\53152.jpg,129.18,1970-01-01 00:00:00,,,Men,Apparel,Topwear,Shirts,Brown,Summer,Formal
14695,Basics Men Black Trousers,images\14695.jpg,21.57,1970-01-01 00:00:00,,,Men,Apparel,Bottomwear,Trousers,Black,Fall,Casual
32165,Playboy Women Playmate Pink Ankle Socks,images\32165.jpg,37.81,1970-01-01 00:00:00,,,Women,Accessories,Socks,Socks,Pink,Summer,Casual
56420,Biara Women White Bra,images\56420.jpg,52.48,1970-01-01 00:00:00,,,Women,Apparel,Innerwear,Bra,White,Winter,Casual
10235,Carrera Men Hexagaon Dial Black Watches,images\10235.jpg,83.12,1970-01-01 00:00:00,,,Men,Accessories,Watches,Watches,Black,Winter,Casual
1662,Nike Men Blue Windrunner Jacket,images\1662.jpg,37.38,1970-01-01 00:00:00,,,Men,Apparel,Topwear,Jackets,Navy Blue,Fall,Sports
40545,Titan Raga Women Gold Watch,images\40545.jpg,180.54,1970-01-01 00:00:00,,,Women,Accessories,Watches,Watches,Gold,Winter,Casual
48728,Lucera Women Silver Earrings,images\48728.jpg,75.62,1970-01-01 00:00:00,,,Women,Accessories,Jewellery,Earrings,Silver,Summer,Casual
30632,Nike Men Challenger Spiked Yellowish Green T-shirt,images\30632.jpg,45.04,1970-01-01 00:00:00,,,Men,Apparel,Topwear,Tshirts,Yellow,Summer,Sports
27685,Murcia Women Purple Handbag,images\27685.jpg,178.46,1970-01-01 00:00:00,,,Women,Accessories,Bags,Handbags,Purple,Winter,Casual
18058,Lino Perros Women Solid Purple Wallet,images\18058.jpg,28.78,1970-01-01 00:00:00,,,Women,Accessories,Wallets,Wallets,Purple,Winter,Casual
3135,Catwalk Women Heeded Golden Strap Black Heels,images\3135.jpg,128.16,1970-01-01 00:00:00,,,Women,Footwear,Shoes,Heels,Gold,Winter,Casual
42212,Sepia Women Pink Tunic,images\42212.jpg,62.4,1970-01-01 00:00:00,,,Women,Apparel,Topwear,Tunics,Pink,Summer,Casual
23225,Aneri Women Tibett Pink Kurta,images\23225.jpg,103.48,1970-01-01 00:00:00,,,Women,Apparel,Topwear,Kurtas,Pink,Fall,Ethnic
17010,Rocia Women Brown Heels,images\17010.jpg,161.2,1970-01-01 00:00:00,,,Women,Footwear,Shoes,Heels,Brown,Winter,Formal
18864,Puma Men Sports Division Black Sweatshirt,images\18864.jpg,16.53,1970-01-01 00:00:00,,,Men,Apparel,Topwear,Sweatshirts,Black,Fall,Casual
34292,Fabindia Women Multi Coloured Chanderi Dupatta,images\34292.jpg,173.75,1970-01-01 00:00:00,,,Women,Apparel,Topwear,Dupatta,Multi,Summer,Ethnic
6447,Lotto Women's Cross Color Black Pink Flip Flop,images\6447.jpg,147.45,1970-01-01 00:00:00,,,Women,Footwear,Flip Flops,Flip Flops,Black,Summer,Casual
7595,Nike Women Ten Blue White Shoe,images\7595.jpg,125.78,1970-01-01 00:00:00,,,Women,Footwear,Shoes,Sports Shoes,Blue,Summer,Sports
3909,Urban Yoga Women Yoga Red Capri,images\3909.jpg,179.66,1970-01-01 00:00:00,,,Women,Apparel,Bottomwear,Capris,Red,Summer,Casual
51605,Kraus Jeans Women Black Trousers,images\51605.jpg,82.42,1970-01-01 00:00:00,,,Women,Apparel,Bottomwear,Trousers,Black,Fall,Casual
13682,ADIDAS Women Duramo 3 Sports Shoes,images\13682.jpg,148.47,1970-01-01 00:00:00,,,Women,Footwear,Shoes,Sports Shoes,Silver,Fall,Sports
54145,Rocia Women Brown Flats,images\54145.jpg,140.3,1970-01-01 00:00:00,,,Women,Footwear,Shoes,Heels,Brown,Spring,Casual
3307,Asics Men's Gel Phoenix 3 Black Silver Shoe,images\3307.jpg,23.6,1970-01-01 00:00:00,,,Men,Footwear,Shoes,Sports Shoes,Black,Spring,Sports
42020,ADIDAS Men Brown Mudslide Shoes,images\42020.jpg,198.81,1970-01-01 00:00:00,,,Men,Footwear,Shoes,Casual Shoes,Brown,Summer,Casual
55097,Pond's Gold Radiance Precious Youth Serum,images\55097.jpg,120.89,1970-01-01 00:00:00,,,Women,Personal Care,Skin,Face Moisturisers,Gold,Spring,Casual
12750,Nike Unisex Swoosh Black Backpacks,images\12750.jpg,138.55,1970-01-01 00:00:00,,,Unisex,Accessories,Bags,Backpacks,Black,Summer,Sports
47552,Portia Women Brown Heels,images\47552.jpg,35.78,1970-01-01 00:00:00,,,Women,Footwear,Shoes,Heels,Brown,Winter,Casual
54979,Femella Women White Printed Shirt,images\54979.jpg,64.85,1970-01-01 00:00:00,,,Women,Apparel,Topwear,Shirts,White,Summer,Casual
6675,Nike Men's Free White Grey Shoe,images\6675.jpg,137.17,1970-01-01 00:00:00,,,Men,Footwear,Shoes,Sports Shoes,White,Summer,Sports
17222,United Colors of Benetton Men Funky Eyewear Blue Sunglasses,images\17222.jpg,139.32,1970-01-01 00:00:00,,,Men,Accessories,Eyewear,Sunglasses,Blue,Winter,Casual
51437,Myntra Women Multi Coloured Printed Top,images\51437.jpg,178.75,1970-01-01 00:00:00,,,Women,Apparel,Topwear,Tops,Peach,Summer,Casual
35172,Wildcraft Unisex Cruiser Red Backpack,images\35172.jpg,111.64,1970-01-01 00:00:00,,,Unisex,Accessories,Bags,Backpacks,Red,Summer,Casual
46480,Timex Women Steel Watch,images\46480.jpg,163.55,1970-01-01 00:00:00,,,Women,Accessories,Watches,Watches,Steel,Winter,Casual
45205,CASIO ENTICER Women Black Dial Analogue Watch A660,images\45205.jpg,45.79,1970-01-01 00:00:00,,,Women,Accessories,Watches,Watches,Black,Winter,Casual
4122,Puma Unisex Lo Punk Black Yellow Shoe,images\4122.jpg,58.07,1970-01-01 00:00:00,,,Unisex,Footwear,Shoes,Casual Shoes,Black,Summer,Casual
21740,Vans Unisex Authentic Lo Pro Brown Casual Shoes,images\21740.jpg,87.03,1970-01-01 00:00:00,,,Unisex,Footwear,Shoes,Casual Shoes,Brown,Fall,Casual
15575,Chhota Bheem Kids Boys Best Friends Group TShirt,images\15575.jpg,56.62,1970-01-01 00:00:00,,,Boys,Apparel,Topwear,Tshirts,Yellow,Fall,Casual
53360,Puma Woman Pink Big Cat Wallet,images\53360.jpg,123.74,1970-01-01 00:00:00,,,Women,Accessories,Wallets,Wallets,Pink,Summer,Casual
37625,Madagascar3 Boys White Printed T-Shirt,images\37625.jpg,22.28,1970-01-01 00:00:00,,,Boys,Apparel,Topwear,Tshirts,White,Summer,Casual
56612,Streetwear True Color Claret Tint Blusher,images\56612.jpg,196.27,1970-01-01 00:00:00,,,Women,Personal Care,Makeup,Highlighter and Blush,Peach,Spring,
32357,Q&Q Men Black Dial Watch,images\32357.jpg,166.12,1970-01-01 00:00:00,,,Men,Accessories,Watches,Watches,Black,Winter,Casual
33285,Arrow Sport Men Striped Blue Polo T-shirt,images\33285.jpg,143.9,1970-01-01 00:00:00,,,Men,Apparel,Topwear,Tshirts,Blue,Summer,Casual
40777,Quiksilver Men White Flip Flops,images\40777.jpg,138.17,1970-01-01 00:00:00,,,Men,Footwear,Flip Flops,Flip Flops,White,Summer,Casual
10007,Nike Women As Trophy Swo White T-Shirts,images\10007.jpg,174.96,1970-01-01 00:00:00,,,Women,Apparel,Topwear,Tshirts,White,Fall,Sports
21586,Locomotive Men Washed Grey Jeans,images\21586.jpg,13.22,1970-01-01 00:00:00,,,Men,Apparel,Bottomwear,Jeans,Grey,Summer,Casual
52074,Myntra Men Yellow & Blue T-shirt,images\52074.jpg,190.87,1970-01-01 00:00:00,,,Men,Apparel,Topwear,Tshirts,Yellow,Summer,Casual
14661,Basics Men Navy Slim Fit Checked Shirt,images\14661.jpg,139.83,1970-01-01 00:00:00,,,Men,Apparel,Topwear,Shirts,Navy Blue,Fall,Casual
20454,Baggit Women Poppins Doko Teal Blue Belt,images\20454.jpg,80.67,1970-01-01 00:00:00,,,Women,Accessories,Belts,Belts,Teal,Winter,Casual
32191,ADIDAS Men Phantom Blue Sports Shoes,images\32191.jpg,167.45,1970-01-01 00:00:00,,,Men,Footwear,Shoes,Sports Shoes,Blue,Summer,Sports
52848,Adrika Women Green Earrings,images\52848.jpg,113.93,1970-01-01 00:00:00,,,Women,Accessories,Jewellery,Earrings,Green,Summer,Casual
39579,Catwalk Women Multi Colour Flats,images\39579.jpg,102.92,1970-01-01 00:00:00,,,Women,Footwear,Shoes,Heels,Multi,Winter,Casual
25126,Lino Perros Women Black Clutch,images\25126.jpg,192.68,1970-01-01 00:00:00,,,Women,Accessories,Bags,Clutches,Black,Winter,Casual
57506,Lee Cooper Men Brown Sandals,images\57506.jpg,109.45,1970-01-01 00:00:00,,,Men,Footwear,Sandal,Sandals,Brown,Summer,Casual
33043,Mother Earth Women Printed Blue Kurta,images\33043.jpg,194.02,1970-01-01 00:00:00,,,Women,Apparel,Topwear,Kurtas,Blue,Summer,Ethnic
43334,Murcia Women Maroon Handbag,images\43334.jpg,72.85,1970-01-01 00:00:00,,,Women,Accessories,Bags,Handbags,Maroon,Spring,Casual
27671,Murcia Women Pink Handbag,images\27671.jpg,107.76,1970-01-01 00:00:00,,,Women,Accessories,Bags,Handbags,Pink,Winter,Casual
54383,Baggit Women Green Wallet,images\54383.jpg,158.5,1970-01-01 00:00:00,,,Women,Accessories,Wallets,Wallets,Green,Summer,Casual
13444,United Colors of Benetton Women Printed Yellow Tops,images\13444.jpg,148.31,1970-01-01 00:00:00,,,Women,Apparel,Topwear,Tops,Yellow,Summer,Casual
55251,Lakme Absolute Moonlit Highlighter Face Brightener 9G,images\55251.jpg,156.69,1970-01-01 00:00:00,,,Women,Personal Care,Makeup,Highlighter and Blush,Skin,Spring,Casual
31714,Fabindia Women Anusuya Silver Earrings,images\31714.jpg,187.58,1970-01-01 00:00:00,,,Women,Accessories,Jewellery,Earrings,Silver,Winter,Ethnic
8529,Nike Men Nike Lunarfly+  2 Navy Blue Sports Shoes,images\8529.jpg,194.42,1970-01-01 00:00:00,,,Men,Footwear,Shoes,Sports Shoes,Navy Blue,Summer,Sports
28639,Nike Men White T-shirt,images\28639.jpg,50.43,1970-01-01 00:00:00,,,Men,Apparel,Topwear,Tshirts,White,Summer,Sports
50723,Doodle Girls Blue Printed Dress,images\50723.jpg,78.01,1970-01-01 00:00:00,,,Girls,Apparel,Dress,Dresses,Blue,Summer,Casual
47794,Murcia Women Brown Handbag,images\47794.jpg,97.35,1970-01-01 00:00:00,,,Women,Accessories,Bags,Handbags,Brown,Summer,Casual
34266,Fabindia Women Brown Silk Dupatta,images\34266.jpg,169.98,1970-01-01 00:00:00,,,Women,Apparel,Topwear,Dupatta,Brown,Summer,Ethnic
18890,Arrow Woman Tyra Purple Shirt,images\18890.jpg,102.87,1970-01-01 00:00:00,,,Women,Apparel,Topwear,Shirts,Purple,Fall,Casual
7561,Nike Men's As Spher White T-shirt,images\7561.jpg,146.74,1970-01-01 00:00:00,,,Men,Apparel,Topwear,Tshirts,White,Summer,Sports
19942,Nike Unisex Casual Black Duffle Bag,images\19942.jpg,192.64,1970-01-01 00:00:00,,,Unisex,Accessories,Bags,Duffel Bag,Black,Fall,Casual
46646,Rasasi Men Deserve Deo,images\46646.jpg,113.36,1970-01-01 00:00:00,,,Men,Personal Care,Fragrance,Deodorant,Blue,Spring,Casual
16136,Tokyo Talkies Women Printed Blue Top,images\16136.jpg,15.27,1970-01-01 00:00:00,,,Women,Apparel,Topwear,Tops,Blue,Fall,Casual
27443,Jockey Women Pink T-Shirt,images\27443.jpg,79.39,1970-01-01 00:00:00,,,Women,Apparel,Topwear,Tshirts,Pink,Winter,Casual
13676,ADIDAS Men Titan Sports Shoes,images\13676.jpg,100.69,1970-01-01 00:00:00,,,Men,Footwear,Shoes,Sports Shoes,Silver,Fall,Sports
43106,Reebok Men Reespark Deo,images\43106.jpg,137.17,1970-01-01 00:00:00,,,Men,Personal Care,Fragrance,Deodorant,Yellow,Spring,Casual
2221,ADIDAS Classic Blue White Backpack,images\2221.jpg,67.53,1970-01-01 00:00:00,,,Unisex,Accessories,Bags,Backpacks,Blue,Summer,Sports
55063,Lakme Enrich Satins Lipstick 421,images\55063.jpg,52.72,1970-01-01 00:00:00,,,Women,Personal Care,Lips,Lipstick,Brown,Spring,
26591,Puma Men Aqua Cat II Power Red Flip Flops,images\26591.jpg,24.74,1970-01-01 00:00:00,,,Men,Footwear,Flip Flops,Flip Flops,Red,Summer,Casual
6681,Nike Women's Izanami White Blue Shoe,images\6681.jpg,116.13,1970-01-01 00:00:00,,,Women,Footwear,Shoes,Sports Shoes,White,Summer,Sports
34054,Palm Tree Boys Washed Blue 3/4 Length Pants,images\34054.jpg,170.78,1970-01-01 00:00:00,,,Boys,Apparel,Bottomwear,Capris,Blue,Summer,Casual
22131,Provogue Men Black Formal Shoes,images\22131.jpg,41.58,1970-01-01 00:00:00,,,Men,Footwear,Shoes,Formal Shoes,Black,Fall,Formal
7753,Fila Men's Victory Black Shoe,images\7753.jpg,168.89,1970-01-01 00:00:00,,,Men,Footwear,Shoes,Sports Shoes,Black,Fall,Sports
35186,Wildcraft Unisex Grey & Black Backpack,images\35186.jpg,166.14,1970-01-01 00:00:00,,,Unisex,Accessories,Bags,Backpacks,Grey,Spring,Casual
46474,Timex Men Black Dial Watch L506,images\46474.jpg,125.05,1970-01-01 00:00:00,,,Men,Accessories,Watches,Watches,Black,Winter,Casual
36703,Yves Saint Laurent Men Body Kouros Perfume,images\36703.jpg,189.34,1970-01-01 00:00:00,,,Men,Personal Care,Fragrance,Perfume and Body Mist,Black,Spring,Casual
15581,Proline Men Purple Polo T-shirt,images\15581.jpg,118.48,1970-01-01 00:00:00,,,Men,Apparel,Topwear,Tshirts,Purple,Fall,Casual
14453,Enroute Women Casual Black Flats,images\14453.jpg,165.67,1970-01-01 00:00:00,,,Women,Footwear,Shoes,Heels,Black,Summer,Casual
53394,Alma Women Blue and Sea Green Printed Kurta,images\53394.jpg,161.29,1970-01-01 00:00:00,,,Women,Apparel,Topwear,Kurtas,Blue,Fall,Ethnic
20666,Classic Polo Men Striped Grey Tshirt,images\20666.jpg,195.95,1970-01-01 00:00:00,,,Men,Apparel,Topwear,Tshirts,Grey,Fall,Casual
5004,Gini and Jony Girl's Delma Blue Kidswear,images\5004.jpg,173.21,1970-01-01 00:00:00,,,Women,Apparel,Bottomwear,Skirts,Blue,Summer,Casual
25314,Casio Youth Series Men Digital Watch AE-1100W-1BVDF(D086),images\25314.jpg,188.78,1970-01-01 00:00:00,,,Men,Accessories,Watches,Watches,Black,Winter,Casual
11121,Puma Women Minicats Knit Blue Cap,images\11121.jpg,65.19,1970-01-01 00:00:00,,,Women,Accessories,Headwear,Caps,Blue,Fall,Casual
33271,Gini and Jony Girls Red Skirt,images\33271.jpg,40.45,1970-01-01 00:00:00,,,Girls,Apparel,Bottomwear,Skirts,Red,Summer,Casual
40783,Quiksilver Men Black Flip Flops,images\40783.jpg,166.23,1970-01-01 00:00:00,,,Men,Footwear,Flip Flops,Flip Flops,Black,Summer,Casual
5838,ADIDAS Men's Graphic White T-shirt,images\5838.jpg,136.11,1970-01-01 00:00:00,,,Men,Apparel,Topwear,Tshirts,White,Summer,Casual
57734,Lotus Herbals Fruity Fusion Lip Balm,images\57734.jpg,118.23,1970-01-01 00:00:00,,,Women,Personal Care,Lips,Lip Care,Maroon,Spring,
31142,John Miller Men Check Orange Shirt,images\31142.jpg,117.61,1970-01-01 00:00:00,,,Men,Apparel,Topwear,Shirts,Orange,Summer,Formal
3797,Converse Men Black & Red Shoes,images\3797.jpg,182.71,1970-01-01 00:00:00,,,Men,Footwear,Shoes,Casual Shoes,Black,Spring,Casual
29981,Aspen Women Blue Dial Watch,images\29981.jpg,87.72,1970-01-01 00:00:00,,,Women,Free Items,Free Gifts,Free Gifts,Blue,Winter,Casual
19728,United Colors of Benetton Women Solid Purple Shirt,images\19728.jpg,147.04,1970-01-01 00:00:00,,,Women,Apparel,Topwear,Shirts,Purple,Summer,Casual
55407,Revlon ColorStay Overtime Relentless Raisin Lip Gloss 270,images\55407.jpg,40.94,1970-01-01 00:00:00,,,Women,Personal Care,Lips,Lip Gloss,Purple,Spring,Casual
27027,Jealous 21 Women Blue Shorts,images\27027.jpg,163.81,1970-01-01 00:00:00,,,Women,Apparel,Bottomwear,Shorts,Blue,Summer,Casual
13212,ASICS Women Gel Spree Running Grey Sports Shoes,images\13212.jpg,124.96,1970-01-01 00:00:00,,,Women,Footwear,Shoes,Sports Shoes,Grey,Spring,Sports
28853,Proline Men Purple T-shirt,images\28853.jpg,26.4,1970-01-01 00:00:00,,,Men,Apparel,Topwear,Tshirts,Purple,Summer,Casual
43562,Puma Men White Pack of 3 Socks,images\43562.jpg,80.19,1970-01-01 00:00:00,,,Men,Accessories,Socks,Socks,White,Summer,Casual
50949,Lee Women Navy Blue Roxy Fit Jeans,images\50949.jpg,172.08,1970-01-01 00:00:00,,,Women,Apparel,Bottomwear,Jeans,Navy Blue,Summer,Casual
30090,Ed Hardy Men Silver Dial Watch,images\30090.jpg,88.79,1970-01-01 00:00:00,,,Men,Accessories,Watches,Watches,Steel,Winter,Casual
2645,Murcia Women Big Canvas Tote Bag,images\2645.jpg,168.57,1970-01-01 00:00:00,,,Women,Accessories,Bags,Handbags,Pink,Winter,Casual
16760,Spice Art Women Leatherette  Black Handbags,images\16760.jpg,140.32,1970-01-01 00:00:00,,,Women,Accessories,Bags,Handbags,Black,Winter,Casual
49864,Q&Q Kids Unisex Purple Digital Watch,images\49864.jpg,86.74,1970-01-01 00:00:00,,,Unisex,Accessories,Watches,Watches,Purple,Winter,Casual
22555,Reebok Men Reespeed Deo,images\22555.jpg,120.3,1970-01-01 00:00:00,,,Men,Personal Care,Fragrance,Deodorant,Black,Spring,Casual
46010,Fabindia Maroon Printed Saree,images\46010.jpg,31.92,1970-01-01 00:00:00,,,Women,Apparel,Saree,Sarees,Maroon,Summer,Ethnic
34430,Myntra Women Face Blue T-shirt,images\34430.jpg,192.02,1970-01-01 00:00:00,,,Women,Apparel,Topwear,Tshirts,Blue,Summer,Casual
23487,Arrow Men Grey Scarf,images\23487.jpg,174.67,1970-01-01 00:00:00,,,Men,Accessories,Scarves,Scarves,Grey,Summer,Casual
50175,Rocia Women Black & Brown Flats,images\50175.jpg,32.01,1970-01-01 00:00:00,,,Women,Footwear,Shoes,Flats,Black,Winter,Casual
58318,Jockey LCESCBRA Men White Pack of 3 Socks 2004,images\58318.jpg,46.54,1970-01-01 00:00:00,,,Men,Accessories,Socks,Socks,White,Summer,Sports
14037,Flying Machine Men Check Blue Shirts,images\14037.jpg,31.42,1970-01-01 00:00:00,,,Men,Apparel,Topwear,Shirts,Blue,Winter,Casual
20202,Wrangler Men Glow Grey Sweatshirt,images\20202.jpg,39.99,1970-01-01 00:00:00,,,Men,Apparel,Topwear,Sweatshirts,Grey,Fall,Casual
5460,Nike Women's Double Team Lite Black Shoe,images\5460.jpg,22.74,1970-01-01 00:00:00,,,Women,Footwear,Shoes,Sports Shoes,Black,Summer,Sports
44747,Globalite Men Black Sparta Shoes,images\44747.jpg,161.03,1970-01-01 00:00:00,,,Men,Footwear,Shoes,Casual Shoes,Black,Summer,Casual
36367,Reid & Taylor Men Red Tie,images\36367.jpg,28.97,1970-01-01 00:00:00,,,Men,Accessories,Ties,Ties,Red,Summer,Formal
52622,Mod-acc Women Purple Handbag,images\52622.jpg,197.91,1970-01-01 00:00:00,,,Women,Accessories,Bags,Handbags,Purple,Summer,Casual
57350,Amante Black T-Shirt Bra BGSB01,images\57350.jpg,154.65,1970-01-01 00:00:00,,,Women,Apparel,Innerwear,Bra,Black,Winter,Casual
10497,Flying Machine Women RN HS White Tshirts,images\10497.jpg,93.95,1970-01-01 00:00:00,,,Women,Apparel,Topwear,Tshirts,White,Fall,Casual
25770,Lino Perros Men Black Suspenders,images\25770.jpg,121.84,1970-01-01 00:00:00,,,Men,Apparel,Topwear,Suspenders,Black,Summer,Formal
11545,W Women Printed Green Kurtas,images\11545.jpg,17.37,1970-01-01 00:00:00,,,Women,Apparel,Topwear,Kurtas,Green,Summer,Ethnic
56282,Biara Black Everyday Support Bra,images\56282.jpg,106.61,1970-01-01 00:00:00,,,Women,Apparel,Innerwear,Bra,Black,Summer,Casual
37087,Lino Perros Women Brown Mobile Pouch,images\37087.jpg,61.99,1970-01-01 00:00:00,,,Women,Accessories,Bags,Mobile Pouch,Brown,Summer,Casual
20030,United Colors of Benetton Men Solid Blue Shirt,images\20030.jpg,170.32,1970-01-01 00:00:00,,,Men,Apparel,Topwear,Shirts,Blue,Fall,Casual
39921,Tortoise Unisex Brown Leather Duffel Bag,images\39921.jpg,23.34,1970-01-01 00:00:00,,,Unisex,Accessories,Bags,Duffel Bag,Brown,Spring,Travel
52410,Red Rose Women Black Nightdress,images\52410.jpg,13.36,1970-01-01 00:00:00,,,Women,Apparel,Loungewear and Nightwear,Nightdress,Black,Winter,Casual
4780,ADIDAS Women's Balance Pink T-shirt,images\4780.jpg,128.39,1970-01-01 00:00:00,,,Women,Apparel,Topwear,Tshirts,Pink,Summer,Sports
57162,Elle Women Teal T-shirt,images\57162.jpg,196.25,1970-01-01 00:00:00,,,Women,Apparel,Topwear,Tshirts,Teal,Summer,Casual
58916,Hakashi Men Black Silk Tie,images\58916.jpg,190.11,1970-01-01 00:00:00,,,Men,Accessories,Ties,Ties,Black,Summer,Casual
33427,Baggit Women Modishx Enzyme Blue Sling Bag,images\33427.jpg,192.43,1970-01-01 00:00:00,,,Women,Accessories,Bags,Handbags,Blue,Summer,Casual
41007,Gini and Jony Girls Woven Navy Blue Shorts,images\41007.jpg,67.69,1970-01-01 00:00:00,,,Girls,Apparel,Bottomwear,Shorts,Navy Blue,Summer,Casual
25542,Wrangler Women Striper Tank Yellow Top,images\25542.jpg,172.16,1970-01-01 00:00:00,,,Women,Apparel,Topwear,Tops,Yellow,Summer,Casual
11777,Lee Men Printed Red Tshirts,images\11777.jpg,28.06,1970-01-01 00:00:00,,,Men,Apparel,Topwear,Tshirts,Red,Fall,Casual
7939,Puma Men's Graphic Optic Black Silver T-shirt,images\7939.jpg,108.38,1970-01-01 00:00:00,,,Men,Apparel,Topwear,Tshirts,Black,Fall,Sports
55635,Catwalk Women Gold Heels,images\55635.jpg,23.15,1970-01-01 00:00:00,,,Women,Footwear,Shoes,Heels,Gold,Winter,Casual
42682,Alma Women Cream & Blue Kurta,images\42682.jpg,82.55,1970-01-01 00:00:00,,,Women,Apparel,Topwear,Kurtas,Cream,Summer,Ethnic
2477,Nike Men's LunarFly Blue Shoe,images\2477.jpg,180.03,1970-01-01 00:00:00,,,Men,Footwear,Shoes,Sports Shoes,Blue,Fall,Sports
27215,Doodle Kids Boy Striped Blue Shorts,images\27215.jpg,72.98,1970-01-01 00:00:00,,,Men,Apparel,Bottomwear,Shorts,Blue,Summer,Casual
7105,Wildcraft Unisex Green Backpack,images\7105.jpg,11.84,1970-01-01 00:00:00,,,Unisex,Accessories,Bags,Backpacks,Green,Winter,Casual
16552,Basics Men Grey Printed Polo T-shirt,images\16552.jpg,101.32,1970-01-01 00:00:00,,,Men,Apparel,Topwear,Tshirts,Grey,Fall,Casual
8971,Puma Men Drift Cat III CF Black Sports Shoes,images\8971.jpg,146.16,1970-01-01 00:00:00,,,Men,Footwear,Shoes,Sports Shoes,Black,Fall,Sports
22767,BIBA Women Solid Green Kurta,images\22767.jpg,187.03,1970-01-01 00:00:00,,,Women,Apparel,Topwear,Kurtas,Green,Fall,Ethnic
50347,Aurelia Women Red Kurta,images\50347.jpg,33.2,1970-01-01 00:00:00,,,Women,Apparel,Topwear,Kurtas,Red,Summer,Ethnic
34602,Hanes Men Brown Boxer Brief,images\34602.jpg,188.17,1970-01-01 00:00:00,,,Men,Apparel,Innerwear,Briefs,Brown,Summer,Casual
59665,FNF Pink & Yellow Printed Evening Wear Sari,images\59665.jpg,95.6,1970-01-01 00:00:00,,,Women,Apparel,Saree,Sarees,Yellow,Fall,Ethnic
14498,Flying Machine Men Casual Black Casual Shoes,images\14498.jpg,199.61,1970-01-01 00:00:00,,,Men,Footwear,Shoes,Casual Shoes,Black,Fall,Casual
10804,Wrangler Men Rider Solid White Shirts,images\10804.jpg,190.24,1970-01-01 00:00:00,,,Men,Footwear,Flip Flops,Flip Flops,White,Fall,Casual
4921,Gini and Jony Girl's Viona Pack of 3 Tee Kidswear,images\4921.jpg,72.53,1970-01-01 00:00:00,,,Women,Apparel,Topwear,Tshirts,White,Summer,Casual
32368,Q&Q Men Black Dial Watch,images\32368.jpg,96.28,1970-01-01 00:00:00,,,Men,Accessories,Watches,Watches,Black,Winter,Casual
39780,Peter England Men Yellow Casual Shirts,images\39780.jpg,145.16,1970-01-01 00:00:00,,,Men,Apparel,Topwear,Shirts,Yellow,Summer,Casual
40748,Roxy Women Pink Flip Flops,images\40748.jpg,52.37,1970-01-01 00:00:00,,,Women,Footwear,Flip Flops,Flip Flops,Pink,Winter,Casual
38652,Nike Women Double Team Lite Black Shoes,images\38652.jpg,18.49,1970-01-01 00:00:00,,,Women,Footwear,Shoes,Casual Shoes,Black,Summer,Casual
18255,Aneri Women Multi Coloured Kurta,images\18255.jpg,199.94,1970-01-01 00:00:00,,,Women,Apparel,Topwear,Kurtas,Off White,Summer,Ethnic
27488,Jockey Women Red Bikini Briefs,images\27488.jpg,99.9,1970-01-01 00:00:00,,,Women,Apparel,Innerwear,Briefs,Red,Winter,Casual
9602,Scullers Men Scul White & Red Shirt,images\9602.jpg,84.13,1970-01-01 00:00:00,,,Men,Apparel,Topwear,Shirts,Black,Fall,Casual
23814,Puma Men Neo Low Black Casual Shoes,images\23814.jpg,151.71,1970-01-01 00:00:00,,,Men,Footwear,Shoes,Casual Shoes,Black,Fall,Casual
48525,French Connection Women White & Blue  Striped Dress,images\48525.jpg,157.33,1970-01-01 00:00:00,,,Women,Apparel,Dress,Dresses,White,Summer,Casual
3338,ADIDAS Men's Mumbai Indians White Polo T-shirt,images\3338.jpg,102.87,1970-01-01 00:00:00,,,Men,Apparel,Topwear,Tshirts,White,Summer,Sports
35971,Flying Machine Men Tee Black T-shirt,images\35971.jpg,94.81,1970-01-01 00:00:00,,,Men,Apparel,Topwear,Tshirts,Black,Summer,Casual
19387,ADIDAS Men Dumont Beige Sports Shoes,images\19387.jpg,57.71,1970-01-01 00:00:00,,,Men,Footwear,Shoes,Sports Shoes,Beige,Summer,Sports
54946,Do u speak green Men Cream T-shirt,images\54946.jpg,135.43,1970-01-01 00:00:00,,,Men,Apparel,Topwear,Tshirts,Cream,Summer,Casual
23028,Arrow Men Blue Striped Shirt,images\23028.jpg,187.03,1970-01-01 00:00:00,,,Men,Apparel,Topwear,Shirts,Blue,Fall,Formal
42823,Little Miss Intimates Women Grey Brief,images\42823.jpg,153.39,1970-01-01 00:00:00,,,Women,Apparel,Innerwear,Briefs,Grey,Summer,Casual
51408,Myntra Men Blue and White Check Shirt,images\51408.jpg,121.72,1970-01-01 00:00:00,,,Men,Apparel,Topwear,Shirts,Blue,Summer,Casual
55894,Colorbar Blue Lagoon Nail Lacquer 05,images\55894.jpg,83.62,1970-01-01 00:00:00,,,Women,Personal Care,Nails,Nail Polish,Blue,Spring,Casual
7798,Proline Men White Polo T-shirt,images\7798.jpg,93.46,1970-01-01 00:00:00,,,Men,Apparel,Topwear,Tshirts,White,Fall,Casual
9430,Lee Cooper Men Nnado Black Formal Shoes,images\9430.jpg,84.63,1970-01-01 00:00:00,,,Men,Footwear,Shoes,Formal Shoes,Black,Fall,Formal
17813,Lee Cooper Men  Brown Casual Shoe,images\17813.jpg,188.4,1970-01-01 00:00:00,,,Men,Footwear,Shoes,Casual Shoes,Brown,Fall,Casual
48717,Lucera Women Silver Earrings,images\48717.jpg,17.46,1970-01-01 00:00:00,,,Women,Accessories,Jewellery,Earrings,Silver,Summer,Casual
6478,ADIDAS Men Top Grey Jacket,images\6478.jpg,27.82,1970-01-01 00:00:00,,,Men,Apparel,Topwear,Jackets,Grey,Summer,Casual
19989,United Colors of Benetton Women Printed White T-shirt,images\19989.jpg,76.89,1970-01-01 00:00:00,,,Women,Apparel,Topwear,Tshirts,White,Fall,Casual
3936,Jealous 21 Women's Black Miss T-shirt,images\3936.jpg,199.33,1970-01-01 00:00:00,,,Women,Apparel,Topwear,Tshirts,Black,Summer,Casual
15778,Facit Men Mid- Rise BF Grey Briefs,images\15778.jpg,37.59,1970-01-01 00:00:00,,,Men,Apparel,Innerwear,Briefs,Grey,Summer,Casual
59457,Lucera Silver Ring,images\59457.jpg,94.86,1970-01-01 00:00:00,,,Women,Accessories,Jewellery,Ring,Silver,Summer,Casual
45008,Maxima Men Digital Multifunction Watch,images\45008.jpg,135.89,1970-01-01 00:00:00,,,Men,Accessories,Watches,Watches,Steel,Winter,Casual
37428,Murcia Women Red Handbag,images\37428.jpg,38.18,1970-01-01 00:00:00,,,Women,Accessories,Bags,Handbags,Red,Summer,Casual
52883,FNF Printed Blue Sari,images\52883.jpg,139.77,1970-01-01 00:00:00,,,Women,Apparel,Saree,Sarees,Blue,Fall,Ethnic
45834,Vishudh Women Red Kurta,images\45834.jpg,166.29,1970-01-01 00:00:00,,,Women,Apparel,Topwear,Kurtas,Red,Summer,Ethnic
33088,Catwalk Women Gold Flats,images\33088.jpg,67.31,1970-01-01 00:00:00,,,Women,Footwear,Shoes,Heels,Gold,Winter,Casual
38460,Baggit Women Green Pinto Checksy Mobile Pouch,images\38460.jpg,45.87,1970-01-01 00:00:00,,,Women,Accessories,Bags,Mobile Pouch,Green,Summer,Casual
12139,Aurelia Women Solid Purple Kurtas,images\12139.jpg,146.9,1970-01-01 00:00:00,,,Women,Apparel,Topwear,Kurtas,Purple,Fall,Ethnic
42649,Alma Women Black Kurta,images\42649.jpg,28.69,1970-01-01 00:00:00,,,Women,Apparel,Topwear,Kurtas,Black,Summer,Ethnic
8186,Locomotive Men Check Lai Grey Shirts,images\8186.jpg,127.65,1970-01-01 00:00:00,,,Men,Apparel,Topwear,Shirts,Grey,Summer,Casual
9054,ADIDAS Women Duramo 3 White Sports Shoes,images\9054.jpg,34.2,1970-01-01 00:00:00,,,Women,Footwear,Shoes,Sports Shoes,White,Fall,Sports
30269,Speedo Men Sheet Sunglasses,images\30269.jpg,181.12,1970-01-01 00:00:00,,,Men,Accessories,Eyewear,Sunglasses,Brown,Summer,Casual
48373,French Connection Men White & Purple Check Shirt,images\48373.jpg,138.37,1970-01-01 00:00:00,,,Men,Apparel,Topwear,Shirts,White,Summer,Casual
18403,Skechers Men Tone-Ups Black Shoe,images\18403.jpg,67.68,1970-01-01 00:00:00,,,Men,Footwear,Shoes,Casual Shoes,Black,Fall,Casual
6820,Timberland Women's Estela Umbrella Green Flip Flop,images\6820.jpg,177.55,1970-01-01 00:00:00,,,Women,Footwear,Flip Flops,Flip Flops,Green,Summer,Casual
12905,Puma Women Casual Purple Casual Shoes,images\12905.jpg,122.82,1970-01-01 00:00:00,,,Women,Footwear,Shoes,Casual Shoes,Purple,Fall,Casual
9868,Status Quo Men Navy Blue Polo Tshirts,images\9868.jpg,162.87,1970-01-01 00:00:00,,,Men,Apparel,Topwear,Tshirts,Navy Blue,Fall,Casual
28296,Fastrack Men Sunglasses,images\28296.jpg,141.13,1970-01-01 00:00:00,,,Men,Accessories,Eyewear,Sunglasses,Black,Winter,Casual
57995,Latin Quarters Women & White Black Dress,images\57995.jpg,47.26,1970-01-01 00:00:00,,,Women,Apparel,Dress,Dresses,Black,Fall,Casual
5699,Skechers Men's Striking Black Shoe,images\5699.jpg,144.92,1970-01-01 00:00:00,,,Men,Footwear,Shoes,Casual Shoes,Black,Winter,Casual
40922,Gini and Jony Boys Rodeo Blue Jacket,images\40922.jpg,88.55,1970-01-01 00:00:00,,,Boys,Apparel,Topwear,Jackets,Blue,Summer,Casual
38838,Latin Quarters Women Pink & Black Printed Dress,images\38838.jpg,103.2,1970-01-01 00:00:00,,,Women,Apparel,Dress,Dresses,Pink,Fall,Casual
59033,Carlton London Women Black Heels,images\59033.jpg,89.88,1970-01-01 00:00:00,,,Women,Footwear,Shoes,Heels,Black,Winter,Casual
21129,s.Oliver Women Printed Red Top,images\21129.jpg,87.87,1970-01-01 00:00:00,,,Women,Apparel,Topwear,Tops,Red,Fall,Casual
56847,John Players Men Blue Jeans,images\56847.jpg,44.6,1970-01-01 00:00:00,,,Men,Apparel,Bottomwear,Jeans,Blue,Summer,Casual
37870,Hidekraft Men Black Wallet,images\37870.jpg,78.43,1970-01-01 00:00:00,,,Men,Accessories,Wallets,Wallets,Black,Summer,Casual
38004,Q&Q Women Blue Watch,images\38004.jpg,99.78,1970-01-01 00:00:00,,,Women,Accessories,Watches,Watches,Blue,Winter,Casual
21915,Biba Women Orange & Purple Printed Churidar Kurta with Dupatta,images\21915.jpg,54.6,1970-01-01 00:00:00,,,Women,Apparel,Apparel Set,Kurta Sets,Orange,Fall,Ethnic
25589,Vishudh Women Green Churidar Kurta with Dupatta,images\25589.jpg,162.44,1970-01-01 00:00:00,,,Women,Apparel,Apparel Set,Kurta Sets,Green,Fall,Ethnic
4579,Nike Women Zoo Blue Shoe,images\4579.jpg,98.66,1970-01-01 00:00:00,,,Women,Footwear,Shoes,Sports Shoes,Blue,Summer,Sports
38236,Polaroid Unisex Sunglasses,images\38236.jpg,112.54,1970-01-01 00:00:00,,,Unisex,Accessories,Eyewear,Sunglasses,Black,Winter,Casual
24669,Converse Men Red Casual Shoes,images\24669.jpg,65.21,1970-01-01 00:00:00,,,Men,Footwear,Shoes,Casual Shoes,Red,Fall,Casual
56249,SDL by Sweet Dreams Men White Pyjama Set,images\56249.jpg,196.76,1970-01-01 00:00:00,,,Men,Apparel,Loungewear and Nightwear,Night suits,White,Summer,Casual
15912,Black Coffee Men Stripes Blue Shirt,images\15912.jpg,51.16,1970-01-01 00:00:00,,,Men,Apparel,Topwear,Shirts,Blue,Fall,Formal
49093,Deborah 24 Ore Lip Liner 220,images\49093.jpg,105.19,1970-01-01 00:00:00,,,Women,Personal Care,Lips,Lip Liner,Mauve,Spring,Casual
31189,Cabarelli Men Brown Wallet,images\31189.jpg,116.06,1970-01-01 00:00:00,,,Men,Accessories,Wallets,Wallets,Brown,Summer,Casual
18631,Puma Men GP Speed Navy Blue Tshirts,images\18631.jpg,175.03,1970-01-01 00:00:00,,,Men,Apparel,Topwear,Tshirts,Navy Blue,Fall,Casual
9266,Scullers Men Scul Blue Shirts,images\9266.jpg,57.61,1970-01-01 00:00:00,,,Men,Apparel,Topwear,Shirts,Navy Blue,Fall,Casual
50982,Enamor Women Maroon Robe,images\50982.jpg,175.14,1970-01-01 00:00:00,,,Women,Apparel,Loungewear and Nightwear,Robe,Maroon,Summer,Casual
28898,Enamor Women Red Brief,images\28898.jpg,186.85,1970-01-01 00:00:00,,,Women,Apparel,Innerwear,Briefs,Red,Summer,Casual
48141,Fossil Women Brown Wallet,images\48141.jpg,129.36,1970-01-01 00:00:00,,,Women,Accessories,Wallets,Wallets,Brown,Winter,Casual
29176,United Colors of Benetton Boys Khaki Shorts,images\29176.jpg,197.28,1970-01-01 00:00:00,,,Boys,Apparel,Bottomwear,Shorts,Khaki,Summer,Casual
26902,Jealous 21 Women Printed Lavender Top,images\26902.jpg,166.34,1970-01-01 00:00:00,,,Women,Apparel,Topwear,Tops,Lavender,Summer,Casual
35529,Enroute Teens Orange Sandals,images\35529.jpg,13.76,1970-01-01 00:00:00,,,Girls,Footwear,Sandal,Sandals,Orange,Summer,Casual
47109,Marvel Boys White Shoes,images\47109.jpg,74.97,1970-01-01 00:00:00,,,Boys,Footwear,Shoes,Casual Shoes,White,Fall,Casual
17679,Catwalk Women Buckel Pink Flats,images\17679.jpg,29.19,1970-01-01 00:00:00,,,Women,Footwear,Shoes,Heels,Pink,Winter,Casual
30867,Fabindia Women Blue Kurta,images\30867.jpg,186.12,1970-01-01 00:00:00,,,Women,Apparel,Topwear,Kurtas,Blue,Summer,Ethnic
7906,Proline Men Black & Navy Striped Polo T-shirt,images\7906.jpg,168.5,1970-01-01 00:00:00,,,Men,Apparel,Topwear,Tshirts,Black,Fall,Casual
19525,United Colors of Benetton Men Check Grey Sweater,images\19525.jpg,27.36,1970-01-01 00:00:00,,,Men,Apparel,Topwear,Sweaters,Grey,Fall,Casual
8172,Catwalk Women Slim Casual Beige Wedges,images\8172.jpg,193.33,1970-01-01 00:00:00,,,Women,Footwear,Shoes,Heels,Blue,Winter,Casual
48387,French Connection Men Blue Jeans,images\48387.jpg,193.31,1970-01-01 00:00:00,,,Men,Apparel,Bottomwear,Jeans,Blue,Summer,Casual
22758,BIBA Women Printed Blue Kurta,images\22758.jpg,121.88,1970-01-01 00:00:00,,,Women,Apparel,Topwear,Kurtas,Blue,Fall,Ethnic
50378,Vishudh Women Red & White Salwar and Dupatta,images\50378.jpg,89.23,1970-01-01 00:00:00,,,Women,Apparel,Bottomwear,Salwar and Dupatta,White,Summer,Ethnic
28262,18+ Men Thrill Deo,images\28262.jpg,194.4,1970-01-01 00:00:00,,,Men,Personal Care,Fragrance,Deodorant,Blue,Spring,Casual
57961,Prafful Women Black & Grren Sari,images\57961.jpg,137.43,1970-01-01 00:00:00,,,Women,Apparel,Saree,Sarees,Black,Fall,Ethnic
58115,Rreverie Women Silver Pendant,images\58115.jpg,73.93,1970-01-01 00:00:00,,,Women,Accessories,Jewellery,Pendant,Silver,Fall,Casual
37884,Happy Socks Unisex Black Socks,images\37884.jpg,26.88,1970-01-01 00:00:00,,,Unisex,Accessories,Socks,Socks,Black,Summer,Casual
20833,Clarks Men Black Formal Shoes,images\20833.jpg,37.03,1970-01-01 00:00:00,,,Men,Footwear,Shoes,Formal Shoes,Black,Fall,Formal
39122,Aneri Women Blue Leggings,images\39122.jpg,86.55,1970-01-01 00:00:00,,,Women,Apparel,Bottomwear,Leggings,Blue,Fall,Casual
41038,Nautica Men Brown Dial Watch,images\41038.jpg,52.07,1970-01-01 00:00:00,,,Men,Accessories,Watches,Watches,Brown,Winter,Casual
58327,Lotto Women Lavender Flip Flops,images\58327.jpg,120.23,1970-01-01 00:00:00,,,Women,Footwear,Flip Flops,Flip Flops,Lavender,Summer,Casual
14008,Nike Men Printed White Tshirts,images\14008.jpg,21.97,1970-01-01 00:00:00,,,Men,Apparel,Topwear,Tshirts,White,Fall,Casual
44778,Lotto Men Grey Skateboard Shoes,images\44778.jpg,130.77,1970-01-01 00:00:00,,,Men,Footwear,Shoes,Casual Shoes,Grey,Summer,Casual
36358,Reid & Taylor Men Red Tie,images\36358.jpg,128.71,1970-01-01 00:00:00,,,Men,Accessories,Ties,Ties,Red,Summer,Formal
14834,United Colors of Benetton Men Solid Black Belts,images\14834.jpg,85.6,1970-01-01 00:00:00,,,Men,Accessories,Belts,Belts,Black,Summer,Casual
39310,Red Chief Men Khaki Casual Shoes,images\39310.jpg,15.09,1970-01-01 00:00:00,,,Men,Footwear,Shoes,Casual Shoes,Khaki,Winter,Casual
49067,Lino Perros Women Olive Handbag,images\49067.jpg,76.39,1970-01-01 00:00:00,,,Women,Accessories,Bags,Handbags,Olive,Summer,Casual
8340,Doodle Boy's Volleyball Champion Black White Kidswear,images\8340.jpg,199.7,1970-01-01 00:00:00,,,Boys,Apparel,Topwear,Tshirts,Black,Fall,Casual
46813,Gini and Jony Girls Pink Skirt,images\46813.jpg,154.67,1970-01-01 00:00:00,,,Girls,Apparel,Bottomwear,Skirts,Pink,Summer,Casual
19717,United Colors of Benetton Men Check Blue Shirt,images\19717.jpg,106.29,1970-01-01 00:00:00,,,Men,Apparel,Topwear,Shirts,Blue,Fall,Casual
55438,Revlon Mauve Colorburst Lipstick 005,images\55438.jpg,33.25,1970-01-01 00:00:00,,,Women,Personal Care,Lips,Lipstick,Pink,Spring,Casual
27018,Jealous 21 Women Washed Blue Jeans,images\27018.jpg,52.59,1970-01-01 00:00:00,,,Women,Apparel,Bottomwear,Jeans,Blue,Summer,Casual
50976,Enamor Petal Pink Bra,images\50976.jpg,41.76,1970-01-01 00:00:00,,,Women,Apparel,Innerwear,Bra,Pink,Summer,Casual
29182,United Colors of Benetton Women White Tunics,images\29182.jpg,51.98,1970-01-01 00:00:00,,,Women,Apparel,Topwear,Tunics,White,Summer,Casual
31941,Nike Women Air Rift Grey Shoes,images\31941.jpg,180.23,1970-01-01 00:00:00,,,Women,Footwear,Shoes,Casual Shoes,Grey,Summer,Casual
7308,UCB Women's Sleeveless Light Blue Top,images\7308.jpg,93.55,1970-01-01 00:00:00,,,Women,Apparel,Topwear,Tops,Blue,Summer,Casual
30893,Fabindia Women Printed White & Blue Patiala,images\30893.jpg,76.45,1970-01-01 00:00:00,,,Women,Apparel,Bottomwear,Patiala,White,Summer,Ethnic
28050,Jockey ELANCE Men Charcoal Pack of 2 Briefs 1009,images\28050.jpg,74.19,1970-01-01 00:00:00,,,Men,Apparel,Innerwear,Briefs,Charcoal,Summer,Casual
48989,Lucera Women Silver Ring,images\48989.jpg,154.0,1970-01-01 00:00:00,,,Women,Accessories,Jewellery,Ring,Silver,Summer,Casual
11922,Franco Leone Men Formal Black Formal Shoes,images\11922.jpg,74.41,1970-01-01 00:00:00,,,Men,Footwear,Shoes,Formal Shoes,Black,Summer,Formal
59691,Avirate Purple Bra,images\59691.jpg,19.72,1970-01-01 00:00:00,,,Women,Apparel,Innerwear,Bra,Purple,Summer,Casual
58743,Puma Men Olive T-shirt,images\58743.jpg,164.57,1970-01-01 00:00:00,,,Men,Apparel,Topwear,Tshirts,Olive,Fall,Casual
5807,ADIDAS Women's Tunic Blue T-shirt,images\5807.jpg,150.45,1970-01-01 00:00:00,,,Women,Apparel,Topwear,Tshirts,Blue,Summer,Casual
13649,ADIDAS Black Hydroterra Shandal Casual Shoes,images\13649.jpg,93.19,1970-01-01 00:00:00,,,Men,Footwear,Shoes,Casual Shoes,Black,Fall,Casual
34857,Vans Men Classic Slip-On Black Shoes,images\34857.jpg,175.94,1970-01-01 00:00:00,,,Men,Footwear,Shoes,Casual Shoes,Black,Summer,Casual
22932,Fastrack Unisex Black Dial Watch 9912PP13,images\22932.jpg,48.28,1970-01-01 00:00:00,,,Unisex,Accessories,Watches,Watches,Black,Winter,Casual
8724,Indigo Nation Men Checks Red Shirts,images\8724.jpg,97.85,1970-01-01 00:00:00,,,Men,Apparel,Topwear,Shirts,Red,Fall,Casual
35985,Flying Machine Women Poppy Red T-shirt,images\35985.jpg,128.38,1970-01-01 00:00:00,,,Women,Apparel,Topwear,Tshirts,Red,Summer,Casual
47599,Portia Women Black Flats,images\47599.jpg,18.28,1970-01-01 00:00:00,,,Women,Footwear,Shoes,Flats,Brown,Winter,Casual
28434,DKNY Women White Dial Watch NY8299,images\28434.jpg,175.92,1970-01-01 00:00:00,,,Women,Accessories,Watches,Watches,White,Winter,Casual
55860,Colorbar Pro Dazzling Mauve Nail Lacquer 008,images\55860.jpg,90.91,1970-01-01 00:00:00,,,Women,Personal Care,Nails,Nail Polish,Lavender,Spring,Casual
19141,Lotto Men Revorb Black Sandals,images\19141.jpg,152.28,1970-01-01 00:00:00,,,Men,Footwear,Sandal,Sandals,Black,Fall,Casual
49631,Mineral Cream Dress,images\49631.jpg,66.14,1970-01-01 00:00:00,,,Women,Apparel,Dress,Dresses,Cream,Summer,Casual
8516,Nike Unisex Ultimatum Max Black Backpacks,images\8516.jpg,162.36,1970-01-01 00:00:00,,,Unisex,Accessories,Bags,Backpacks,Black,Summer,Sports
28606,Nike Men Air Twilight Black Shoes,images\28606.jpg,95.78,1970-01-01 00:00:00,,,Men,Footwear,Shoes,Sports Shoes,Black,Summer,Casual
34259,Proline Men Grey Tracksuit,images\34259.jpg,14.74,1970-01-01 00:00:00,,,Men,Apparel,Bottomwear,Tracksuits,Grey,Summer,Sports
46679,Rasasi Women Pack of 3 Perfumes,images\46679.jpg,162.44,1970-01-01 00:00:00,,,Women,Personal Care,Fragrance,Perfume and Body Mist,Peach,Spring,Casual
16109,M tv Men My Fab Eyewear Brown Sunglasses,images\16109.jpg,90.01,1970-01-01 00:00:00,,,Men,Accessories,Eyewear,Sunglasses,Brown,Winter,Casual
25925,Femella Women Purple T-Shirt,images\25925.jpg,36.22,1970-01-01 00:00:00,,,Women,Apparel,Topwear,Tshirts,Purple,Summer,Casual
5209,Superman Men's Job Round Neck White T-shirt,images\5209.jpg,179.88,1970-01-01 00:00:00,,,Men,Apparel,Topwear,Tshirts,White,Summer,Casual
33840,Puma Men Hypermoto Ducati Black Shoes,images\33840.jpg,130.28,1970-01-01 00:00:00,,,Men,Footwear,Shoes,Casual Shoes,Black,Summer,Casual
58571,Puma Men Black Shorts,images\58571.jpg,34.98,1970-01-01 00:00:00,,,Men,Apparel,Bottomwear,Shorts,Black,Summer,Casual
52877,FNF Multi Coloured Sari,images\52877.jpg,110.08,1970-01-01 00:00:00,,,Women,Apparel,Saree,Sarees,White,Fall,Ethnic
39546,Numero Uno Men Yellow Flip Flops,images\39546.jpg,74.36,1970-01-01 00:00:00,,,Men,Footwear,Flip Flops,Flip Flops,Yellow,Summer,Casual
25119,Lino Perros Women Gems Black Clutch,images\25119.jpg,138.83,1970-01-01 00:00:00,,,Women,Accessories,Bags,Clutches,Black,Winter,Casual
44912,Puma Men Black Track Pants,images\44912.jpg,58.7,1970-01-01 00:00:00,,,Men,Apparel,Bottomwear,Track Pants,Black,Summer,Casual
57539,Flying Machine Men Olive Belt,images\57539.jpg,70.0,1970-01-01 00:00:00,,,Men,Accessories,Belts,Belts,Olive,Summer,Casual
38494,Gini and Jony Boys United Green T-shirt,images\38494.jpg,157.98,1970-01-01 00:00:00,,,Boys,Apparel,Topwear,Tshirts,Green,Summer,Casual
20037,United Colors Of Benetton Women Black Tights,images\20037.jpg,163.18,1970-01-01 00:00:00,,,Women,Apparel,Bottomwear,Stockings,Black,Fall,Casual
44572,Coolers Men Black Sports Sandals,images\44572.jpg,15.48,1970-01-01 00:00:00,,,Men,Footwear,Sandal,Sports Sandals,Black,Summer,Casual
37080,Lino Perros Women Blue Handbag,images\37080.jpg,143.33,1970-01-01 00:00:00,,,Women,Accessories,Bags,Handbags,Blue,Summer,Casual
57959,Prafful Turquoise Blue Printed Sari,images\57959.jpg,83.31,1970-01-01 00:00:00,,,Women,Apparel,Saree,Sarees,Turquoise Blue,Fall,Ethnic
4787,ADIDAS Men's Bas Esx Black Short,images\4787.jpg,114.67,1970-01-01 00:00:00,,,Men,Apparel,Bottomwear,Shorts,Black,Summer,Sports
52417,Red Rose Women Red Pyjama Set,images\52417.jpg,121.78,1970-01-01 00:00:00,,,Women,Apparel,Loungewear and Nightwear,Night suits,Red,Winter,Casual
39926,Tortoise Unisex Brown Laptop Bag,images\39926.jpg,128.67,1970-01-01 00:00:00,,,Unisex,Accessories,Bags,Laptop Bag,Brown,Fall,Casual
58911,Hakashi Men Grey Silk Tie,images\58911.jpg,162.28,1970-01-01 00:00:00,,,Men,Accessories,Ties,Ties,Grey,Summer,Casual
24497,Mother Earth Women Black Printed Kurta,images\24497.jpg,17.05,1970-01-01 00:00:00,,,Women,Apparel,Topwear,Kurtas,Black,Fall,Ethnic
57165,Elle Women Magenta Clash Top,images\57165.jpg,115.52,1970-01-01 00:00:00,,,Women,Apparel,Topwear,Tops,Magenta,Summer,Casual
11770,Lee Men Printed Blue Tshirts,images\11770.jpg,74.32,1970-01-01 00:00:00,,,Men,Apparel,Topwear,Tshirts,Blue,Fall,Casual
41000,Gini and Jony Girls Woven Blue Shorts,images\41000.jpg,95.51,1970-01-01 00:00:00,,,Girls,Apparel,Bottomwear,Shorts,Blue,Summer,Casual
42685,Alma Women White Printed Kurta,images\42685.jpg,97.6,1970-01-01 00:00:00,,,Women,Apparel,Topwear,Kurtas,White,Summer,Ethnic
55632,Catwalk Women Black Flats,images\55632.jpg,70.8,1970-01-01 00:00:00,,,Women,Footwear,Shoes,Heels,Black,Winter,Casual
13027,Inc 5 Women Casual Gold Flats,images\13027.jpg,151.02,1970-01-01 00:00:00,,,Women,Footwear,Shoes,Heels,Gold,Winter,Casual
27212,Doodle Kids Boy Striped Blue Shirt,images\27212.jpg,198.22,1970-01-01 00:00:00,,,Men,Apparel,Topwear,Shirts,Blue,Summer,Casual
43757,Royal Diadem Set of 2 White Bangles,images\43757.jpg,106.15,1970-01-01 00:00:00,,,Women,Accessories,Jewellery,Bangle,White,Fall,Casual
22760,BIBA Women Solid Navy Blue Kurta,images\22760.jpg,160.35,1970-01-01 00:00:00,,,Women,Apparel,Topwear,Kurtas,Blue,Fall,Ethnic
16555,Basics Men Navy Printed Polo T-shirt,images\16555.jpg,193.72,1970-01-01 00:00:00,,,Men,Apparel,Topwear,Tshirts,Navy Blue,Fall,Casual
8976,Puma Men SL Tech Lo SF White Sports Shoes,images\8976.jpg,68.16,1970-01-01 00:00:00,,,Men,Footwear,Shoes,Sports Shoes,White,Fall,Sports
7102,Wildcraft Unisex Orange & Grey Backpack,images\7102.jpg,37.82,1970-01-01 00:00:00,,,Unisex,Accessories,Bags,Backpacks,Orange,Winter,Casual
34605,Hanes Men Black Boxer Brief,images\34605.jpg,94.12,1970-01-01 00:00:00,,,Men,Apparel,Innerwear,Briefs,Black,Summer,Casual
50340,Aurelia Women Brown Printed Kurti,images\50340.jpg,59.04,1970-01-01 00:00:00,,,Women,Apparel,Topwear,Kurtis,Brown,Summer,Ethnic
55400,Revlon Grow Luscious Graphite Eye Liner,images\55400.jpg,179.77,1970-01-01 00:00:00,,,Women,Personal Care,Makeup,Kajal and Eyeliner,Charcoal,Spring,Casual
3790,Converse Men's AS Canvas HI Black Shoe,images\3790.jpg,189.86,1970-01-01 00:00:00,,,Men,Footwear,Shoes,Casual Shoes,Black,Summer,Casual
8378,Doodle Girl's Princess Lime Kidswear,images\8378.jpg,36.35,1970-01-01 00:00:00,,,Girls,Apparel,Topwear,Tshirts,Green,Fall,Casual
30097,Ed Hardy Men Black Dial Watch,images\30097.jpg,152.05,1970-01-01 00:00:00,,,Men,Accessories,Watches,Watches,Black,Winter,Casual
2642,Carlton London Men Semi Formal Black Shoe,images\2642.jpg,147.15,1970-01-01 00:00:00,,,Men,Footwear,Shoes,Formal Shoes,Black,Fall,Formal
43565,Puma Unisex Black Echo Backpack,images\43565.jpg,43.48,1970-01-01 00:00:00,,,Unisex,Accessories,Bags,Backpacks,Black,Summer,Casual
28854,Proline Men Mauve T-shirt,images\28854.jpg,157.71,1970-01-01 00:00:00,,,Men,Apparel,Topwear,Tshirts,Lavender,Summer,Casual
13215,ASICS Men Gel Enduro 7 Running Silver Sports Shoes,images\13215.jpg,105.31,1970-01-01 00:00:00,,,Men,Footwear,Shoes,Sports Shoes,Grey,Spring,Sports
27020,Jealous 21 Women Navy Blue Jeans,images\27020.jpg,115.57,1970-01-01 00:00:00,,,Women,Apparel,Bottomwear,Jeans,Navy Blue,Summer,Casual
46017,Fabindia Women Orange Printed Kurta,images\46017.jpg,121.97,1970-01-01 00:00:00,,,Women,Apparel,Topwear,Kurtas,Orange,Summer,Ethnic
7330,Red Tape Men Strappy Black Floater,images\7330.jpg,137.51,1970-01-01 00:00:00,,,Men,Footwear,Sandal,Sandals,Black,Summer,Casual
49863,Q&Q Kids Girls Pink Digital Watch,images\49863.jpg,193.45,1970-01-01 00:00:00,,,Girls,Accessories,Watches,Watches,Pink,Winter,Casual
16767,Spice Art Women Spacious Brown Handbag,images\16767.jpg,28.77,1970-01-01 00:00:00,,,Women,Accessories,Bags,Handbags,Brown,Winter,Casual
31979,Nike Men Lunarswift +3 Grey Sports Shoes,images\31979.jpg,111.29,1970-01-01 00:00:00,,,Men,Footwear,Shoes,Sports Shoes,Grey,Summer,Sports
50172,Rocia Women Multi- Coloured Shoes,images\50172.jpg,139.62,1970-01-01 00:00:00,,,Women,Footwear,Shoes,Flats,Green,Winter,Casual
28068,Jockey ELANCE Men Navy Blue Elance Brief 1015,images\28068.jpg,123.48,1970-01-01 00:00:00,,,Men,Apparel,Innerwear,Trunk,Navy Blue,Summer,Casual
23480,Arrow Men Grey Check Scarf,images\23480.jpg,31.47,1970-01-01 00:00:00,,,Men,Accessories,Scarves,Scarves,Grey,Summer,Casual
44740,Globalite Men White Terra Shoes,images\44740.jpg,64.5,1970-01-01 00:00:00,,,Men,Footwear,Shoes,Casual Shoes,White,Summer,Casual
5467,Nike Men's Elite Black Shoe,images\5467.jpg,105.4,1970-01-01 00:00:00,,,Men,Footwear,Shoes,Sports Shoes,Black,Summer,Sports
20205,Wrangler Men Flock Print Grey Sweatshirt,images\20205.jpg,160.15,1970-01-01 00:00:00,,,Men,Apparel,Topwear,Sweatshirts,Grey,Fall,Casual
14030,Nike Women Printed White Tshirts,images\14030.jpg,21.68,1970-01-01 00:00:00,,,Women,Apparel,Topwear,Tshirts,White,Fall,Casual
36360,Reid & Taylor Men Gold Tie,images\36360.jpg,150.43,1970-01-01 00:00:00,,,Men,Accessories,Ties,Ties,Gold,Summer,Formal
45692,TOUS Women Leau Eau De Parfum 90 ml,images\45692.jpg,74.14,1970-01-01 00:00:00,,,Women,Personal Care,Fragrance,Perfume and Body Mist,Pink,Spring,Casual
57357,Amante Black Printed Push-Up Bra BGSS01,images\57357.jpg,176.85,1970-01-01 00:00:00,,,Women,Apparel,Innerwear,Bra,Black,Winter,Casual
10490,Flying Machine Men HS Blue Shirts,images\10490.jpg,190.29,1970-01-01 00:00:00,,,Men,Apparel,Topwear,Shirts,Navy Blue,Fall,Casual
33612,Lino Perros Women Green Wallet,images\33612.jpg,27.48,1970-01-01 00:00:00,,,Women,Accessories,Wallets,Wallets,Green,Summer,Casual
39328,Gini and Jony Girls Green Shorts,images\39328.jpg,124.74,1970-01-01 00:00:00,,,Girls,Apparel,Bottomwear,Shorts,Green,Summer,Casual
41232,Puma Men White Aquil Sports Shoes,images\41232.jpg,197.78,1970-01-01 00:00:00,,,Men,Footwear,Shoes,Sports Shoes,White,Summer,Sports
11542,W Women Printed  Beige Kurtas,images\11542.jpg,53.11,1970-01-01 00:00:00,,,Women,Apparel,Topwear,Kurtas,Beige,Summer,Ethnic
56285,Biara Women Black Bra,images\56285.jpg,194.78,1970-01-01 00:00:00,,,Women,Apparel,Innerwear,Bra,Black,Winter,Casual
25777,Arrow Men Brown Suspenders,images\25777.jpg,149.09,1970-01-01 00:00:00,,,Men,Apparel,Topwear,Suspenders,Brown,Summer,Formal
2226,ADIDAS Women Black Tracksuit,images\2226.jpg,60.83,1970-01-01 00:00:00,,,Women,Apparel,Bottomwear,Track Pants,Black,Fall,Sports
43101,Reebok Men Reeplay Perfume & Deodorant Set,images\43101.jpg,180.91,1970-01-01 00:00:00,,,Men,Personal Care,Fragrance,Fragrance Gift Set,Red,Spring,Casual
18299,Aneri Women Zeenat Black Kurta,images\18299.jpg,195.21,1970-01-01 00:00:00,,,Women,Apparel,Topwear,Kurtas,Black,Fall,Ethnic
13671,Levis Kids Blue Solid Jean,images\13671.jpg,161.28,1970-01-01 00:00:00,,,Unisex,Apparel,Bottomwear,Jeans,Blue,Fall,Casual
27444,Jockey Women Black T-shirt,images\27444.jpg,126.81,1970-01-01 00:00:00,,,Women,Apparel,Topwear,Tshirts,Black,Fall,Casual
26596,Puma Men Jago Ripstop Black Sports Shoes,images\26596.jpg,135.36,1970-01-01 00:00:00,,,Men,Footwear,Shoes,Sports Shoes,Black,Summer,Sports
55064,Lakme Enrich Satins Lipstick 265,images\55064.jpg,43.81,1970-01-01 00:00:00,,,Women,Personal Care,Lips,Lipstick,Brown,Spring,
50516,Chromozome Men Navy Blue Trunks,images\50516.jpg,129.07,1970-01-01 00:00:00,,,Men,Apparel,Innerwear,Trunk,Navy Blue,Winter,Casual
6686,UCB Men's Big Ben Logo Red T-shirt,images\6686.jpg,29.59,1970-01-01 00:00:00,,,Men,Apparel,Topwear,Tshirts,Red,Summer,Casual
34053,Gini and Jony Boys Yellow 3/4 Length Pants,images\34053.jpg,172.87,1970-01-01 00:00:00,,,Boys,Apparel,Bottomwear,Capris,Yellow,Summer,Casual
46473,Timex Men Sliver Dial Watch,images\46473.jpg,114.71,1970-01-01 00:00:00,,,Men,Accessories,Watches,Watches,Silver,Winter,Casual
7754,Fila Men's Agony Black Red Shoe,images\7754.jpg,179.13,1970-01-01 00:00:00,,,Men,Footwear,Shoes,Casual Shoes,Black,Fall,Casual
55858,Colorbar Pro Flirt Nail Lacquer 013,images\55858.jpg,65.56,1970-01-01 00:00:00,,,Women,Personal Care,Nails,Nail Polish,Brown,Spring,Casual
35181,Wildcraft Unisex Blue Backpack,images\35181.jpg,14.13,1970-01-01 00:00:00,,,Unisex,Accessories,Bags,Backpacks,Blue,Summer,Casual
22136,Provouge Men Black Formal Shoes,images\22136.jpg,103.97,1970-01-01 00:00:00,,,Men,Footwear,Shoes,Formal Shoes,Black,Fall,Formal
16303,Peter England Men Check Navy Blue Shirt,images\16303.jpg,154.13,1970-01-01 00:00:00,,,Men,Apparel,Topwear,Shirts,Navy Blue,Fall,Casual
15586,Proline Men Green Printed Sweatshirt,images\15586.jpg,79.25,1970-01-01 00:00:00,,,Men,Apparel,Topwear,Sweatshirts,Green,Fall,Casual
36704,Burberry London Men Special Edition Perfume,images\36704.jpg,171.96,1970-01-01 00:00:00,,,Men,Personal Care,Fragrance,Perfume and Body Mist,Grey,Spring,Casual
5003,Gini and Jony Girl's Arella Blue Kidswear,images\5003.jpg,67.53,1970-01-01 00:00:00,,,Women,Apparel,Bottomwear,Shorts,Blue,Summer,Casual
14454,Enroute Women Casual Taupe Casual Heels,images\14454.jpg,13.0,1970-01-01 00:00:00,,,Women,Footwear,Shoes,Heels,Taupe,Summer,Casual
53393,Alma Women Printed Beige Kurta,images\53393.jpg,122.62,1970-01-01 00:00:00,,,Women,Apparel,Topwear,Kurtas,Beige,Fall,Ethnic
11126,Urban Yoga Women Solid Blue Track Pants,images\11126.jpg,199.19,1970-01-01 00:00:00,,,Women,Apparel,Bottomwear,Track Pants,Blue,Fall,Sports
25313,Casio Youth Series Men Digital Watch AE-1100W-1AVDF(D085),images\25313.jpg,69.14,1970-01-01 00:00:00,,,Men,Accessories,Watches,Watches,Black,Winter,Casual
57733,Lotus Herbals Cocoa Lip Balm,images\57733.jpg,25.63,1970-01-01 00:00:00,,,Women,Personal Care,Lips,Lip Care,Brown,Spring,
40784,Quiksilver Men Blue Flip Flops,images\40784.jpg,21.76,1970-01-01 00:00:00,,,Men,Footwear,Flip Flops,Flip Flops,Blue,Summer,Casual
36536,United Colors of Benetton Women Blue Sling Bag,images\36536.jpg,100.93,1970-01-01 00:00:00,,,Women,Accessories,Bags,Handbags,Blue,Summer,Casual
52073,Myntra Men Grey & Red T-shirt,images\52073.jpg,14.65,1970-01-01 00:00:00,,,Men,Apparel,Topwear,Tshirts,Grey,Summer,Casual
58549,Miami Blues Women Sunglasses,images\58549.jpg,22.68,1970-01-01 00:00:00,,,Women,Accessories,Eyewear,Sunglasses,Black,Winter,Casual
14666,Basics Men Red Slim Fit Checked Shirt,images\14666.jpg,176.97,1970-01-01 00:00:00,,,Men,Apparel,Topwear,Shirts,Red,Fall,Casual
33878,Citizen Men Silver Dial Watch,images\33878.jpg,70.96,1970-01-01 00:00:00,,,Men,Accessories,Watches,Watches,Silver,Winter,Casual
44116,Boss Men Made For Summer Perfume,images\44116.jpg,170.73,1970-01-01 00:00:00,,,Men,Personal Care,Fragrance,Perfume and Body Mist,Orange,Spring,Casual
5231,Classic Polo Men's Cari Navy Polo T-shirt,images\5231.jpg,30.45,1970-01-01 00:00:00,,,Men,Apparel,Topwear,Tshirts,Navy Blue,Summer,Casual
25121,Lino Perros Women Gem Ring Black Clutch,images\25121.jpg,186.38,1970-01-01 00:00:00,,,Women,Accessories,Bags,Clutches,Black,Winter,Casual
32196,Fabindia Men Printed Blue Kurta,images\32196.jpg,172.05,1970-01-01 00:00:00,,,Men,Apparel,Topwear,Kurtas,Blue,Summer,Ethnic
33044,Mother Earth Women Printed Blue Kurta,images\33044.jpg,24.99,1970-01-01 00:00:00,,,Women,Apparel,Topwear,Kurtas,Blue,Summer,Ethnic
57501,Lee Cooper Men Light cocoa Sandals,images\57501.jpg,50.34,1970-01-01 00:00:00,,,Men,Footwear,Sandal,Sandals,Beige,Summer,Casual
54384,Baggit Women Olive Green Handbag,images\54384.jpg,189.8,1970-01-01 00:00:00,,,Women,Accessories,Bags,Handbags,Olive,Fall,Casual
13443,United Colors of Benetton Women Solid White Tops,images\13443.jpg,20.77,1970-01-01 00:00:00,,,Women,Apparel,Topwear,Tops,White,Summer,Casual
2014,ADIDAS Men's Classic Yellow Polo T-shirt,images\2014.jpg,101.6,1970-01-01 00:00:00,,,Men,Apparel,Topwear,Tshirts,Yellow,Fall,Sports
43333,Murcia Women Brown Handbag,images\43333.jpg,72.06,1970-01-01 00:00:00,,,Women,Accessories,Bags,Handbags,Brown,Summer,Casual
49609,Catwalk Women Brown Heels,images\49609.jpg,99.22,1970-01-01 00:00:00,,,Women,Footwear,Shoes,Heels,Brown,Winter,Casual
31713,Fabindia Women Anusuya Silver Earrings,images\31713.jpg,79.72,1970-01-01 00:00:00,,,Women,Accessories,Jewellery,Earrings,Silver,Winter,Ethnic
12591,Tantra Unisex Printed Blue Tshirts,images\12591.jpg,41.27,1970-01-01 00:00:00,,,Unisex,Apparel,Topwear,Tshirts,Blue,Fall,Casual
55256,Lakme Absolute Forever Silk Blacklast Eye Liner,images\55256.jpg,147.37,1970-01-01 00:00:00,,,Women,Personal Care,Makeup,Kajal and Eyeliner,Black,Summer,Casual
18897,Arrow Woman Solid Green Dress,images\18897.jpg,60.52,1970-01-01 00:00:00,,,Women,Apparel,Dress,Dresses,Green,Fall,Casual
34261,Gini and Jony Boys Printed Red T-shirt,images\34261.jpg,75.56,1970-01-01 00:00:00,,,Boys,Apparel,Topwear,Tshirts,Red,Summer,Casual
50724,Doodle Girls Blue Washed Dress,images\50724.jpg,84.17,1970-01-01 00:00:00,,,Girls,Apparel,Dress,Dresses,Blue,Summer,Casual
2828,Lee Cooper Men's LC Casual Denim Blue Shoe,images\2828.jpg,183.72,1970-01-01 00:00:00,,,Men,Footwear,Shoes,Casual Shoes,Blue,Summer,Casual
22304,Inc. 5 Women Casual Beige Heels,images\22304.jpg,68.0,1970-01-01 00:00:00,,,Women,Footwear,Shoes,Heels,Beige,Winter,Casual
16131,Tokyo Talkies Women Printed Red T-shirt,images\16131.jpg,173.29,1970-01-01 00:00:00,,,Women,Apparel,Topwear,Tshirts,Red,Fall,Casual
46641,Rasasi Women Hope Deo,images\46641.jpg,126.2,1970-01-01 00:00:00,,,Women,Personal Care,Fragrance,Deodorant,Grey,Spring,Casual
7566,Nike Men's As Kobe Comic Black T-shirt,images\7566.jpg,154.78,1970-01-01 00:00:00,,,Men,Apparel,Topwear,Tshirts,Black,Summer,Sports
19945,Nike Women Casual Purple Handbag,images\19945.jpg,70.45,1970-01-01 00:00:00,,,Women,Accessories,Bags,Handbags,Purple,Fall,Casual
13685,ADIDAS Men Dash Casual Shoes,images\13685.jpg,172.43,1970-01-01 00:00:00,,,Men,Footwear,Shoes,Casual Shoes,Black,Fall,Casual
54142,Rocia Women Beige Sandals,images\54142.jpg,69.48,1970-01-01 00:00:00,,,Women,Footwear,Shoes,Heels,Beige,Winter,Casual
26562,Lee Cooper Men Brown Shoes,images\26562.jpg,121.98,1970-01-01 00:00:00,,,Men,Footwear,Shoes,Casual Shoes,Brown,Fall,Casual
55090,Pond's Flawless White Visible Lightening Daily Cream,images\55090.jpg,93.69,1970-01-01 00:00:00,,,Women,Personal Care,Skin,Face Moisturisers,Silver,Spring,Casual
12757,Spykar Men Printed Blue T-Shirts,images\12757.jpg,146.76,1970-01-01 00:00:00,,,Men,Apparel,Topwear,Tshirts,Blue,Fall,Casual
42027,ADIDAS Women Sukoi Black Sports Shoes,images\42027.jpg,14.04,1970-01-01 00:00:00,,,Women,Footwear,Shoes,Sports Shoes,Black,Fall,Sports
3300,Asics Men's Gel Cushioning Black Yellow Shoe,images\3300.jpg,192.85,1970-01-01 00:00:00,,,Men,Footwear,Shoes,Sports Shoes,Black,Spring,Sports
17225,United Colors of Benetton Men Funky Eyewear Blue Sunglasses,images\17225.jpg,131.69,1970-01-01 00:00:00,,,Men,Accessories,Eyewear,Sunglasses,Blue,Winter,Casual
6672,Nike Women Dunk Skinny White Red Shoe,images\6672.jpg,14.95,1970-01-01 00:00:00,,,Women,Footwear,Shoes,Casual Shoes,White,Summer,Casual
47555,Portia Women White Heels,images\47555.jpg,126.72,1970-01-01 00:00:00,,,Women,Footwear,Shoes,Heels,White,Winter,Casual
46487,Timex Men Sliver Dial Chronograph Watch,images\46487.jpg,21.15,1970-01-01 00:00:00,,,Men,Accessories,Watches,Watches,Silver,Winter,Casual
51430,Myntra Men Navy Blue & Orange Check Shirt,images\51430.jpg,114.47,1970-01-01 00:00:00,,,Men,Apparel,Topwear,Shirts,White,Summer,Casual
15572,Chhota Bheem Kids Boys Warrior Bheem TShirt,images\15572.jpg,80.54,1970-01-01 00:00:00,,,Boys,Apparel,Topwear,Tshirts,Orange,Fall,Casual
21747,Vans Unisex  Era Black Casual Shoes,images\21747.jpg,153.42,1970-01-01 00:00:00,,,Unisex,Footwear,Shoes,Casual Shoes,Black,Fall,Casual
4125,Lotto Men Kochi Tuskers Authentic Orange Jersey,images\4125.jpg,113.72,1970-01-01 00:00:00,,,Men,Apparel,Topwear,Tshirts,Orange,Summer,Sports
45202,Casio Enticer Men Black Marine Sports Watch MTD-1069D-1AVDF(A657),images\45202.jpg,174.88,1970-01-01 00:00:00,,,Men,Accessories,Watches,Watches,Black,Winter,Casual
37622,Madagascar3 Boys Red Printed T-Shirt,images\37622.jpg,124.41,1970-01-01 00:00:00,,,Boys,Apparel,Topwear,Tshirts,Red,Summer,Casual
20695,Buckaroo Men Bello Blue Casual Shoes,images\20695.jpg,162.99,1970-01-01 00:00:00,,,Men,Footwear,Shoes,Casual Shoes,Blue,Winter,Casual
53367,Puma Unisex Pink Backpack,images\53367.jpg,17.76,1970-01-01 00:00:00,,,Unisex,Accessories,Bags,Backpacks,Pink,Summer,Casual
32350,Q&Q Men Black Dial Watch,images\32350.jpg,180.14,1970-01-01 00:00:00,,,Men,Accessories,Watches,Watches,Black,Winter,Casual
56615,Streetwear Stay On Mineral Rose Swirl Blusher,images\56615.jpg,71.59,1970-01-01 00:00:00,,,Women,Personal Care,Makeup,Highlighter and Blush,Rose,Spring,Casual
4919,Gini and Jony Girl's Veeya Pink Kidswear,images\4919.jpg,113.78,1970-01-01 00:00:00,,,Women,Apparel,Topwear,Tops,Pink,Summer,Casual
10000,Palm Tree Girls Sp Jace Sko White Skirts,images\10000.jpg,64.28,1970-01-01 00:00:00,,,Women,Apparel,Bottomwear,Skirts,White,Summer,Casual
4317,Tantra Kid's Unisex Kya Boss Red Kidswear,images\4317.jpg,170.22,1970-01-01 00:00:00,,,Unisex,Apparel,Topwear,Tshirts,Red,Summer,Casual
45030,Maxima Men Black Watch,images\45030.jpg,160.21,1970-01-01 00:00:00,,,Men,Accessories,Watches,Watches,Black,Winter,Casual
15740,Nike Women Air Relentless Grey Sports Shoes,images\15740.jpg,164.12,1970-01-01 00:00:00,,,Women,Footwear,Shoes,Sports Shoes,Grey,Fall,Sports
52087,Myntra Women Yellow T-shirt,images\52087.jpg,86.14,1970-01-01 00:00:00,,,Women,Apparel,Topwear,Tshirts,Yellow,Summer,Casual
21575,Lino Perros Men Pack of Five Striped Socks,images\21575.jpg,107.16,1970-01-01 00:00:00,,,Men,Accessories,Socks,Socks,Multi,Winter,Casual
37410,Murcia Women Envelope Green Handbag,images\37410.jpg,146.08,1970-01-01 00:00:00,,,Women,Accessories,Bags,Handbags,Green,Summer,Casual
56427,Streetwear Groovy Baby Eye Shadow,images\56427.jpg,17.49,1970-01-01 00:00:00,,,Women,Personal Care,Eyes,Eyeshadow,Bronze,Spring,Casual
32162,Playboy Women Playmate Black Ankle Socks,images\32162.jpg,160.22,1970-01-01 00:00:00,,,Women,Accessories,Socks,Socks,Black,Summer,Casual
40542,Titan Women Gold Watch,images\40542.jpg,14.85,1970-01-01 00:00:00,,,Women,Accessories,Watches,Watches,Gold,Winter,Casual
38458,Baggit Women Orange Sling Bag,images\38458.jpg,183.05,1970-01-01 00:00:00,,,Women,Accessories,Bags,Handbags,Orange,Summer,Casual
27682,Murcia Women Black Handbag,images\27682.jpg,183.61,1970-01-01 00:00:00,,,Women,Accessories,Bags,Handbags,Black,Winter,Casual
9408,Fastrack Women Sunglasses,images\9408.jpg,77.81,1970-01-01 00:00:00,,,Women,Accessories,Eyewear,Sunglasses,Blue,Winter,Casual
30635,Nike Men Basic Crew Blue T-shirt,images\30635.jpg,175.32,1970-01-01 00:00:00,,,Men,Apparel,Topwear,Tshirts,Blue,Summer,Casual
42215,Sepia Women Teal Top,images\42215.jpg,19.03,1970-01-01 00:00:00,,,Women,Apparel,Topwear,Tops,Green,Summer,Casual
3132,DUSG Men's Tadoba Organic Cotton Cappuccino T-shirt,images\3132.jpg,90.36,1970-01-01 00:00:00,,,Men,Apparel,Topwear,Tshirts,Multi,Fall,Casual
34295,Fabindia Orange Silk Dupatta,images\34295.jpg,164.78,1970-01-01 00:00:00,,,Women,Apparel,Topwear,Dupatta,Orange,Summer,Ethnic
18863,Puma Men Heritage Red Sweatshirt,images\18863.jpg,191.44,1970-01-01 00:00:00,,,Men,Apparel,Topwear,Sweatshirts,Red,Fall,Casual
6440,Lotto Men's Calcetto Black Brown Shoe,images\6440.jpg,179.02,1970-01-01 00:00:00,,,Men,Footwear,Shoes,Casual Shoes,Black,Summer,Casual
17017,Rocia Women Casual Brown Sandal,images\17017.jpg,194.79,1970-01-01 00:00:00,,,Women,Footwear,Shoes,Flats,Black,Winter,Casual
23222,Aneri Women Freya Red Kurta,images\23222.jpg,80.65,1970-01-01 00:00:00,,,Women,Apparel,Topwear,Kurtas,Red,Fall,Ethnic
51602,Wrangler Women Blue Molly Jeans,images\51602.jpg,127.58,1970-01-01 00:00:00,,,Women,Apparel,Bottomwear,Jeans,Blue,Fall,Casual
7592,Nike Men's Dunk Low Blue Shoe,images\7592.jpg,180.04,1970-01-01 00:00:00,,,Men,Footwear,Shoes,Sports Shoes,Blue,Summer,Sports
53531,Amante Women Pink Bikini Briefs PCLR02,images\53531.jpg,191.8,1970-01-01 00:00:00,,,Women,Apparel,Innerwear,Briefs,Pink,Summer,Casual
44586,Lee Men Tino Blue Jeans,images\44586.jpg,91.44,1970-01-01 00:00:00,,,Men,Apparel,Bottomwear,Jeans,Blue,Summer,Casual
37074,Lino Perros Women Black Handbag,images\37074.jpg,85.34,1970-01-01 00:00:00,,,Women,Accessories,Bags,Handbags,Black,Summer,Casual
4773,ADIDAS Women 3S Blue Capri,images\4773.jpg,44.26,1970-01-01 00:00:00,,,Women,Apparel,Bottomwear,Capris,Blue,Summer,Sports
15324,Nike Men Printed White Sweatshirts,images\15324.jpg,30.76,1970-01-01 00:00:00,,,Men,Apparel,Topwear,Sweatshirts,White,Fall,Sports
21111,s.Oliver Women Check Purple Top,images\21111.jpg,27.7,1970-01-01 00:00:00,,,Women,Apparel,Topwear,Tops,Purple,Fall,Casual
40126,Gini and Jony Boys Boxer White Shorts,images\40126.jpg,184.44,1970-01-01 00:00:00,,,Boys,Apparel,Bottomwear,Shorts,White,Summer,Casual
24463,Numero Uno Men Brown Casual Shoes,images\24463.jpg,34.53,1970-01-01 00:00:00,,,Men,Footwear,Shoes,Casual Shoes,Brown,Fall,Casual
10656,Doodle Girl Little frock Pink Tops,images\10656.jpg,151.02,1970-01-01 00:00:00,,,Women,Apparel,Topwear,Tops,Pink,Fall,Casual
37848,Hidekraft Men Black Wallet,images\37848.jpg,145.8,1970-01-01 00:00:00,,,Men,Accessories,Wallets,Wallets,Black,Summer,Casual
57191,Elle Women White Top,images\57191.jpg,73.02,1970-01-01 00:00:00,,,Women,Apparel,Topwear,Tops,White,Summer,Casual
56043,Colorbar Keep Blushing Full Finish Longwear Lipstick 08,images\56043.jpg,167.44,1970-01-01 00:00:00,,,Women,Personal Care,Lips,Lipstick,Purple,Spring,Casual
11784,Lee Women Solid Black Tshirts,images\11784.jpg,40.14,1970-01-01 00:00:00,,,Women,Apparel,Topwear,Tshirts,Black,Summer,Casual
32506,Franco Leone Men Brown Sandals,images\32506.jpg,123.79,1970-01-01 00:00:00,,,Men,Footwear,Sandal,Sandals,Brown,Summer,Casual
49299,Arrow Women Pack Of 5 Socks,images\49299.jpg,98.81,1970-01-01 00:00:00,,,Women,Accessories,Socks,Socks,Beige,Summer,Casual
42671,Alma Women Green Kurta,images\42671.jpg,93.71,1970-01-01 00:00:00,,,Women,Apparel,Topwear,Kurtas,Green,Summer,Ethnic
3556,Skechers Men Dark Brown Lifestyle Shoe,images\3556.jpg,115.6,1970-01-01 00:00:00,,,Men,Footwear,Shoes,Casual Shoes,Brown,Winter,Casual
26334,DKNY Women Black Dial Watch NY4951,images\26334.jpg,50.6,1970-01-01 00:00:00,,,Women,Accessories,Watches,Watches,Black,Winter,Casual
12101,W Women Printed Pink Kurtas,images\12101.jpg,111.75,1970-01-01 00:00:00,,,Women,Apparel,Topwear,Kurtas,Pink,Fall,Ethnic
54714,Shree Women Charcoal Grey & Sea Green Printed Salwar Suit with Dupatta,images\54714.jpg,148.53,1970-01-01 00:00:00,,,Women,Apparel,Apparel Set,Kurta Sets,Charcoal,Summer,Ethnic
6818,Timberland Men's Grn Thng Red Flip Flop,images\6818.jpg,113.47,1970-01-01 00:00:00,,,Men,Footwear,Flip Flops,Flip Flops,Red,Summer,Casual
2484,Puma Women Spagetti White Top,images\2484.jpg,128.76,1970-01-01 00:00:00,,,Women,Apparel,Topwear,Tshirts,White,Fall,Sports
30251,Numero Uno Men Green Flip Flops,images\30251.jpg,128.4,1970-01-01 00:00:00,,,Men,Footwear,Flip Flops,Flip Flops,Green,Summer,Casual
22794,Manchester United Men Navy Blue Tshirt,images\22794.jpg,199.9,1970-01-01 00:00:00,,,Men,Apparel,Topwear,Tshirts,Navy Blue,Fall,Casual
8982,Puma Men Evo Ducati Lo White Casual Shoes,images\8982.jpg,102.81,1970-01-01 00:00:00,,,Men,Footwear,Shoes,Casual Shoes,White,Fall,Casual
51266,Parx Men Black Belt,images\51266.jpg,138.61,1970-01-01 00:00:00,,,Men,Accessories,Belts,Belts,Black,Summer,Casual
6024,UCB Women's Boat Neck Chest Print Green T-shirt,images\6024.jpg,38.5,1970-01-01 00:00:00,,,Women,Apparel,Topwear,Tshirts,Green,Summer,Casual
47303,Baggit Women Black Purse,images\47303.jpg,147.33,1970-01-01 00:00:00,,,Women,Accessories,Bags,Clutches,Black,Fall,Casual
26106,John Miller Men Striped Purple Shirt,images\26106.jpg,199.26,1970-01-01 00:00:00,,,Men,Apparel,Topwear,Shirts,Purple,Summer,Formal
12333,Spykar Women Ep Jeans Blue Jeans,images\12333.jpg,66.56,1970-01-01 00:00:00,,,Women,Apparel,Bottomwear,Jeans,Blue,Fall,Casual
3764,Status Quo Men's London Icon Navy T-shirt,images\3764.jpg,74.72,1970-01-01 00:00:00,,,Men,Apparel,Topwear,Tshirts,Navy Blue,Summer,Casual
30063,Ed Hardy Men Grey Watch,images\30063.jpg,40.75,1970-01-01 00:00:00,,,Men,Accessories,Watches,Watches,Grey,Winter,Casual
48179,Fossil Women Green Handbag,images\48179.jpg,107.13,1970-01-01 00:00:00,,,Women,Accessories,Bags,Handbags,Green,Winter,Casual
54526,F Sports Men White Zero Gravity Sports Shoes,images\54526.jpg,39.44,1970-01-01 00:00:00,,,Men,Footwear,Shoes,Sports Shoes,White,Fall,Sports
18609,Puma Men Polo Red Tshirt,images\18609.jpg,56.41,1970-01-01 00:00:00,,,Men,Apparel,Topwear,Tshirts,Red,Fall,Casual
35511,Bata Men Lite Black Flip Flops,images\35511.jpg,44.72,1970-01-01 00:00:00,,,Men,Footwear,Flip Flops,Flip Flops,Black,Summer,Casual
49897,Q&Q Kids Girls White Dial Watch,images\49897.jpg,77.82,1970-01-01 00:00:00,,,Unisex,Accessories,Watches,Watches,White,Winter,Casual
16793,Highlander Men Check Blue Shirt,images\16793.jpg,47.43,1970-01-01 00:00:00,,,Men,Apparel,Topwear,Shirts,Blue,Fall,Casual
51054,Enamor Lavender Bra,images\51054.jpg,176.5,1970-01-01 00:00:00,,,Women,Apparel,Innerwear,Bra,Lavender,Summer,Casual
50186,Paridhan Women Orange Printed Handbag,images\50186.jpg,80.9,1970-01-01 00:00:00,,,Women,Accessories,Bags,Handbags,Orange,Summer,Casual
17641,Puma Unisex Cat White Headband,images\17641.jpg,147.72,1970-01-01 00:00:00,,,Unisex,Accessories,Headwear,Headband,White,Fall,Sports
23474,Lino Perros Men Grey Check Scarf,images\23474.jpg,119.03,1970-01-01 00:00:00,,,Men,Accessories,Scarves,Scarves,Grey,Winter,Casual
48945,Revv Men Steel Ring,images\48945.jpg,56.18,1970-01-01 00:00:00,,,Men,Accessories,Jewellery,Ring,Steel,Summer,Casual
6216,Lee Men's Printed Black T-shirt,images\6216.jpg,132.75,1970-01-01 00:00:00,,,Men,Apparel,Topwear,Tshirts,Black,Summer,Casual
47131,Be For Bag Women Pink Bag,images\47131.jpg,143.1,1970-01-01 00:00:00,,,Women,Accessories,Bags,Handbags,White,Summer,Casual
37246,United Colors of Benetton Men Charcoal Shoes,images\37246.jpg,62.8,1970-01-01 00:00:00,,,Men,Footwear,Shoes,Casual Shoes,Charcoal,Summer,Casual
5493,Mr.Men Men's Cool Soft Grey T-shirt,images\5493.jpg,172.64,1970-01-01 00:00:00,,,Men,Apparel,Topwear,Tshirts,Grey,Summer,Casual
15116,Arrow Men TR Finish Grey Trousers,images\15116.jpg,143.03,1970-01-01 00:00:00,,,Men,Apparel,Bottomwear,Trousers,Grey,Fall,Formal
59239,Titan Men White Watch,images\59239.jpg,188.32,1970-01-01 00:00:00,,,Men,Accessories,Watches,Watches,White,Winter,Casual
21323,Louis Philippe Men Sunglasses LP045-C5,images\21323.jpg,163.8,1970-01-01 00:00:00,,,Men,Accessories,Eyewear,Sunglasses,Black,Winter,Casual
36394,Reid & Taylor Men Reid & Taylor Blue Socks,images\36394.jpg,188.87,1970-01-01 00:00:00,,,Men,Accessories,Socks,Socks,Blue,Summer,Casual
4541,Classic Polo Men's White T-shirt with Navy Stripes,images\4541.jpg,14.61,1970-01-01 00:00:00,,,Men,Apparel,Topwear,Tshirts,White,Summer,Casual
24651,Lino Perros Women Casual Handbag,images\24651.jpg,117.57,1970-01-01 00:00:00,,,Women,Accessories,Bags,Handbags,Beige,Winter,Casual
10464,Flying Machine Men Mauvemist Pink Tshirts,images\10464.jpg,170.24,1970-01-01 00:00:00,,,Men,Apparel,Topwear,Tshirts,Pink,Fall,Casual
40314,Warner Bros Kids Unisex White sandals,images\40314.jpg,34.55,1970-01-01 00:00:00,,,Unisex,Footwear,Sandal,Sandals,White,Winter,Casual
56271,Biara Women Nude Bra,images\56271.jpg,102.26,1970-01-01 00:00:00,,,Women,Apparel,Innerwear,Bra,Nude,Summer,Casual
25783,Arrow Men Black & Beige Suspenders,images\25783.jpg,27.16,1970-01-01 00:00:00,,,Men,Apparel,Topwear,Suspenders,Black,Summer,Formal
27649,Superman Men Printed Blue T-shirt,images\27649.jpg,69.93,1970-01-01 00:00:00,,,Men,Apparel,Topwear,Tshirts,Blue,Summer,Casual
16932,Spykar Men Off White Polo Tshirt,images\16932.jpg,13.77,1970-01-01 00:00:00,,,Men,Apparel,Topwear,Tshirts,Off White,Fall,Casual
49636,Mineral Blue & White Skirt,images\49636.jpg,47.38,1970-01-01 00:00:00,,,Women,Apparel,Bottomwear,Skirts,Blue,Summer,Casual
19146,United Colors of Benetton Men Solid Grey Sweatshirt,images\19146.jpg,136.23,1970-01-01 00:00:00,,,Men,Apparel,Topwear,Sweatshirts,Grey,Summer,Casual
55269,Lakme Absolute Shine Line Black Eye Liner,images\55269.jpg,103.48,1970-01-01 00:00:00,,,Women,Personal Care,Makeup,Kajal and Eyeliner,Black,Summer,Casual
2817,Lee Cooper Men's Casual Leather Black Shoe,images\2817.jpg,56.58,1970-01-01 00:00:00,,,Men,Footwear,Shoes,Casual Shoes,Black,Summer,Casual
7559,Nike Men's Black Polo T-shirt,images\7559.jpg,28.76,1970-01-01 00:00:00,,,Men,Apparel,Topwear,Tshirts,Black,Summer,Sports
25922,Femella Women Navy Blue T-shirt,images\25922.jpg,132.23,1970-01-01 00:00:00,,,Women,Apparel,Topwear,Tshirts,Navy Blue,Summer,Casual
36509,United Colors of Benetton Women Brown Handbag,images\36509.jpg,155.23,1970-01-01 00:00:00,,,Women,Accessories,Bags,Handbags,Brown,Summer,Casual
58576,Puma Women Yellow T-shirt,images\58576.jpg,78.55,1970-01-01 00:00:00,,,Women,Apparel,Topwear,Tshirts,Yellow,Summer,Casual
14659,Probase Men Solid LT.Khaki Trousers,images\14659.jpg,140.28,1970-01-01 00:00:00,,,Men,Apparel,Bottomwear,Trousers,Khaki,Fall,Casual
33847,Puma Men Future Cat White Shoes,images\33847.jpg,40.23,1970-01-01 00:00:00,,,Men,Footwear,Shoes,Casual Shoes,White,Summer,Casual
39541,Bwitch Maroon Bra,images\39541.jpg,175.72,1970-01-01 00:00:00,,,Women,Apparel,Innerwear,Bra,Maroon,Winter,Casual
38493,Gini and Jony Boys Core Blue T-shirt,images\38493.jpg,147.11,1970-01-01 00:00:00,,,Boys,Apparel,Topwear,Tshirts,Blue,Summer,Casual
40589,Aurelia Women Printed White Kurta,images\40589.jpg,154.14,1970-01-01 00:00:00,,,Women,Apparel,Topwear,Kurtas,White,Summer,Ethnic
44915,Puma Men Blue T-shirt,images\44915.jpg,157.05,1970-01-01 00:00:00,,,Men,Apparel,Topwear,Tshirts,Blue,Summer,Casual
59696,Avirate Cream Brief,images\59696.jpg,74.68,1970-01-01 00:00:00,,,Women,Apparel,Innerwear,Briefs,Cream,Summer,Casual
11925,Skechers Women Tone Black Sandals,images\11925.jpg,59.59,1970-01-01 00:00:00,,,Women,Footwear,Shoes,Flats,Black,Winter,Casual
58744,Puma Men Burgundy T-shirt,images\58744.jpg,188.54,1970-01-01 00:00:00,,,Men,Apparel,Topwear,Tshirts,Burgundy,Summer,Casual
41669,Catwalk Women Silver Heels,images\41669.jpg,97.89,1970-01-01 00:00:00,,,Women,Footwear,Shoes,Heels,Silver,Winter,Casual
39773,Peter England Men Navy Blue Casual Shirt,images\39773.jpg,124.47,1970-01-01 00:00:00,,,Men,Apparel,Topwear,Shirts,Navy Blue,Summer,Casual
11119,Indigo Nation Men Solid White Shirts,images\11119.jpg,15.49,1970-01-01 00:00:00,,,Men,Apparel,Topwear,Shirts,White,Fall,Formal
5800,ADIDAS Men's Chat Black T-shirt,images\5800.jpg,131.47,1970-01-01 00:00:00,,,Men,Apparel,Topwear,Tshirts,Black,Summer,Casual
33249,Arrow Men Blue Striped Shirt,images\33249.jpg,89.03,1970-01-01 00:00:00,,,Men,Apparel,Topwear,Shirts,White,Summer,Formal
2219,ADIDAS Men's Black Shoe,images\2219.jpg,113.71,1970-01-01 00:00:00,,,Men,Footwear,Shoes,Casual Shoes,Black,Fall,Casual
34850,ADIDAS Men Falcon Elite White Sports Shoes,images\34850.jpg,42.05,1970-01-01 00:00:00,,,Men,Footwear,Shoes,Sports Shoes,White,Summer,Sports
54189,Jockey MC Men Red Pack of 2 Briefs 8003,images\54189.jpg,180.19,1970-01-01 00:00:00,,,Men,Apparel,Innerwear,Briefs,Red,Summer,Casual
35982,Flying Machine Women Grey T-shirt,images\35982.jpg,21.86,1970-01-01 00:00:00,,,Women,Apparel,Topwear,Tshirts,Grey,Summer,Casual
8723,Indigo Nation Men Striped Yellow Shirt,images\8723.jpg,153.5,1970-01-01 00:00:00,,,Men,Apparel,Topwear,Shirts,White,Fall,Casual
22935,Fastrack Women Red Casual Watch,images\22935.jpg,137.84,1970-01-01 00:00:00,,,Women,Accessories,Watches,Watches,Red,Winter,Casual
28433,DKNY Women Beige Dial Watch NY8308,images\28433.jpg,39.52,1970-01-01 00:00:00,,,Women,Accessories,Watches,Watches,Beige,Winter,Formal
55867,Colorbar Oh My Magenta 2 Nail Lacquer 85V,images\55867.jpg,56.29,1970-01-01 00:00:00,,,Women,Personal Care,Nails,Nail Polish,Pink,Spring,Casual
22109,Reebok Men White Acciomax II Sports Shoes,images\22109.jpg,119.38,1970-01-01 00:00:00,,,Men,Footwear,Shoes,Sports Shoes,White,Fall,Sports
5458,Nike Men Training Knit Navy Blue Track Pant,images\5458.jpg,68.03,1970-01-01 00:00:00,,,Men,Apparel,Bottomwear,Track Pants,Navy Blue,Summer,Sports
58320,Jockey LCESCBRA Men White Pack of 3 Socks 2004,images\58320.jpg,92.98,1970-01-01 00:00:00,,,Men,Accessories,Socks,Socks,White,Summer,Sports
57368,Amante Women Brown Briefs PCLR02,images\57368.jpg,27.41,1970-01-01 00:00:00,,,Women,Apparel,Innerwear,Briefs,Brown,Winter,Casual
14833,United Colors of Benetton Men Solid Brown Belts,images\14833.jpg,113.38,1970-01-01 00:00:00,,,Men,Accessories,Belts,Belts,Brown,Summer,Casual
39317,Gini and Jony Boys Printed White T-shirt,images\39317.jpg,21.04,1970-01-01 00:00:00,,,Boys,Apparel,Topwear,Tshirts,White,Summer,Casual
25748,Lino Perros Men Leather Brown Belt,images\25748.jpg,135.93,1970-01-01 00:00:00,,,Men,Accessories,Belts,Belts,Brown,Winter,Casual
46814,Gini and Jony Girls Pink Skirt,images\46814.jpg,189.61,1970-01-01 00:00:00,,,Girls,Apparel,Bottomwear,Skirts,Pink,Summer,Casual
49060,Flying Machine Men Black Shoes,images\49060.jpg,13.58,1970-01-01 00:00:00,,,Men,Footwear,Shoes,Casual Shoes,Black,Summer,Casual
50971,Enamor White Classique Bra,images\50971.jpg,43.28,1970-01-01 00:00:00,,,Women,Apparel,Innerwear,Bra,White,Summer,Casual
16758,Spice Art Women Double Handle Shimmer Handbags,images\16758.jpg,103.67,1970-01-01 00:00:00,,,Women,Accessories,Bags,Handbags,White,Winter,Casual
31946,Nike Men Avid Grey Shoes,images\31946.jpg,66.27,1970-01-01 00:00:00,,,Men,Footwear,Shoes,Casual Shoes,Grey,Summer,Casual
28057,Jockey ELANCE Men Black Pack of 2 Briefs 1010,images\28057.jpg,177.05,1970-01-01 00:00:00,,,Men,Apparel,Innerwear,Briefs,Black,Summer,Casual
30894,Fabindia Women Printed White & Blue Patiala,images\30894.jpg,112.27,1970-01-01 00:00:00,,,Women,Apparel,Bottomwear,Patiala,White,Summer,Ethnic
34408,Myntra Men Black Printed T-shirt,images\34408.jpg,171.61,1970-01-01 00:00:00,,,Men,Apparel,Topwear,Tshirts,Black,Summer,Casual
8175,Catwalk Women Casual Brown Flats,images\8175.jpg,96.89,1970-01-01 00:00:00,,,Women,Footwear,Shoes,Heels,Brown,Winter,Casual
7901,Proline Men's Printed Chalk Cream Brown T-shirt,images\7901.jpg,98.45,1970-01-01 00:00:00,,,Men,Apparel,Topwear,Tshirts,Cream,Fall,Casual
19522,United Colors of Benetton Men Check Navy Blue Sweater,images\19522.jpg,43.86,1970-01-01 00:00:00,,,Men,Apparel,Topwear,Sweaters,Navy Blue,Fall,Casual
13018,Inc 5 Women Casual Black Flats,images\13018.jpg,188.76,1970-01-01 00:00:00,,,Women,Footwear,Shoes,Heels,Black,Winter,Casual
48380,French Connection Men Charcoal Trousers,images\48380.jpg,63.6,1970-01-01 00:00:00,,,Men,Apparel,Bottomwear,Trousers,Black,Summer,Casual
59898,Blue Shirt,images/59898.jpg,34.0,2026-01-19 15:19:34,12,Blue shirt,Women,Apparel,Topwear,Tops,Black,Fall,Casual
59899,Blue Shirt,images/59899.jpg,34.0,2026-01-19 15:22:00,12,Blue shirt,,,,,,,
59900,Sand T-shirt,59900.jpg,23.0,2026-01-19 15:33:01,123,Sand T-shirt,Women,Accessories,Scarves,Scarves,Orange,Fall,Casual
59901,Green T-shirt,59901.jpg,56.0,2026-01-19 16:22:12,94983,Green T-shirt,Women,Accessories,Scarves,Scarves,Grey,Summer,Casual
59902,Red dress,59902.jpg,45.0,2026-01-20 10:56:03,456356,Red dress,Women,Accessories,Scarves,Scarves,White,Fall,Casual
59903,Orange T-shirt,59903.jpg,56.0,2026-01-21 15:49:20,9248339,Orange T-shirt,Women,Accessories,Scarves,Scarves,Peach,Fall,Casual
59904,Black Pant,59904.jpg,43.0,2026-02-09 12:01:18,guest,"Black Pant , Trouser",Women,Accessories,Scarves,Scarves,Pink,Fall,Casual
