id,name,image_path,price
15970,Turtle Check Men Navy Blue Shirt,images\15970.jpg,112.7
39386,Peter England Men Party Blue Jeans,images\39386.jpg,187.09
59263,Titan Women Silver Watch,images\59263.jpg,150.68
21379,Manchester United Men Solid Black Track Pants,images\21379.jpg,45.74
53759,Puma Men Grey T-shirt,images\53759.jpg,72.19
1855,Inkfruit Mens Chain Reaction T-shirt,images\1855.jpg,164.65
30805,Fabindia Men Striped Green Shirt,images\30805.jpg,116.71
26960,Jealous 21 Women Purple Shirt,images\26960.jpg,46.76
29114,Puma Men Pack of 3 Socks,images\29114.jpg,130.78
30039,Skagen Men Black Watch,images\30039.jpg,183.44
9204,Puma Men Future Cat Remix SF Black Casual Shoes,images\9204.jpg,97.09
48123,Fossil Women Black Huarache Weave Belt,images\48123.jpg,51.95
18653,Fila Men Cush Flex Black Slippers,images\18653.jpg,150.14
47957,Murcia Women Blue Handbag,images\47957.jpg,188.33
46885,Ben 10 Boys Navy Blue Slippers,images\46885.jpg,161.93
12369,Reid & Taylor Men Check Purple Shirts,images\12369.jpg,154.55
29928,Police Men Black Dial Watch PL12889JVSB,images\29928.jpg,11.58
42419,Gini and Jony Girls Knit White Top,images\42419.jpg,64.68
51832,Bwitch Beige Full-Coverage Bra BW335,images\51832.jpg,117.56
47359,Baggit Women Brown Handbag,images\47359.jpg,116.47
17429,CASIO G-Shock Men Black Digital Watch G-7710-1DR G223,images\17429.jpg,131.52
12967,ADIDAS Men Spry M Black Sandals,images\12967.jpg,196.9
6842,Timberland Unisex Rubber Sole Brush Shoe Accessories,images\6842.jpg,185.26
13089,ADIDAS Men Lfc Auth Hood Grey Sweatshirts,images\13089.jpg,120.93
18461,David Beckham Signature Men Deos,images\18461.jpg,123.22
9036,Buckaroo Men Flores Black Formal Shoes,images\9036.jpg,196.29
48311,Pitaraa Women Bronze Beaded Bracelet,images\48311.jpg,61.73
7990,Fila Men's Round Neck Navy Blue T-shirt,images\7990.jpg,33.81
56019,Colorbar Soft Touch Show Stopper Copper Lipstick 037,images\56019.jpg,86.31
21977,Murcia Women Casual Brown Handbag,images\21977.jpg,58.19
37812,John Players Men Navy Blue Shirt,images\37812.jpg,95.04
4729,Disney Kids Boy's Crew Sea Life Sialing Green Teen Kidswear,images\4729.jpg,30.49
56825,John Players Men Brown Shirt,images\56825.jpg,88.42
39988,Gas Men Europa White Shoes,images\39988.jpg,183.87
59051,Carlton London Women Black & Gold Toned Flats,images\59051.jpg,36.52
20099,Diva Women Embroided Green Kurta,images\20099.jpg,129.78
58183,Rocky S Women White Handbag,images\58183.jpg,174.13
29742,Kiara Women Teal Handbag,images\29742.jpg,17.79
51658,Fossil Women Copper Chronograph Watch CH2589,images\51658.jpg,110.89
3954,Jealous 21 Women's Pink T-shirt,images\3954.jpg,16.96
18839,Peter England Men Formal Black Belt,images\18839.jpg,71.04
2886,Catwalk Women Leather Brown Flats,images\2886.jpg,99.15
23278,Maxima Ssteele Men Off White Watch,images\23278.jpg,145.28
28690,W Women Printed Beige Kurta,images\28690.jpg,64.3
8580,Scullers Men  Grey Waistcoat,images\8580.jpg,191.06
3168,Nike Men's Incinerate MSL White Blue Shoe,images\3168.jpg,68.84
18005,Puma Men Long Logo Black Bermuda,images\18005.jpg,181.51
17871,Levis Men Boxer Maroon Brief,images\17871.jpg,153.22
9452,John Miller Men Stripes White Red Shirts,images\9452.jpg,53.68
38402,Baggit Women Hood Dabang Black Belt,images\38402.jpg,67.07
44984,Maxima Women White Dial Watch,images\44984.jpg,101.16
10268,Clarks Men Hang Work Leather Black Formal Shoes,images\10268.jpg,185.75
45856,Vishudh Women Brown Kurta,images\45856.jpg,55.42
32138,Playboy Men Blue Titanium Briefs,images\32138.jpg,142.47
59435,Arrow Men Black Formal Shoes,images\59435.jpg,61.38
5891,Puma Men's Stripe Polo Black T-shirt,images\5891.jpg,41.12
38630,Nike Women Purple Polo T-shirt,images\38630.jpg,67.49
4943,Gini and Jony Boy's Kaleb White Brown Kidswear,images\4943.jpg,113.47
11188,Carrera Men Dial steel finish strap Silver Watches,images\11188.jpg,108.04
10866,Wrangler Men Motor Rider Red T-Shirts,images\10866.jpg,109.72
59607,FNF Pink & Grey Wedding Collection Sari,images\59607.jpg,199.88
15528,Puma Men Scribble Black Tshirts,images\15528.jpg,156.24
45258,CASIO EDIFICE Men Black Dial Chronograph Watch ED60,images\45258.jpg,83.26
42841,French Connection Women Beige Handbag,images\42841.jpg,81.79
22198,Timberland Men Black Casual Shoes,images\22198.jpg,99.38
29570,Vans Men Classic Slip-On Purple & Black Shoes,images\29570.jpg,61.36
43993,Police Women Passion Perfume,images\43993.jpg,174.78
6628,ADIDAS Men's Lowell White Silver Shoe,images\6628.jpg,22.44
54924,Do U Speak Green Men Blue Shorts,images\54924.jpg,38.15
26538,ID Men Red Shoes,images\26538.jpg,35.7
35913,Peperone Women Black & White Handbag,images\35913.jpg,121.34
49495,Vans Men Khaki Shoes,images\49495.jpg,19.64
9660,Indigo Nation Men Reversible Bling Pink Shirts,images\9660.jpg,20.12
2288,Nike Women Black T-shirt,images\2288.jpg,51.61
23876,ADIDAS Men Blue Sweatshirt,images\23876.jpg,177.99
18237,Manchester United Men Solid Red Tshirt,images\18237.jpg,51.33
54118,Rocia Women Black Flats,images\54118.jpg,114.41
2872,Catwalk Women Leather Flats,images\2872.jpg,32.9
49653,Mineral Women Green Top,images\49653.jpg,185.79
8574,Crocs Dora Boots Pink Sandals,images\8574.jpg,45.05
16957,Image Men Sunglasses,images\16957.jpg,17.15
19123,Lotto Men XL Water Man Silver Slippers,images\19123.jpg,188.17
13419,United Colors of Benetton Men Solid Pink Polo T-shirts,images\13419.jpg,20.59
17885,Levis Men Comfort Style Grey Innerwear Vest,images\17885.jpg,155.92
43369,Reebok Men Black Possession Flip Flops,images\43369.jpg,137.6
48781,Lucera Women Silver Pendant,images\48781.jpg,97.46
44970,Maxima Men White Dial Analog Chronograph Watch,images\44970.jpg,197.91
56489,Streetwear Ash Nail Polish # 31,images\56489.jpg,37.59
39524,Peter England Unisex Orange Sleeve Bag,images\39524.jpg,54.79
33822,Puma Men Axis White & Grey Sports Shoes,images\33822.jpg,173.77
58513,Tonga Women Maroon Top,images\58513.jpg,41.3
25947,Femella Women Brown Scarf,images\25947.jpg,95.68
52029,Just Natural Unisex Charcoal Rain Jacket,images\52029.jpg,152.5
5865,ADIDAS Men's Twelve Faster T-shirt,images\5865.jpg,16.14
39716,Arrow Woman Women Blue Dress,images\39716.jpg,112.34
25349,Levis Men Red Brief,images\25349.jpg,60.32
11940,Ganuchi Men Casual Black Sandals,images\11940.jpg,108.46
55802,SDL by Sweet Dreams Women Green Printed Night Suit S11-3124,images\55802.jpg,80.11
29584,Indigo Nation Men Printed Black T-shirt,images\29584.jpg,111.12
43967,DKNY Women Red Delicious Perfume,images\43967.jpg,60.95
28456,Urban Yoga Women Blue Skirt With Leggings,images\28456.jpg,32.9
34009,Gini and Jony Girls Black Top,images\34009.jpg,89.24
19311,Nike Men Air Rift MTR White Casual Shoe,images\19311.jpg,68.9
42089,ADIDAS Men White Corona Sports Shoes,images\42089.jpg,81.43
22950,Fastrack Unisex Black Dial Watch 9915PP13,images\22950.jpg,120.97
49461,Vans Men Blue Era Scilla Plaid Shoes,images\49461.jpg,76.84
8746,Crocs Kids Navy Blue Clogs,images\8746.jpg,74.09
9694,Classic Polo Men Vulcan White Polo Tshirts,images\9694.jpg,188.09
23882,Fila Men Destiny Grey Sports Shoes,images\23882.jpg,136.69
34835,ADIDAS Men Blue Chill Sports Shoes,images\34835.jpg,107.8
15984,Turtle Check Men Yellow Shirt,images\15984.jpg,75.09
41268,Arrow Men Black Wallet,images\41268.jpg,162.41
11518,Catwalk Women Gun Metal Grey Heels,images\11518.jpg,92.65
14856,United Colors of Benetton Women Solid Beige Wallets,images\14856.jpg,46.06
33648,Lotto Men Ridge Brown Sandals,images\33648.jpg,127.24
59297,U.S. Polo Assn. Men White & Navy Blue Shirt,images\59297.jpg,152.51
28032,Jockey ELANCE Men Bikini White Brief 1005,images\28032.jpg,70.54
27846,Scullers For Her Charcoal Blazer,images\27846.jpg,196.39
26994,Jealous 21 Women Black Jeans,images\26994.jpg,188.29
49839,iPanema Women Red Flip Flops,images\49839.jpg,66.69
31923,Fabindia Women Blue Silk Sling Bag,images\31923.jpg,27.28
2618,Carlton London Women Silver Wedge Sandal,images\2618.jpg,96.99
54588,Sushilas Women Printed Green Kurta,images\54588.jpg,189.32
49005,Lucera Women Silver Ring,images\49005.jpg,140.57
8322,Doodle Boy's Route 66 Biker Blue Teen Kidswear,images\8322.jpg,103.84
13841,ADIDAS Unisex Three Small Dials White Watches,images\13841.jpg,53.68
28200,Ray-Ban Men Active Lifestyle Copper Sunglasses,images\28200.jpg,89.95
12993,ADIDAS Kids Adispeed Black Sports Shoes,images\12993.jpg,119.09
7158,Scullers Men  Green Check Shirt,images\7158.jpg,171.52
18495,Puma Men Fashion Cat White Slipper,images\18495.jpg,38.63
8110,Fastrack Men Economy 2 Analg Black Watch,images\8110.jpg,191.04
19547,United Colors of Benetton Men Solid Blue Sweatshirt,images\19547.jpg,179.93
7964,Puma Men's Large Logo Graphic Black T-shirt,images\7964.jpg,123.47
36934,Giorgio Armani Women Idole Perfume,images\36934.jpg,106.97
39140,Aneri Women Black & Maroon Salwar Suit,images\39140.jpg,50.29
20851,Spice Art Women Ribbon Embroidery Red Clutch,images\20851.jpg,142.55
41866,Estd. 1977 Men Beige & Green Sandals,images\41866.jpg,163.26
58177,Rocky S Women Brown Handbag,images\58177.jpg,57.2
44528,Coolers Men Black Sandals,images\44528.jpg,16.45
16392,Levis Men Check Red Shirts,images\16392.jpg,139.81
51455,Tonga Women Pink Printed Shrug,images\51455.jpg,30.13
50587,Chromozome Men Grey Briefs,images\50587.jpg,154.2
17240,U.S. Polo Assn. Men Stripes Black  Polo Tshirt,images\17240.jpg,42.19
47530,Portia Women Copper-Toned & Brown Sandals,images\47530.jpg,43.58
6617,Spykar Men Black and white Check Shirt,images\6617.jpg,91.77
12732,Nike Unisex Swoosh Black Backpack,images\12732.jpg,17.37
3365,Myntra Men's Brain Black T-shirt,images\3365.jpg,131.1
42042,Nike Men Air Relentless 2 MSL White Sports Shoes,images\42042.jpg,72.08
23849,ADIDAS Men Black Anzo Breeze Casual Shoes,images\23849.jpg,45.42
43190,Fastrack Women White Dial Watch,images\43190.jpg,169.56
48578,Revv Men Steel Bracelet,images\48578.jpg,88.76
30462,Lovable Women All Day Long Black Bra,images\30462.jpg,13.3
18208,Manchester United Men Solid White Cap,images\18208.jpg,174.99
54127,Rocia Women Black Heels,images\54127.jpg,168.64
10065,Puma Men ducati logo tee Yellow Tshirts,images\10065.jpg,85.59
24250,Numero Uno Men White Casual Shoes,images\24250.jpg,116.87
32335,Q&Q Men Silver-Toned Dial Analogue Watch Q252J404Y,images\32335.jpg,30.12
25382,Levis Men White Innerwear Vest,images\25382.jpg,74.36
56670,Maxima Men Black Dial Watch,images\56670.jpg,108.33
5092,Wrangler Men's Minstrel Shoulder Loop Purple T-shirt,images\5092.jpg,44.84
10859,Wrangler Men Furious Rides Navy Blue T-Shirts,images\10859.jpg,105.38
59638,FNF Green Wedding Collection Sari,images\59638.jpg,156.63
15517,Rockport Men LLandro Red Casual Shoes,images\15517.jpg,100.03
4140,Skechers Women Green Shoe,images\4140.jpg,101.58
36795,Maxima Men Ssteele Silver Dial Watch,images\36795.jpg,174.56
40527,Titan Men Gold Dial Watch,images\40527.jpg,54.29
10257,John Miller Men Solid Type Black Trousers,images\10257.jpg,99.07
24062,Locomotive Men Navy Blue Printed T-shirt,images\24062.jpg,32.49
45869,Maxima Men Brown Dial Watch,images\45869.jpg,182.64
11385,United Colors Of Benetton Women Light Winter Black Sweatshirts,images\11385.jpg,66.59
53130,Catwalk Women Brown Sandals,images\53130.jpg,196.99
44187,Nike Fragrances Women 5th Element Perfume 150 ml,images\44187.jpg,147.4
21510,Kiara Women Graphiti White Handbag,images\21510.jpg,86.54
51667,Louis Philippe Men Grey Sunglasses,images\51667.jpg,153.82
22395,Mark Taylor Men Striped Blue Shirt,images\22395.jpg,23.11
35322,Fabindia Women Anusuya Silver Earrings,images\35322.jpg,133.86
6425,Lotto Unisex Canvas Black Check Shoe,images\6425.jpg,83.8
18806,Peter England Men Casual Tan Belt,images\18806.jpg,75.07
23247,Arrow Men Formal Black Shoe,images\23247.jpg,117.19
17072,Lino Perros Women Weaved  Grey Belt,images\17072.jpg,15.01
31782,Lee Women Paula Blue Top,images\31782.jpg,162.06
42270,Vans Unisex Black & Grey Classic Shoes,images\42270.jpg,23.19
12500,United Colors of Benetton Men Short Black Shirts,images\12500.jpg,167.37
26735,Reebok Men Pack of 2 Pirates of the Caribbean Deos,images\26735.jpg,192.39
30650,Nike Men Printed Black T-shirt,images\30650.jpg,193.66
56026,Colorbar Soft Touch Mousse Lipstick 025,images\56026.jpg,25.39
21948,Murcia Women Casual Brown Handbag,images\21948.jpg,104.21
32563,ONLY Women directoire blue Trousers,images\32563.jpg,84.39
58980,Colour me Women Flowers Deo,images\58980.jpg,75.84
40143,Gini and Jony Girls Pretty Blossom Blue Top,images\40143.jpg,35.53
10633,Carlton London Men Formal Brown Formal Shoes,images\10633.jpg,142.76
24406,Vishudh Women Red Printed Kurta,images\24406.jpg,104.21
4716,ADIDAS Unisex Response ST Analogue Black Watch,images\4716.jpg,22.24
21174,s.Oliver Women Stripes Beige Top,images\21174.jpg,48.79
15341,Nike Women Solid Pink Shorts,images\15341.jpg,89.74
52486,Red Rose Maroon Camisole,images\52486.jpg,52.5
53554,Probase Multicoloured Printed Boxers,images\53554.jpg,64.0
14293,Classic Polo Men Stripes Blue Tshirts,images\14293.jpg,146.4
47366,Baggit Women Blue Bag,images\47366.jpg,112.16
6041,UCB Men's Polo Neck With Lion Logo Navy Blue T-shirt,images\6041.jpg,92.72
23623,Doodle Kids Girls Pink I love Shopping Top,images\23623.jpg,160.67
17416,Lotto Men Atlantica Black Sports Shoe,images\17416.jpg,91.21
9835,Little Miss Women Printed Grey T-shirt,images\9835.jpg,73.16
29319,ADIDAS Unisex Chicago Bulls Red Backpack,images\29319.jpg,18.54
7193,Jealous 21 Women Black Jegging,images\7193.jpg,156.95
12958,ADIDAS Men Sports Black Sports Shoes,images\12958.jpg,92.46
27283,Mother Earth Women Magenta Kurta,images\27283.jpg,35.77
30234,Numero Uno Men Black Flip Flops,images\30234.jpg,18.84
9009,Murcia Women Snake Print Bag Brown Handbags,images\9009.jpg,104.98
3533,Myntra Men's If You Don't Like Navy Blue T-shirt,images\3533.jpg,81.11
42614,Estelle Women Earrings & Pendant Set,images\42614.jpg,187.93
12164,Aurelia Women Voile Orange Dupatta,images\12164.jpg,159.54
26351,DKNY Women White Dial Watch NY8472,images\26351.jpg,42.79
17624,ADIDAS Men Solid Navy Blue Track Pant,images\17624.jpg,196.3
47154,Gini and Jony Girls Black Capris,images\47154.jpg,106.97
35574,Gliders Men Esquire Red Flip Flops,images\35574.jpg,199.6
46086,ADIDAS Women Lavender Hagkok Sports Shoes,images\46086.jpg,68.69
51031,Enamor White Bra,images\51031.jpg,126.97
13284,Gini and Jony Kids Boys Solid Black Shorts,images\13284.jpg,169.22
54543,F Sports Men White Outlander Sports Shoes,images\54543.jpg,183.9
55491,Revlon Gold Dust Poussiere Doree Colorburst Lip Gloss 024,images\55491.jpg,111.98
26163,John Miller Men Dark Grey Trousers,images\26163.jpg,82.95
3701,Tantra Women Flower Heart Black Long T-shirt,images\3701.jpg,76.36
29917,Police Men White Dial Watch PL12698JS,images\29917.jpg,62.93
42426,Aurelia Women Sea Green Kurta,images\42426.jpg,198.94
32751,FILA Men Liga II Black Shoes,images\32751.jpg,121.2
56214,Estelle Women Gold Earrings,images\56214.jpg,161.21
10401,Jealous 21 Women Uaine Purple Tops,images\10401.jpg,75.63
40371,Tokyo Talkies Women Navy Slim Fit Jeans,images\40371.jpg,87.95
21346,Pal Zileri Men Casual Gold Frame Sunglasses,images\21346.jpg,23.4
45603,Arrow Men Black Formal Shoes,images\45603.jpg,143.64
4524,Puma Men's YugoRun Black White Shoe,images\4524.jpg,44.75
37223,United Colors of Benetton Women Blue Top,images\37223.jpg,87.6
53766,Puma Men White and Navy Blue T-shirt,images\53766.jpg,28.99
25520,Doodle Kids Girls City Chic White Top,images\25520.jpg,35.01
32597,ONLY Women Black Top,images\32597.jpg,106.96
58974,Colour me Men Gold Deo,images\58974.jpg,65.13
33445,Baggit Women Lamboo Mayur Black Wallet,images\33445.jpg,160.91
57100,Elle Women Dark Pink Top,images\57100.jpg,134.63
36137,Nike Women Free Run Pink Sports Shoes,images\36137.jpg,124.21
41859,Estd. 1977 Men Black Sandals,images\41859.jpg,16.14
21180,ADIDAS Men Adi Cells Black Flip Flops,images\21180.jpg,83.36
39943,GAS Men Brown Count Casual Shoes,images\39943.jpg,149.56
52472,Red Rose Women White & Pink Polka Dot Print Bath Robe,images\52472.jpg,27.84
58148,Puma Unisex White Cap,images\58148.jpg,22.84
20052,United Colors Of Benetton Women Yellow Muffler,images\20052.jpg,184.37
5630,ADIDAS Women's Adi Groove Blue Flip Flop,images\5630.jpg,116.35
44517,Coolers Men Brown Pokar Flip Flops,images\44517.jpg,110.28
47392,Baggit Women Beige Bag,images\47392.jpg,15.57
50325,Aurelia Women Navy Blue Kurta,images\50325.jpg,195.82
8913,Puma Men Cabana Racer Sketch White Sports Shoes,images\8913.jpg,134.52
16530,Locomotive Men Check Red Shirt,images\16530.jpg,42.12
22705,Nike Men White Capri II Casual Shoe,images\22705.jpg,148.12
7167,Scullers Men Scul Purple White Shirt,images\7167.jpg,12.24
46240,Fusion Beats Women White Printed Tunic,images\46240.jpg,63.82
27277,Mother Earth Women Blue Kurta,images\27277.jpg,94.49
13042,Inc 5 Women Brown Heels,images\13042.jpg,166.7
6889,Forever New Women Stone Cream Jacket,images\6889.jpg,89.9
31312,W Women Peach Kurta,images\31312.jpg,23.2
12190,Basics Men Blue Slim Fit Checked Shirt,images\12190.jpg,127.27
55657,Catwalk Women Golden Wedges,images\55657.jpg,141.21
19578,United Colors of Benetton Women Solid Purple Top,images\19578.jpg,71.81
27879,Scullers For Her Women Blue Top,images\27879.jpg,26.68
34452,Rocia Women Copper Sandals,images\34452.jpg,82.45
6287,Classic Polo Men's Swiss Yellow T-shirt,images\6287.jpg,116.9
7355,Tantra Men's Black Sabbath Navy T-shirt,images\7355.jpg,141.48
46072,Lino Perros Men Black Leather Belt,images\46072.jpg,61.38
22537,Gas Men Eldorado Tan Casual  Sandals,images\22537.jpg,183.95
28831,Enamor Women Pack of 3 Mid-Rise Bikini Brief,images\28831.jpg,85.51
43500,French Connection Men White T-shirt,images\43500.jpg,16.26
2627,Carlton London Women Wedge Silver Sandal,images\2627.jpg,140.01
27045,Yelloe Off White Fur Zip Clutch,images\27045.jpg,112.23
13270,Palm Tree Kids Girls Printed White Tops,images\13270.jpg,100.25
18698,Hanes Men Grey Ultimate Duo Dry Cotton Stretch Bikini Briefs,images\18698.jpg,71.22
55465,Revlon Super Lusterous Lipstick 304,images\55465.jpg,144.34
26197,Formula 1 Go Men Perfume,images\26197.jpg,66.63
31120,Palm Tree Girls Pink Top,images\31120.jpg,198.49
25712,ADIDAS Unisex Blue Cap,images\25712.jpg,61.13
11527,United Colors of Benetton Men Olive Tshirts,images\11527.jpg,162.16
14869,United Colors of Benetton Men Solid Black Wallets,images\14869.jpg,119.78
40385,Tokyo Talkies Women Yellow Top,images\40385.jpg,176.99
15187,Arrow Sport Men Solid White Polo Tshirts,images\15187.jpg,81.17
5402,Kalenji Ekiden 200 Wn Purple 2011,images\5402.jpg,55.69
44725,Lotto Women Coral Elegant Flip Flops,images\44725.jpg,49.01
14055,Flying Machine Men Check Green Shirts,images\14055.jpg,82.15
20260,Wrangler Men Applique Navy Blue Tshirt,images\20260.jpg,108.77
7731,Puma Men's Winglet II Grey Yellow White Flip Flop,images\7731.jpg,94.25
22153,Lee Cooper Men Brown Casual Sandals,images\22153.jpg,144.34
43958,Puma Men Olive Techno Ind Sandal,images\43958.jpg,14.41
28469,Urban Yoga Women Printed Pink T-shirt,images\28469.jpg,68.6
50573,Chromozome Men Charcoal Trunk Trunks,images\50573.jpg,187.28
34036,Palm Tree Boys Check Blue Shirt,images\34036.jpg,185.88
55001,Lakme Absolute Lip Last Day Kiss Lip Colour,images\55001.jpg,72.48
8779,Indigo Nation Men Club Satin Hot Stepper Navy Blue Shirt,images\8779.jpg,133.02
3391,Murcia Women White With Stitch Bag,images\3391.jpg,170.45
43164,Fastrack Men Black Watch,images\43164.jpg,29.97
2243,ADIDAS Men Stripe Polo White Polo T-shirt,images\2243.jpg,113.49
30496,Lovable Women Fiona Purple Bra,images\30496.jpg,43.87
27421,Jockey Women Blue Lounge Pants,images\27421.jpg,184.49
57756,Lotus Herbals Neem & Clove Purifying Face Wash,images\57756.jpg,47.82
33213,Sepia Women Printed Magenta Top,images\33213.jpg,108.96
39729,Arrow Woman Olive Top,images\39729.jpg,88.52
25376,Levis Men Grey Innerwear T-Shirt,images\25376.jpg,140.72
11143,Scullers Men Price Catch Black Shirts,images\11143.jpg,47.97
56684,Fabindia Beige & Maroon Mull Printed Saree,images\56684.jpg,165.09
4988,Gini and Jony Girl's Vanya White Polka Dot Kidswear,images\4988.jpg,29.37
44341,Indian Terrain Men Blue T-shirt,images\44341.jpg,145.05
14431,Enroute Women Casual Black Flats,images\14431.jpg,194.31
20604,Baggit Women Umbrella Dum Brown Handbag,images\20604.jpg,86.24
52224,Lencia Grey Swarovski Pearl Necklace,images\52224.jpg,108.76
45293,CASIO SHEEN Women Red Dial Watch SX017,images\45293.jpg,115.18
36761,Maxima Men Black Watch,images\36761.jpg,83.78
33021,Mother Earth Women Printed Cream Kurta,images\33021.jpg,147.9
25144,Lino Perros Women Leatherite Orange Handbag,images\25144.jpg,128.32
11371,United Colors Of Benetton Men Summer Black Shirts,images\11371.jpg,165.48
41401,Wrangler Women White Smocked Top,images\41401.jpg,108.07
14603,United Colors of Benetton Men Pack of 2 Grey Socks,images\14603.jpg,158.7
37481,Esprit Women White Dial Watch,images\37481.jpg,179.14
5254,Wildcraft Unisex Red Duffle Bag,images\5254.jpg,15.18
44173,Nike Fragrances Women Trendy Perfume 75ml,images\44173.jpg,161.75
25978,J.Del Pozo Halloween Kiss Sexy Women Perfume,images\25978.jpg,109.74
4386,Wrangler Cowboy Photo T-shirt,images\4386.jpg,62.98
51693,Van Heusen Unisex Brown Sunglasses,images\51693.jpg,58.74
16154,Enroute Men Leather Black Formal Shoes,images\16154.jpg,121.35
22361,Reebok Men Navy Twist Sandals,images\22361.jpg,189.87
29789,Basics Men Pack of 3 T-shirt,images\29789.jpg,183.38
19920,Wildcraft Unisex Black Outdoor Backpack,images\19920.jpg,32.05
7503,Nike Men's As Icon Blue T-shirt,images\7503.jpg,37.06
46624,Rasasi Men Emotion Deo and Perfume Set,images\46624.jpg,178.56
34204,Proline Men Navy Track Pants,images\34204.jpg,142.56
17086,Lino Perros Women Blue Zip Orange Wallet,images\17086.jpg,100.55
50741,Red Chief Men Black Shoes,images\50741.jpg,156.24
55233,Lakme Nine to Five Flawless Makeup Shell Foundation,images\55233.jpg,23.92
13426,United Colors of Benetton Men Stripes Red  Polo T-shirts,images\13426.jpg,41.71
43356,Reebok Women Charcoal Grey Fuel Techno Sports Shoes,images\43356.jpg,59.52
28207,Ray-Ban Men Active Lifestyle Black Sunglasses,images\28207.jpg,21.83
13846,John Miller Men Stripes Blue Shirts,images\13846.jpg,75.47
12994,ADIDAS Kids Boys Duramo Synthetic Black Sports Shoes,images\12994.jpg,121.26
46278,109F Women Red & White Striped Tunic,images\46278.jpg,150.11
16508,Locomotive Men Washed Blue Jeans,images\16508.jpg,122.56
18492,Puma Men Danny Blue Slipper,images\18492.jpg,123.18
19540,United Colors of Benetton Men Solid Blue Sweater,images\19540.jpg,74.48
7963,Puma Men's Large Logo Graphic White French T-shirt,images\7963.jpg,159.95
8117,Fastrack Men New Analog Black Navy Watch,images\8117.jpg,162.04
49230,Calzini Men Pack of 5 Sports Socks,images\49230.jpg,83.96
39147,Aneri Women Purple Salwar Suit,images\39147.jpg,79.83
36933,Bulgari Women Omnia Perfume,images\36933.jpg,28.41
57138,Elle Women Brown Trousers,images\57138.jpg,86.71
20856,United Colors of Benetton Men Casual Black Shoes,images\20856.jpg,37.75
41861,Estd. 1977 Men Black Sandals,images\41861.jpg,141.14
5608,ADIDAS Men Kendall Black Navy Floater,images\5608.jpg,28.03
58170,Rocky S Women Red Clutch,images\58170.jpg,138.54
53598,Q&Q Men Black Digital Watch,images\53598.jpg,199.17
15983,Turtle Solid Men  Burgundy Shirt,images\15983.jpg,44.01
39375,Helix Women Silver Dial Watch,images\39375.jpg,20.4
14851,United Colors of Benetton Women Solid Coffee Brown Wallets,images\14851.jpg,34.52
59290,Titan Men Black Dial Watch,images\59290.jpg,147.79
52678,Morellato Men Black Watch,images\52678.jpg,30.01
20258,Wrangler Men Polo Charcoal T-shirt,images\20258.jpg,27.5
47198,Franco Leone Men Brown Sandals,images\47198.jpg,165.96
27841,Bulchee Men Plain Jeans White Belt,images\27841.jpg,25.29
28035,Jockey ELANCE Men Grey Melange Y Front Briefs 1006,images\28035.jpg,110.21
31924,Fabindia Women Black Silk Handbag,images\31924.jpg,126.47
26993,Jealous 21 Women Washed Blue Jeans,images\26993.jpg,21.08
13248,Palm Tree Kids Boy Solid Brown Trousers,images\13248.jpg,148.99
43538,French Connection Women Blue Top,images\43538.jpg,162.6
8325,Doodle Boy's Athletic 77 Dept Yellow Teen Kidswear,images\8325.jpg,155.72
31118,Gini and Jony Girls Red Top,images\31118.jpg,65.69
19772,ADIDAS Men Vigor Blue Casual Shoes,images\19772.jpg,57.18
46876,Lino Perros Men Pack of 2 Socks,images\46876.jpg,196.27
5862,ADIDAS Men's Stripe Black T-shirt,images\5862.jpg,183.71
39711,ADIDAS Original Men Black Dial Chronograph Watch ADH2641,images\39711.jpg,52.05
14409,Enroute Women Casual White Heels,images\14409.jpg,164.05
58726,Puma Men Grey T-shirt,images\58726.jpg,137.77
44379,ADIDAS Men Intense Touch  Perfume,images\44379.jpg,171.33
11947,Ganuchi Men Casual Olive Sandals,images\11947.jpg,179.73
36759,Maxima Men White Dial Watch,images\36759.jpg,38.67
51499,Denizen Women Blue Jeans,images\51499.jpg,136.43
29583,Puma Women Grace Silver Sandals,images\29583.jpg,95.07
55805,SDL by Sweet Dreams Women Pink & Black Printed Night Suit S11-3134,images\55805.jpg,125.22
7709,Jealous 21 Women's Aaren Black Jegging,images\7709.jpg,115.17
28451,Urban Yoga Women Black Track Pants,images\28451.jpg,65.05
43960,Indigo Nation Men Grey Striped Shirt,images\43960.jpg,104.57
8741,Indigo Nation Men Checks Shirt Navy Blue Shirts,images\8741.jpg,74.3
55039,Lakme Absolute Matte Merlot Lipstick 45,images\55039.jpg,149.85
19316,Nike Unisex Hayward 25M Grey Backpack,images\19316.jpg,137.05
27419,Jockey Women Black Lounge Pants,images\27419.jpg,77.99
34832,ADIDAS Men Sukoi White Sports Shoes,images\34832.jpg,182.65
23885,Fila Men Grey Hex Sports Shoes,images\23885.jpg,179.58
19918,Wildcraft Unisex Black Backpack,images\19918.jpg,18.33
22359,John Players Men Check Blue Shirt,images\22359.jpg,51.88
19124,Lotto Women XL Kelly Pink Slippers,images\19124.jpg,50.8
16950,Image Men Sunglasses,images\16950.jpg,73.27
49654,Mineral Women Grey Skirt,images\49654.jpg,161.35
48786,Lucera Women Silver Pendant,images\48786.jpg,161.07
2049,ADIDAS Men's Slim Fit White T-shirt,images\2049.jpg,25.69
17882,Levis Men Comfort Style White Innerwear Vest,images\17882.jpg,65.76
44977,Maxima Men Silver Dial Attivo Watch,images\44977.jpg,120.7
33019,Mother Earth Women Printed Yellow Kurta,images\33019.jpg,101.71
41439,Lee Cooper Men Black Sports Shoes,images\41439.jpg,180.99
39523,Peter England Unisex Black One Dayer Black Trolley Bag,images\39523.jpg,183.21
52812,JAG Men Black Leather Wallet,images\52812.jpg,136.66
11349,Lee Men Blue Chicago Fit Jeans,images\11349.jpg,53.69
24892,United Colors of Benetton Men Black T-shirt,images\24892.jpg,194.52
58514,Tonga Women Grey Top,images\58514.jpg,82.02
33825,Puma Women Kuris Silver & Grey Sports Shoes,images\33825.jpg,186.55
25940,Femella Women Yellow & Blue Scarf,images\25940.jpg,58.74
38637,Nike Men Red Delhi T-shirt,images\38637.jpg,151.07
5896,Puma Men Cavallino Black Shoe,images\5896.jpg,43.6
4944,Gini and Jony Boy's Kaleb White Brown Infant Kidswear,images\4944.jpg,70.21
10861,Wrangler Men Dirt Riders White T-Shirts,images\10861.jpg,11.57
59600,FNF Rust Wedding Collection Sari,images\59600.jpg,54.12
42846,French Connection Women Multi Stripe Hand Bag,images\42846.jpg,80.37
35128,Allen Solly Woman Purple Bangle,images\35128.jpg,60.5
47508,Facit Men Black Brief,images\47508.jpg,150.43
54923,Do u speak Green Girls Olive 3/4 Pant,images\54923.jpg,126.47
43994,Police Women Passion Deo,images\43994.jpg,173.06
17278,U.S. Polo Assn. Men Printed  Steeple Grey Tshirt,images\17278.jpg,65.6
31588,Mark Taylor Men Printed Maroon T-shirt,images\31588.jpg,38.77
49492,Vans Men Maroon & Grey Era Shoes,images\49492.jpg,172.07
18230,Manchester United Men Printed White Tshirt,images\18230.jpg,53.72
23871,ADIDAS Men Grey Striped T-shirt,images\23871.jpg,46.93
9667,Indigo Nation Men Bling Red Black Shirts,images\9667.jpg,150.07
16198,Puma Men Poly Knitted Black Tracksuit,images\16198.jpg,93.57
3953,Jealous 21 Women's Red Peace T-shirt,images\3953.jpg,75.3
29745,Fossil Men Quartz Black Dial Chronograph Watch JR1303,images\29745.jpg,128.94
28697,W Women Printed Black Kurta,images\28697.jpg,172.24
12538,Puma Men Solid Blue Track Pants,images\12538.jpg,70.74
8587,Scullers Men Red Check Shirt,images\8587.jpg,104.85
42248,Sepia Women Pink Top,images\42248.jpg,72.08
48772,Lucera Women Silver Pendant,images\48772.jpg,146.0
17876,Levis Men Comfort Style Grey Innerwear Vest,images\17876.jpg,87.84
30668,Park Avenue Men Black Sunglasses,images\30668.jpg,135.92
9455,John Miller Men Red Striped Shirt,images\9455.jpg,99.22
18002,Puma Women Essential Skinny Black 3/4 Pant,images\18002.jpg,170.41
44983,Maxima Women Silver Dial Watch,images\44983.jpg,177.28
38405,Baggit Women White Capri Taj Belt,images\38405.jpg,58.63
53934,Kiara Women Brown Handbag,images\53934.jpg,193.92
1638,Nabaiji Swimming Goggles Blue Black,images\1638.jpg,87.76
25188,Lino Perros Women Leatherite Brown Handbag,images\25188.jpg,98.81
24866,Reid & Taylor Men Formal Black Belt,images\24866.jpg,38.92
53108,Fabindia Silver Earrings,images\53108.jpg,186.35
21528,Kiara Women Sequins Copper Handbag,images\21528.jpg,142.82
59432,Spice Art Women Black Handbag,images\59432.jpg,33.36
32903,Allen Solly Women Red Shorts,images\32903.jpg,81.16
6079,UCB Men's Johny Collar With Two Tone Grey T-shirt,images\6079.jpg,139.2
12960,ADIDAS Men Sports White Sports Shoes,images\12960.jpg,142.15
29321,ADIDAS Men Black Jersey,images\29321.jpg,82.08
9031,Buckaroo Men loma Tan Casual Shoes,images\9031.jpg,42.2
6845,Timberland Unisex Hiker Round Lace Shoe Accessories,images\6845.jpg,195.95
18466,Reebok Reebounce Women Perfumes,images\18466.jpg,17.34
26369,Arrow Woman Blue Shirt,images\26369.jpg,58.63
33489,Doodle Kids Boy Check Green Shirt,images\33489.jpg,16.08
59056,Carlton London Women Blue & Cream Shoes,images\59056.jpg,158.07
15379,Fila Men Lobato Black Casual Shoes,images\15379.jpg,183.86
45409,Rocia Women Black & Brown Sandals,images\45409.jpg,147.45
56822,John Players Men Beige Shorts,images\56822.jpg,148.85
58184,Rocky S Women Beige Handbag,images\58184.jpg,133.42
40947,Gini and Jony Boys Core Red T-shirt,images\40947.jpg,112.79
39381,Peter England Men Party Black Jeans,images\39381.jpg,147.86
15977,Turtle Solid Men Red Shirt,images\15977.jpg,83.79
32769,Music Men Printed Blue T-shirt,images\32769.jpg,49.76
10439,Flying Machine Men Walnut Brown Tshirts,images\10439.jpg,30.27
59264,Titan Women White Watch,images\59264.jpg,164.88
14099,Flying Machine Women Solid Pink Tops,images\14099.jpg,173.87
1852,Inkfruit Men Ride It Or Die T-shirt,images\1852.jpg,91.94
30802,Fabindia Men Blue Shirt,images\30802.jpg,83.44
51009,Enamor Rose Full Figure Bra FF07,images\51009.jpg,72.08
29113,Puma Women Pack of 3 Socks,images\29113.jpg,42.21
7399,Red Tape Men's Black Formal Shoe,images\7399.jpg,90.4
26967,Jealous 21 Women Check Navy Blue Top,images\26967.jpg,64.69
27089,Aneri Women Jazz Brown Kurta,images\27089.jpg,51.21
48124,Fossil Women Brown Huarache Weave Belt,images\48124.jpg,96.93
9203,Puma Men Axis XT Black Shoes,images\9203.jpg,129.94
51835,Bwitch Red Lace  Briefs,images\51835.jpg,34.17
3739,ADIDAS Men Delhi Daredevil Blue Cap,images\3739.jpg,120.04
19786,U.S. Polo Assn. Men Solid Navy Blue Tshirt,images\19786.jpg,175.87
44948,Puma Men Black Aquil II Sports Shoes,images\44948.jpg,59.3
24091,Manchester United Men Navy Blue Striped T-shirt,images\24091.jpg,52.07
57563,Lotus Herbals Pure Colours Nutty Brown Lipstick 666,images\57563.jpg,48.99
33026,Mother Earth Women Pink Kurta,images\33026.jpg,116.05
41406,Wrangler Women Pink T-shirt,images\41406.jpg,145.66
11376,United Colors Of Benetton Women Light Winter Grey Tops,images\11376.jpg,22.17
25143,Lino Perros Women Silver Clutch,images\25143.jpg,50.9
44174,Nike Fragrances Women Sensual Touch Perfume and Deo Set,images\44174.jpg,58.44
5253,Wildcraft Unisex Black & Grey Duffel Bag,images\5253.jpg,187.56
20431,Baggit Women Tijori Viva Brown Wallet,images\20431.jpg,51.65
14604,United Colors of Benetton Men Stripes Green Socks,images\14604.jpg,89.7
4381,Superman Men's Silhouette Light Blue T-shirt,images\4381.jpg,153.09
46623,Nike Unisex Ultimatum Max Backpack,images\46623.jpg,26.15
19927,ADIDAS Men Receptor Grey Sandals,images\19927.jpg,117.29
7504,Nike Women's Smash Pink T-shirt,images\7504.jpg,58.11
22366,Ed Hardy Men New Tiger White T-Shirt,images\22366.jpg,174.05
3998,Spalding Men's Black and White Graphic Flip Flop,images\3998.jpg,110.83
51694,Van Heusen Unisex Sunglasses VH216-C2,images\51694.jpg,150.01
16153,Enroute Men Leather Black Formal Shoes,images\16153.jpg,190.81
17081,Lino Perros Women Denim Blue Wallet,images\17081.jpg,141.46
50746,Red Chief Men Black Formal Shoes,images\50746.jpg,58.67
34203,Proline Men Charcoal Grey Track Pants,images\34203.jpg,27.79
55234,Lakme 9to5 Flawless Makeup Marble Foundation,images\55234.jpg,192.1
13421,United Colors of Benetton Men Stripes Black Polo T-shirts,images\13421.jpg,19.06
27614,Scullers Men Beige Trousers,images\27614.jpg,96.78
22154,Lee Cooper Men Black Formal Shoes,images\22154.jpg,48.81
16361,Peter England Men Stripes Maroon Shirt,images\16361.jpg,188.72
46411,ADIDAS Men Black Sweatshirt,images\46411.jpg,53.97
7736,Puma Men Ferrari Lifestyle Red Cap,images\7736.jpg,41.33
34031,Gini and Jony Boys Check Blue Shirt,images\34031.jpg,125.91
50574,Chromozome Men Pack of Two Trunks,images\50574.jpg,164.29
22968,U.S. Polo Assn. Unisex Casual Olive Backpack,images\22968.jpg,123.73
3396,Murcia Women Turquoise Blue Handbag,images\3396.jpg,49.72
31543,Classic Polo Men Striped Navy Blue T-shirt,images\31543.jpg,115.08
55006,Lakme Sheer Satin Lip Gloss 51,images\55006.jpg,73.38
19329,Puma Men Standpunkt Brown Casual Shoes,images\19329.jpg,66.8
13613,Hanes Men Sleeveless V Neck Red Innerwear T-shirt,images\13613.jpg,120.83
27426,Jockey Women Grey Melange Shorts,images\27426.jpg,188.85
2244,ADIDAS Women's Black T-shirt,images\2244.jpg,152.49
43163,Fastrack Men White Dial Watch,images\43163.jpg,70.13
33214,Sepia Women Printed Black & Green Tunic,images\33214.jpg,75.79
10096,Reebok Women Reeflex Run Blue Sports Shoes,images\10096.jpg,157.81
11144,Scullers Men Price Catch Black Shirts,images\11144.jpg,33.35
25371,Levis Men Maroon Innerwear Vest,images\25371.jpg,125.85
20603,Baggit Women Selection Mayur Black Sling Bag,images\20603.jpg,86.73
58719,ALayna Women Off White  Kurta,images\58719.jpg,143.59
11978,FILA Men Aruba Navy Blue Sandal,images\11978.jpg,59.05
36766,Maxima Men Black Watch,images\36766.jpg,52.07
45294,CASIO SHEEN Women Black Dial Watch SX041,images\45294.jpg,62.04
52223,Lencia White Swarovski Pearl Necklace,images\52223.jpg,98.12
34455,Rocia Women Black Shoes,images\34455.jpg,135.84
6280,UCB Men's Making Light Pink T-shirt,images\6280.jpg,11.92
46075,Lino Perros Men Black Leather Belt,images\46075.jpg,109.55
35587,Gliders Men Brown Leather Sandals,images\35587.jpg,153.78
7352,Tantra Men's Whatever Purple T-shirt,images\7352.jpg,186.49
27042,Yelloe Black Animal Print Clutch,images\27042.jpg,12.79
2620,Nike Men's Colors Team India T-shirt,images\2620.jpg,97.27
43507,French Connection Men Maroon T-shirt,images\43507.jpg,187.45
28836,BIBA Women Printed Multi Coloured Kurta,images\28836.jpg,168.17
31127,Gini and Jony Girls Black Dress,images\31127.jpg,133.02
26190,4711 Kolnisch Wasser Men Perfume,images\26190.jpg,38.89
55462,Revlon Super Lustrous Plum Baby Lipstick 313,images\55462.jpg,140.16
11520,United Colors of Benetton Women Denim Black Jeans,images\11520.jpg,48.53
25715,ADIDAS Unisex Blue Cap,images\25715.jpg,155.33
41250,Arrow Men Black & Brown Reversible Belt,images\41250.jpg,170.92
40382,Tokyo Talkies Women Pink Top,images\40382.jpg,62.85
38298,Reid & Taylor Men Brown Wallet,images\38298.jpg,143.67
57335,Amante White Bra BCSO01,images\57335.jpg,122.96
52647,Mod'acc Women Black Handbag,images\52647.jpg,166.55
20267,Catwalk Women Casual Black Heels,images\20267.jpg,136.51
14052,Flying Machine Men Solid White Shirts,images\14052.jpg,28.46
53795,Puma Men Black T-shirt,images\53795.jpg,151.19
44722,Lotto Women Red & Orange Disco Holic Flip Flops,images\44722.jpg,110.5
5405,Kalenji Ekiden Comfort Prime 2011,images\5405.jpg,12.34
39178,Aneri Women Blue & Brown Printed Kurta,images\39178.jpg,119.5
32590,ONLY Women Brown Shorts,images\32590.jpg,95.57
11712,Lee Men Solid Blue Shirts,images\11712.jpg,105.52
25527,Wrangler Women Stella Green Shirt,images\25527.jpg,83.89
57107,Elle Women Green Essentials Top,images\57107.jpg,181.13
20869,Fila Men Camper Brown Sandals,images\20869.jpg,186.88
33442,Baggit Women Rade Doko Teal Handbag,images\33442.jpg,81.56
58973,Colour Me Women Pink Perfume,images\58973.jpg,50.62
52475,Red Rose White & Red Dot Print Bath Robe,images\52475.jpg,60.35
39944,GAS Men Grey Namib Shoes,images\39944.jpg,121.04
21187,ADIDAS Men Plugged In Yellow Flip Flops,images\21187.jpg,154.37
36130,Nike Men Dunk High Grey Shoes,images\36130.jpg,156.48
44510,Converse Unisex Black Shoes,images\44510.jpg,95.26
20055,United Colors Of Benetton Women Grey Muffler,images\20055.jpg,104.98
50322,Aurelia Women Black Kurta,images\50322.jpg,141.82
28238,Park Avenue Men Cruise Deo,images\28238.jpg,154.34
13879,Scullers Men Check Red Shirts,images\13879.jpg,24.89
47395,Baggit Women Green Handbag,images\47395.jpg,138.42
46247,Fusion Beats Women Dark Pink Tunic,images\46247.jpg,131.6
7160,Scullers For Her Women Fashion Summer Lite Aubergine Tunics,images\7160.jpg,125.16
22702,Nike Women Beige Dunk High Casual Shoes,images\22702.jpg,99.12
8914,Puma Men Future Cat Remix SF White Sports Shoes,images\8914.jpg,62.7
16537,Probase Men Check Blue Cap,images\16537.jpg,100.35
43735,Royal Diadem Set of 2 Golden Bangles,images\43735.jpg,66.33
13045,Inc 5 Women Casual Maroon Sandals,images\13045.jpg,154.88
27270,Mother Earth Women Printed Maroon Kurta,images\27270.jpg,57.65
12197,Basics Men Orange Polo T-shirt,images\12197.jpg,136.75
55650,Catwalk Women Multi-coloured Heels,images\55650.jpg,71.57
31315,W Women Brown Kurta,images\31315.jpg,137.86
6274,UCB Women's Crystal Benetton Green T-shirt,images\6274.jpg,68.53
47153,Gini and Jony Girls Pink Capris,images\47153.jpg,79.12
17623,ADIDAS Men Solid Grey Track Pant,images\17623.jpg,56.94
48927,Lucera Women Silver Ring,images\48927.jpg,141.81
51036,Enamor Women Lavender Nightdress,images\51036.jpg,131.05
26958,Jealous 21 Women Teal Shirt,images\26958.jpg,72.19
46081,ADIDAS Men Navy Blue Benton Sandals,images\46081.jpg,113.14
35573,Gliders Men Esquire Blue Flip Flops,images\35573.jpg,21.37
13283,Gini and Jony Kids Boys Check Blue Shirts,images\13283.jpg,45.02
54544,F Sports Men Black Pace Sports Shoes,images\54544.jpg,21.2
30001,Aspen Women White Dial Watch,images\30001.jpg,61.78
29910,Police Men Black Dial Watch PL12170JSB,images\29910.jpg,74.2
3706,Classic Polo Men's Grey Red & Brown Stripe T-shirt,images\3706.jpg,159.32
26164,John Miller Men Striped Grey Trousers,images\26164.jpg,129.8
55496,Revlon ColorBurst Hot Pink Lip Gloss 10,images\55496.jpg,144.45
56213,Estelle Women Gold Earrings,images\56213.jpg,92.44
15948,Turtle Men Stripes Burgundy Ties,images\15948.jpg,57.24
40376,Tokyo Talkies Women Yellow Top,images\40376.jpg,179.87
24633,ADIDAS Women Polka Pink Flip Flops,images\24633.jpg,27.33
10406,United Colors of Benetton Women Solid Grey Dresses,images\10406.jpg,83.6
4523,Puma Men's Faas Blue White Silver Red Shoe,images\4523.jpg,157.75
45604,Arrow Men Brown Formal Shoes,images\45604.jpg,22.55
15174,Arrow Men Yellow Polo T-shirt,images\15174.jpg,118.96
21341,Pal Zileri Men Casual Steel Frame Sunglasses,images\21341.jpg,115.74
53761,Puma Men Green and Blue T-shirt,images\53761.jpg,197.15
37224,United Colors of Benetton Women Purple Shirt,images\37224.jpg,148.18
32564,ONLY Women Orange Trousers,images\32564.jpg,179.04
56021,Colorbar Soft Touch Venus Lipstick 034,images\56021.jpg,49.47
24401,Vishudh Women Brown Printed Kurta,images\24401.jpg,101.91
10634,Carlton London Men Black Oxford Wingtip Brogues,images\10634.jpg,150.13
40144,Gini and Jony Girls Pretty Blossom Pink Top,images\40144.jpg,62.46
58987,Cavallini Women Deo,images\58987.jpg,156.94
59069,Peri Peri Women White Bra,images\59069.jpg,176.22
15346,Nike Men Special Edition 3 Star Beed Black Tshirts,images\15346.jpg,163.55
52481,Red Rose Pink & Black Nightdress,images\52481.jpg,118.65
21173,s.Oliver Women Grey Shirt,images\21173.jpg,102.09
4711,ADIDAS Unisex Toronto Hand Black Watch,images\4711.jpg,21.11
40978,Gini and Jony Boys United Red T-shirt,images\40978.jpg,61.54
14294,Classic Polo Men Stripes Black Tshirts,images\14294.jpg,23.74
17411,Lotto Men Basketball Mid White Sports Shoe,images\17411.jpg,78.34
9832,Little Miss Women Printed Rust T-shirt,images\9832.jpg,139.93
23624,Doodle Kids Girls White I love Shopping Top,images\23624.jpg,129.19
6046,UCB Men Logo Chest Green Shirt,images\6046.jpg,154.21
34693,Allen Solly Kids Girls Poplin Pink Shorts,images\34693.jpg,16.87
47361,Baggit Women Black Voodoo Gang Handbag,images\47361.jpg,159.26
7194,Jealous 21 Women's BFF Printed White Top,images\7194.jpg,184.35
51204,Enamor Women Peach Bra,images\51204.jpg,173.44
30233,Numero Uno Men White Shoes,images\30233.jpg,136.8
48329,Pitaraa Women Purple Sling Bag,images\48329.jpg,107.56
18459,David Beckham Intimately Men Deos,images\18459.jpg,97.97
27284,Mother Earth Women Dark Brown Kurta,images\27284.jpg,48.06
12163,Aurelia Women Solid Purple Leggings,images\12163.jpg,84.22
42613,Estelle Women Gold Earring & Pendant Set,images\42613.jpg,102.78
3534,Myntra Women's I Want You Black T-shirt,images\3534.jpg,79.13
24065,Locomotive Men Checked Green Shirt,images\24065.jpg,56.4
10250,Murcia Women Hahk Brown Handbags,images\10250.jpg,53.23
57597,Lotus Herbals Moistpetals Rudy Pink Lipstick 140,images\57597.jpg,138.05
40520,Titan Men Cream Dial Watch,images\40520.jpg,54.71
1607,Reebok Men trackpant- male Track Pants,images\1607.jpg,44.13
11382,United Colors Of Benetton Women Light Winter Grey T-Shirts,images\11382.jpg,140.45
44180,Nike Fragrances Women Spicy Love Perfume 150 ml,images\44180.jpg,70.72
37472,Esprit Men Grey Dial Watch,images\37472.jpg,96.41
53137,Catwalk Women Brown Sandals,images\53137.jpg,14.29
15722,Nike Men Lunarswift+ 3 Shield Grey Sports Shoes,images\15722.jpg,73.02
4375,Marvel Comics Men's Comic Poses Navy T-shirt,images\4375.jpg,28.67
35325,Fabindia Women Anusuya Silver Earrings,images\35325.jpg,173.75
22392,ADIDAS Women Whalf Striper White Top,images\22392.jpg,30.48
51660,Fossil Men Black Dial Watch AM4384,images\51660.jpg,104.23
17075,Lino Perros Women Weaved  Navy Blue Belt,images\17075.jpg,128.57
23240,Aneri Women Ashna Blue Kurta,images\23240.jpg,179.68
6422,Lotto Unisex Canvas Black Grey Shoe,images\6422.jpg,95.47
18801,Peter England Men Casual Brown Belt,images\18801.jpg,115.79
26732,Reebok Women Reestyle Deo,images\26732.jpg,92.11
12507,Red Tape Men Casual Black Casual Shoes,images\12507.jpg,27.09
31785,Lee Women Katie Navy Blue Top,images\31785.jpg,129.69
3150,Nike Men's Lunarswift Black Shoe,images\3150.jpg,126.04
17849,Flying Machine Women This & That Grey Tshirt,images\17849.jpg,29.32
29548,Classic Polo Men Printed Navy Blue T-shirt,images\29548.jpg,90.96
42879,French Connection Women Black Buffy Clutch,images\42879.jpg,111.87
16395,Levis Men Check Black Shirts,images\16395.jpg,56.63
51452,Tonga Women White & Pink Top,images\51452.jpg,169.66
6610,Spykar Men's Stinger Basket Ball Team White Blue Stripes T-shirt,images\6610.jpg,102.22
47537,Portia Women Brown Flats,images\47537.jpg,175.21
17247,U.S. Polo Assn. Men Stripes Blue Polo Tshirt,images\17247.jpg,115.42
23072,Arrow Men Navy Blue Solid Trousers,images\23072.jpg,101.2
42045,Nike Men Wardour Chukka Yellow Casual Shoes,images\42045.jpg,132.18
3362,Myntra Men's Creative designs Black T-shirt,images\3362.jpg,197.52
12735,Nike Unisex U Black Caps,images\12735.jpg,158.1
54120,Rocia Women Beige Flats,images\54120.jpg,111.97
30465,Lovable Women All Day Long Black Bra,images\30465.jpg,141.71
9658,Indigo Nation Men Reversible Bling Maroon Shirt,images\9658.jpg,52.66
43197,Fastrack Women Grey Dial Watch,images\43197.jpg,95.54
38608,Nike Men Grey T-shirt,images\38608.jpg,46.07
24257,Numero Uno Men Navy Blue Casual Shoes,images\24257.jpg,83.22
10062,Puma Men Puma runhard tee Grey Tshirts,images\10062.jpg,88.92
56677,Maxima Men White Dial Watch,images\56677.jpg,73.94
25385,Levis Men Navy Blue Briefs,images\25385.jpg,110.94
32332,Q&Q Men Steel Digital Watch,images\32332.jpg,30.06
5095,Wrangler Men's Greensboro Raw Edge Blue T-shirt,images\5095.jpg,195.1
37640,Wills Lifestyle Women Red Clutch,images\37640.jpg,18.43
4147,Nike Women Glide White Grey Shoe,images\4147.jpg,118.77
36792,Maxima Men Black Dial Attivo Watch,images\36792.jpg,16.67
45260,CASIO G-Shock Men Black Digital Watch DW-5600E-1VDF G001,images\45260.jpg,113.2
15510,Rockport Men CV Toe HI Charcoal Casual Shoes,images\15510.jpg,102.75
21725,ADIDAS Men Navy Blue Sweatshirt,images\21725.jpg,33.16
34038,Gini and Jony Boys Check Red Shirt,images\34038.jpg,49.42
43956,Puma Women Purple Techno Sandals,images\43956.jpg,117.73
28467,Urban Yoga Women Printed Rust T-shirt,images\28467.jpg,197.48
16368,Peter England Men Stripes Charcoal Trouser,images\16368.jpg,156.47
42884,French Connection Women Beige Clutch,images\42884.jpg,26.54
55833,Colorbar Glamour Radiant Glow 001,images\55833.jpg,19.92
46418,Timex Men Olive Green Dial Watch DV10,images\46418.jpg,17.57
48582,Revv Men Steel Bracelet,images\48582.jpg,155.99
30498,Lovable Women Fiona Brown Bra,images\30498.jpg,47.19
8777,Indigo Nation Men Price catch Blue Shirts,images\8777.jpg,19.78
19320,Nike Unisex Classic Turf Pink Backpack,images\19320.jpg,143.12
25378,Levis Men Beige Innerwear T-shirt,images\25378.jpg,19.45
4986,ADIDAS Men Bayern Munchen Red Jersey,images\4986.jpg,199.25
39727,Arrow Woman Blue Shirt,images\39727.jpg,116.89
57758,Lotus Herbals Jojobawash Face Wash,images\57758.jpg,110.03
5854,ADIDAS Women Pink Handbag,images\5854.jpg,16.24
11971,Fila Men Glow White Sports Shoes,images\11971.jpg,116.35
5068,Being Human Men Grey Dial Blue Strap Watch,images\5068.jpg,178.25
39515,Peter England Unisex Brown Laptop Bag,images\39515.jpg,47.57
45893,Maxima Ssteele Men Black Dial Watch,images\45893.jpg,87.26
44941,Franco Leone Men Formal Shoes,images\44941.jpg,161.32
24098,Red Tape Men Black Sandals,images\24098.jpg,115.93
4388,DC Comics Lantern Arrow All Over Green T-shirt,images\4388.jpg,191.61
58522,Wildcraft Unisex Rust Orange Travel Pouch,images\58522.jpg,159.6
28655,Nike Men Zoom Structure White Sports Shoes,images\28655.jpg,184.75
2843,Mr.Men Men's Mr.Mischief Pink T-shirt,images\2843.jpg,106.58
17088,Lino Perros Women Flower LT.Brown Wallet,images\17088.jpg,45.8
3991,Mr.Men Men's Wave Rider White T-shirt,images\3991.jpg,140.03
29787,Basics Men White T-shirt,images\29787.jpg,185.37
9497,Decathlon Men Arpenaz Black Sandals,images\9497.jpg,87.58
13428,United Colors of Benetton Men Printed White Tshirts,images\13428.jpg,131.15
19112,Campbell Men Pack of 3 Solid Tshirts,images\19112.jpg,81.88
16966,Reebok Men Sprintfit Lite Black Sports Shoe,images\16966.jpg,123.67
49662,United Colors of Benetton Women Sunglass,images\49662.jpg,89.7
20860,United Colors of Benetton Women Casual Sunglasses,images\20860.jpg,68.48
32599,ONLY Women Black Top,images\32599.jpg,144.49
39171,Aneri Women Pink & White Kurta,images\39171.jpg,93.91
36905,Fossil Men Black Dial Watch ME1113,images\36905.jpg,152.19
57932,French Connection Men White T-shirt,images\57932.jpg,138.83
58146,Puma Unisex Black Backpack,images\58146.jpg,133.55
40985,Gini and Jony Boys United White T-shirt,images\40985.jpg,191.6
41857,Bata Men Hummer Grey Sandals,images\41857.jpg,61.39
59094,Peri Peri Women Black Bra,images\59094.jpg,77.56
36139,Nike Men The Overplay VII Black Sports Shoes,images\36139.jpg,168.4
7169,Scullers Men Scul Navy Blue Shirt,images\7169.jpg,122.24
28231,Playboy Men Malibu Deo,images\28231.jpg,37.7
13870,Scullers Men Stripes Beige Shirts,images\13870.jpg,154.86
19576,United Colors of Benetton Women White Top,images\19576.jpg,175.22
7955,Puma Men's Foundation Grey Polo T-shirt,images\7955.jpg,59.79
8121,Fastrack Men Brown Belt,images\8121.jpg,173.43
27279,Mother Earth Women Blue Kurta,images\27279.jpg,139.65
6887,Forever New Women Indigo Wash Blue Jacket,images\6887.jpg,183.98
31912,Fabindia Women Green Sling Bag,images\31912.jpg,51.14
49808,iPanema Women Blue Flip Flops,images\49808.jpg,40.55
22539,Inc.5  Women Grey Flats,images\22539.jpg,28.98
27877,Scullers For Her Women Printed Navy Blue Shirt,images\27877.jpg,132.03
6289,Classic Polo Classic Polo Swiss Brown Tee T-Shirt,images\6289.jpg,137.08
28003,Jockey ZONE Men Zone White Brief US18,images\28003.jpg,112.32
8313,Fastrack Women Nylon Black Handbag,images\8313.jpg,71.49
49034,Lucera Women Silver Ring,images\49034.jpg,96.9
19744,ADIDAS Originals Men Solid Green Jacket,images\19744.jpg,183.15
26199,Formula 1 Men Power Perfume,images\26199.jpg,193.17
47992,Helix Women Black Watch,images\47992.jpg,190.1
18696,Hanes Men Black Ultimate Duo Dry Cotton Stretch Bikini Briefs,images\18696.jpg,163.88
2629,Carlton London Women Four Strapped Black Sandal,images\2629.jpg,119.73
14867,United Colors of Benetton Men Solid Black Wallets,images\14867.jpg,175.28
38291,Reid & Taylor Men Black Wallet,images\38291.jpg,123.36
11529,United Colors Of Benetton Men Heavy Winter Grey Sweaters,images\11529.jpg,36.46
41259,Arrow Men Brown Leather Wallet,images\41259.jpg,196.15
1890,FIFA Mens Essentials Red T-shirt,images\1890.jpg,142.73
15189,Arrow Sport Men Solid Green Polo Tshirts,images\15189.jpg,57.12
24408,ADIDAS Men Black Vanquish Sports Shoes,images\24408.jpg,28.76
20894,Basics Men Red Casual Shoes,images\20894.jpg,171.11
21946,Murcia Women Casual Black Handbag,images\21946.jpg,66.57
39185,Aneri Women Khaki Kurta,images\39185.jpg,156.12
56028,Colorbar Soft Touch Spring Fling Lipstick 023,images\56028.jpg,166.15
40971,Buckaroo Men Brown Casual Shoes,images\40971.jpg,157.13
52488,Red Rose Red Camisole,images\52488.jpg,25.07
59060,Global Desi Women Multi Coloured Kurta,images\59060.jpg,186.12
4718,Disney Kids Girl's Summer Fun Fair Yellow Teen Kidswear,images\4718.jpg,36.47
56814,Aneri Women Multi Coloured Kurti,images\56814.jpg,157.42
12956,ADIDAS Men Sports Blue Sports Shoes,images\12956.jpg,138.95
29317,ADIDAS Unisex Blue Backpack,images\29317.jpg,112.33
17418,CASIO ENTICER Men Black Analogue Watch BS112 ,images\17418.jpg,146.99
47368,Baggit Brown Handbag,images\47368.jpg,134.01
13884,Scullers Men Check Black Shirts,images\13884.jpg,91.03
19582,United Colors of Benetton Men Printed Grey TShirt,images\19582.jpg,128.05
48320,Pitaraa Silver Omelette Thin Bracelet,images\48320.jpg,62.81
9007,Murcia Women Silver Black Purse Silver Handbags,images\9007.jpg,17.78
6873,Forever New Women's Top Black Dress,images\6873.jpg,125.67
18450,Ed Hardy Life Love & Luck by Christian Audigier for Women Perfume,images\18450.jpg,144.33
29125,Vogue Women White Sunglasses,images\29125.jpg,63.23
26951,Jealous 21 Women Printed Teal T-shirt,images\26951.jpg,85.85
27883,Scullers For Her Women Pink Shirt,images\27883.jpg,46.94
30834,Fabindia Women Blue Kurta,images\30834.jpg,118.12
29919,Police Men Black Dial Chronograph Watch PL12699JS-02,images\29919.jpg,165.88
42428,Aurelia Women Brown & Orange Kurta,images\42428.jpg,77.0
12358,Reid & Taylor Men Solid Cream Shirts,images\12358.jpg,174.77
48112,Fossil Women Brown Belt,images\48112.jpg,83.6
9235,Mark Taylor Men Plain Blue Shirts,images\9235.jpg,90.06
14893,United Colors of Benetton Women Solid Blue Bags,images\14893.jpg,58.4
15941,Turtle Men Leather Black Belts,images\15941.jpg,61.57
53768,Puma Men Blue T-shirt,images\53768.jpg,163.09
21348,Pal Zileri Men Casual Metal Frame Sunglasses,images\21348.jpg,58.65
59252,Titan Men White Dial Automatic Watch NB9365SL01,images\59252.jpg,125.4
6619,ADIDAS Men's Boris White Shoe,images\6619.jpg,28.45
54915,Do u speak Cream Men T-shirt,images\54915.jpg,115.56
50589,Chromozome Men Navy Blue Briefs,images\50589.jpg,37.56
42870,French Connection Women Purple Handbag,images\42870.jpg,21.7
18206,Manchester United Men Solid Black Cap,images\18206.jpg,106.05
54129,Rocia Women Beige Flats,images\54129.jpg,161.88
23847,ADIDAS Men White Duramo 3 Sports Shoes,images\23847.jpg,40.39
48576,Revv Men Steel Bracelet,images\48576.jpg,133.23
9651,Indigo Nation Men Checks Green Shirts,images\9651.jpg,103.84
8783,Indigo Nation Men Bling PC Red Shirt,images\8783.jpg,12.71
4972,Gini and Jony Boy's Kangaroo Green White Kidswear,images\4972.jpg,186.61
38601,Nike Men Printed Red T-shirt,images\38601.jpg,13.48
45269,CASIO Youth Series Digital Men Black Small Dial Digital Watch W-210-1CVDF I065,images\45269.jpg,177.3
11985,Fila Men Glow Black Sports Shoes,images\11985.jpg,141.49
59636,FNF Sea Green Collection For Wedding Sari,images\59636.jpg,148.63
15519,Rockport Men Jelba Brown Flip Flops,images\15519.jpg,191.07
10857,Wrangler Men Rider Striper Polo White T-Shirts,images\10857.jpg,18.32
10259,John Miller Men Reglur Black Trousers,images\10259.jpg,26.91
53902,Kiara Women Brown Handbag,images\53902.jpg,136.35
38433,Baggit Women Green Mobile Pouch,images\38433.jpg,45.92
40529,Titan Women White Dial Watch,images\40529.jpg,91.27
59404,Tokyo Talkies Women Blue Top,images\59404.jpg,56.25
25982,J. DEL POZO Women In White Perfume 100 ml,images\25982.jpg,113.65
44189,iPanema Women Pink Flip Flops,images\44189.jpg,169.88
24850,Indigo Nation Men Formal Brown Belts,images\24850.jpg,21.68
23249,Arrow Men Formal Black Shoes,images\23249.jpg,64.79
18808,Peter England Men Casual Navy Blue Belt,images\18808.jpg,81.44
51669,Louis Philippe Men Grey Sunglasses,images\51669.jpg,12.26
3965,Jealous 21 Women White Sleeveless Top,images\3965.jpg,47.36
29773,Wrangler Men Green Striped Shirt,images\29773.jpg,117.58
48744,Revv Men Steel Bangle,images\48744.jpg,82.2
17840,Nike Men Air Quick Handle Red Sports Shoe,images\17840.jpg,28.44
9463,John Miller Men White Shirt,images\9463.jpg,35.62
18034,Lino Perros Women Solid Beige Handbag,images\18034.jpg,170.75
16992,Puma Women Dizzy  Black Belt,images\16992.jpg,13.87
3159,Nike Men's Air Max Moto White Blue Shoe,images\3159.jpg,67.46
49696,Park Avenue Blue Patterned Tie,images\49696.jpg,154.36
14858,United Colors of Benetton Women Solid Red Wallets,images\14858.jpg,155.52
33646,Lotto Men Ridge Black Sandals,images\33646.jpg,178.99
57303,Rocia Women Brown Wedges,images\57303.jpg,44.64
11516,Catwalk Women Lifestyle Black Heels,images\11516.jpg,163.37
41266,Arrow Men Brown Wallet,images\41266.jpg,185.48
20251,Wrangler Men Heavy Grey Tshirt,images\20251.jpg,116.37
14064,Flying Machine Men Pack of 2 Stripes Red Blue Tshirts,images\14064.jpg,69.5
44714,Lotto Men Maroon Juve Flip Flop,images\44714.jpg,106.19
5433,Nike Men's Speed Fury Red T-shirt,images\5433.jpg,127.99
52671,Morellato Men Navy Blue Watch,images\52671.jpg,52.13
59299,U.S. Polo Assn. Men Striped Blue Shirt,images\59299.jpg,91.85
49837,iPanema Women Blue Flip Flops,images\49837.jpg,175.34
16733,Lotto Men Earth Black Slipper,images\16733.jpg,71.34
7364,Red Tape Men's Brown casual Shoe,images\7364.jpg,111.29
34463,ADIDAS Unisex Black Backpack,images\34463.jpg,148.35
47191,Franco Leone Men Black Formal Shoes,images\47191.jpg,172.72
27848,Scullers For Her Navy Blue T-shirt,images\27848.jpg,52.77
31111,Gini and Jony Boys Solid Black Jeans,images\31111.jpg,176.17
55454,Revlon Velvet Touch Royal Burgundy Lipstick 96,images\55454.jpg,167.63
12393,Reid & Taylor Men Solid Black Socks,images\12393.jpg,182.61
13241,Palm Tree Kids Boys Solid White Jackets,images\13241.jpg,23.0
54586,Sushilas Women Printed Green Kurta,images\54586.jpg,165.27
27074,Catwalk Women Blue Casual Flats,images\27074.jpg,153.83
2616,Carlton London Women Gold Wedge Sandal,images\2616.jpg,62.39
43531,French Connection Women Off White Top,images\43531.jpg,118.94
46271,109F Blue A-Line Dress,images\46271.jpg,65.41
35783,Enroute Women Turquoise Blue Flats,images\35783.jpg,124.93
7156,Scullers Men Black Check Shirt,images\7156.jpg,105.52
22734,Nike Women Grey Lunarglide +3 Sports Shoes,images\22734.jpg,94.76
8922,Puma Men Cat  White Belt,images\8922.jpg,81.36
16501,Locomotive Men Printed Brown TShirt,images\16501.jpg,163.62
50314,Park Avenue Men Brown Tie,images\50314.jpg,73.41
34651,Fila Women Top Fuel Black Sports Shoes,images\34651.jpg,141.21
6084,UCB Men's Johny Collar With Two Tone White T-shirt,images\6084.jpg,17.86
19549,United Colors of Benetton Men Solid Grey Sweatshirt,images\19549.jpg,193.01
49239,Arrow Men White Cap,images\49239.jpg,169.38
31323,Aurelia Women Printed Red Kurta,images\31323.jpg,159.38
43703,Royal Diadem Red Earring & Pendant Set,images\43703.jpg,61.55
13073,Numero Uno Men White Shoes,images\13073.jpg,118.71
57131,Elle Women Teal Top,images\57131.jpg,101.33
40186,Mumbai Slang Women Pink & Black Kurti,images\40186.jpg,178.68
58945,Taylor of London Women White Satin Perfume,images\58945.jpg,57.1
33474,Baggit Women Chotu Dum Blue Belt,images\33474.jpg,126.45
59897,Femella Women Yellow Dress,images\59897.jpg,72.1
11724,Lee Women Check Red Shirts,images\11724.jpg,152.28
5601,Nike Men's Splash Thong Yellow Black Flip Flop,images\5601.jpg,108.32
20063,United Colors Of Benetton Women Black Muffler,images\20063.jpg,89.98
53591,Q&Q Men White Dial Watch,images\53591.jpg,194.63
58179,Rocky S Women Blue Handbag,images\58179.jpg,114.88
39972,GAS Men Grey Campus Casual Shoes,images\39972.jpg,133.97
15384,Filac Men Hawai Black Slippers,images\15384.jpg,104.84
52443,Red Rose White & Green Nightdress,images\52443.jpg,135.31
41868,Estd. 1977 Men Turquoise Blue Sandals,images\41868.jpg,84.17
36106,OTLS Men Laurel Black Wallet,images\36106.jpg,103.83
23282,Maxima Men Off White Dial Watch,images\23282.jpg,116.54
34235,Proline Men Cream-Coloured Polo T-Shirt,images\34235.jpg,81.4
46615,Catwalk Women Red Flats,images\46615.jpg,141.82
19911,Wildcraft Unisex Grey Printed Messenger Bag,images\19911.jpg,125.48
7532,Nike Men's Encourage Blue T-shirt,images\7532.jpg,191.19
22350,John Players Men Check Blue Shirt,images\22350.jpg,22.09
16165,Enroute Men Leather Brown Casual Shoes,images\16165.jpg,128.71
2040,ADIDAS Mens Fire White Polo T-shirt,images\2040.jpg,78.56
30695,Catwalk Women Bronze toned Sandals,images\30695.jpg,122.92
43367,Reebok Women Black Casual Shoes,images\43367.jpg,124.27
13417,United Colors of Benetton Men Solid Blue Shirts,images\13417.jpg,156.65
27622,Scullers Men Grey Trousers,images\27622.jpg,173.65
55202,Lakme Lip Love Hottie Lip Conditioner,images\55202.jpg,188.15
3192,Tantra Men's Prism Black T-shirt,images\3192.jpg,87.13
16959,Image Women Classic Eyewear Brown Sunglasses,images\16959.jpg,157.56
11340,Lee Men Blue Chicago Fit Jeans,images\11340.jpg,33.7
25175,Lino Perros Women Red and Grey Handbag,images\25175.jpg,46.04
10292,Clarks Women Brown Leather Heels,images\10292.jpg,184.57
57555,Lotus Herbals SPF-10 Tulip Love Lipstick 417,images\57555.jpg,54.9
52027,Just Natural Unisex Navy Blue Rain Jacket,images\52027.jpg,172.78
36562,Jack & Jones Men Dino White T-shirt,images\36562.jpg,154.66
25949,Femella Women Printed Brown Scarf,images\25949.jpg,156.93
44142,dunhill Men Fresh Perfume,images\44142.jpg,91.77
5265,Wildcraft Unisex Black & Red Messenger Bag,images\5265.jpg,151.78
14632,United Colors of Benetton Men Solid Green Mufflers,images\14632.jpg,14.15
11172,Scullers Men Stripes Red Sweaters,images\11172.jpg,159.22
25347,Levi's Men White Brief,images\25347.jpg,108.18
39718,Arrow Woman Beige Top,images\39718.jpg,164.02
41602,Basics Men Navy Shirt,images\41602.jpg,176.3
33222,Sepia Women Brown Tunic,images\33222.jpg,131.0
24295,Quiksilver Men Black Socks,images\24295.jpg,196.52
57767,Lotus Herbals Whiteglow Yogurt Skin Whitening & Brightening Face Masque 80 g,images\57767.jpg,88.68
36750,Little Miss Girls Chatterbox Navy Blue Dress,images\36750.jpg,132.73
37682,American Tourister Unisex Black Backpack,images\37682.jpg,26.55
34007,Gini and Jony Girls Pink Top,images\34007.jpg,179.79
50542,Chromozome Men Red Briefs,images\50542.jpg,44.15
17285,U.S. Polo Assn. Men Solid Black  polo Tshirt,images\17285.jpg,99.93
43969,DKNY Women Delicious Night Perfume,images\43969.jpg,65.73
28458,Urban Yoga Women Blue Capris,images\28458.jpg,111.44
22162,Timberland Men Black Casual Shoes,images\22162.jpg,160.51
16357,Peter England Men Stripes Blue Shirt,images\16357.jpg,135.64
46427,Timex Men Black Dial Watch,images\46427.jpg,132.19
7700,Jealous 21 Women's All Girls Dying Jealousy Pink Top,images\7700.jpg,146.5
27410,Jockey Women Assorted Lounge Pants,images\27410.jpg,187.05
2272,Nike Mens Blue Polo T-shirt,images\2272.jpg,187.91
43155,Fastrack Women Black Dial Watch,images\43155.jpg,76.37
42087,ADIDAS Men White Aztek Shoes,images\42087.jpg,96.53
8748,Indigo Nation Men Plain Orange Shirts,images\8748.jpg,125.49
55030,Lakme Absolute Matte Milan Red Lipstick 48,images\55030.jpg,135.89
17043,Gas Men Skate 003 Casual Shoe,images\17043.jpg,172.16
50784,Clarks Women Cream Coloured Onslow Beat Leather Wedges,images\50784.jpg,57.18
2888,Catwalk Women Wedding Heeled Bronze Heels,images\2888.jpg,140.79
23276,Maxima Ssteele Men Black Watch,images\23276.jpg,79.94
6414,Lotto Men's Thong Blue White Flip Flop,images\6414.jpg,112.51
18837,Peter England Men Formal Brown Belt,images\18837.jpg,87.31
35313,Fabindia Women Anusuya Silver Earrings,images\35313.jpg,54.88
51656,Fossil Men Black Dial Chronograph Watch CH2737,images\51656.jpg,23.36
16191,Puma Men Graphic White TShirt,images\16191.jpg,194.64
30661,Park Avenue Men Black Sunglasses,images\30661.jpg,158.68
43393,Lino Perros Men Brown Wallet,images\43393.jpg,18.1
26704,Nike Men White T-Lite 9 SL Shoes,images\26704.jpg,25.38
12531,Puma Women Solid Pink Sweatshirts,images\12531.jpg,110.52
42241,Sepia Women Purple Top,images\42241.jpg,51.63
56473,Streetwear Grape Shimmer Nail Polish 41,images\56473.jpg,75.54
25181,Lino Perros Women Leatherite Brown Handbag,images\25181.jpg,173.57
24053,Locomotive Men Printed Charcoal T-shirt,images\24053.jpg,140.9
10266,Clarks Men Goto Hi Cola Suede Brown Shoes,images\10266.jpg,12.58
40516,Titan Men White Dial Watch,images\40516.jpg,109.76
15714,Nike Men Free Run+ 2 Black Sports Shoes,images\15714.jpg,77.94
21521,Kiara Women Rose Pink Handbag,images\21521.jpg,183.54
4343,Fila Men Leonard Red Shoes,images\4343.jpg,101.57
5291,Lee Cooper Men Black Semi Formal Shoe,images\5291.jpg,108.99
53101,Fabindia Silver Drop Earrings,images\53101.jpg,18.14
32304,Q&Q Women White Dial Watch,images\32304.jpg,14.03
57793,Lotus Herbals Natural Blend Botanical Compact 550,images\57793.jpg,130.37
10054,Reebok Kids Kkr Boy's Premium Blue Jerseys,images\10054.jpg,52.26
4171,Reebok Men's Easytone Inspire White Shoe,images\4171.jpg,131.74
45256,Casio Edifice Men Analog Watch EF-130D-1A5VDF(ED419),images\45256.jpg,119.75
59609,FNF Khaki Collection for Wedding Sari,images\59609.jpg,128.81
15526,Rockport Women Jeanie Oneband Brown Flats,images\15526.jpg,132.53
21713,Fossil Men Blue Dial Chronograph Watch CH2752,images\21713.jpg,14.41
44384,Spinz Women Enchante Deo,images\44384.jpg,77.1
37676,American Tourister Unisex Black Backpack,images\37676.jpg,176.93
6626,ADIDAS Men's Canon Dialect Blue Yellow Shoe,images\6626.jpg,174.4
47501,Footfun Kids Unisex Red Shoes,images\47501.jpg,73.28
17271,U.S. Polo Assn. Men Stripes DK.Grey Polo Tshirt,images\17271.jpg,96.83
23044,Arrow Woman Brown Jeggings,images\23044.jpg,12.02
22196,Timberland Men Black Casual Shoes,images\22196.jpg,61.54
51464,Tonga Women Olive Top,images\51464.jpg,118.66
54116,Rocia Women Maroon Sandals,images\54116.jpg,49.12
30453,Deni Yo Men White Jeans,images\30453.jpg,159.44
2286,Nike Men Black Sweatshirt,images\2286.jpg,82.12
23878,Fila Women Sleeker Green Check Casual Shoes,images\23878.jpg,124.13
48549,Wrangler Women Black Belt,images\48549.jpg,51.8
42073,American Tourister Men Black Wallet,images\42073.jpg,90.17
31581,Mark Taylor Men Printed Blue T-shirt,images\31581.jpg,71.41
3354,Myntra Men's I Give 100 Percent Work White T-shirt,images\3354.jpg,169.13
26536,ID Men White Shoes,images\26536.jpg,138.31
12703,Nike Women Downshifter White Sports Shoes,images\12703.jpg,35.38
24605,Vishudh Women Pink Churidar Kurta with Dupatta,images\24605.jpg,164.29
10430,Flying Machine Men Ydc Blue Shirts,images\10430.jpg,38.02
56225,SDL by Sweet Dreams Men Black & Grey Pyjama Set,images\56225.jpg,138.95
39388,Peter England Men Black Jeans,images\39388.jpg,15.82
14090,Flying Machine Men Stripes Blue Polo Tshirts,images\14090.jpg,148.33
53757,Puma Women Speeder Wns Ind White Sports Shoes,images\53757.jpg,55.79
37212,United Colors of Benetton Men Pink Shirt,images\37212.jpg,102.17
4515,Puma Men's Tarun White Silver Red Shoe,images\4515.jpg,142.28
45632,Park Avenue Men Grey Melange Briefs,images\45632.jpg,128.01
51000,Enamor Maroon Bra FB06,images\51000.jpg,75.09
7390,Red Tape Men Brown Shoes,images\7390.jpg,63.82
35545,Enroute Teens Brown Sandals,images\35545.jpg,78.22
6242,Lee Women's Rihana Purple T-shirt,images\6242.jpg,103.23
47165,Peter England Men Black Belt,images\47165.jpg,14.56
17615,Doodle Boys living Upto White Tshirt,images\17615.jpg,172.63
48911,Lucera Women Silver Pendant with Chain,images\48911.jpg,79.55
29926,Police Men Black Dial Watch PL12778MSU-61,images\29926.jpg,170.67
42417,American Tourister Unisex Purple Messenger Bag,images\42417.jpg,127.29
3730,CSK Mens Fangear Yellow Jersey,images\3730.jpg,197.29
26152,John Miller Men Striped Grey Trousers,images\26152.jpg,57.4
12367,Reid & Taylor Men White Shirt,images\12367.jpg,144.34
54572,Sushilas Women Multi Coloured Kurta,images\54572.jpg,105.76
27080,Catwalk Women Silver Flats,images\27080.jpg,110.37
30037,SKAGEN DENMARK Men Silver-Toned Dial Watch 233LSS,images\30037.jpg,106.62
46285,109F Women Multi Coloured Dress,images\46285.jpg,143.9
12969,ADIDAS Men Snova Glide Blue Sports Shoes,images\12969.jpg,172.17
35777,Force 10 Men Black & Green Sports Shoes,images\35777.jpg,192.98
51232,Satya Paul Women Green Printed Kaftan,images\51232.jpg,152.67
17427,CASIO G-Shock Men White Analogue & Digital Watch G274,images\17427.jpg,126.52
9804,John Miller Men Black Checks Shirts,images\9804.jpg,34.13
23612,Nike Fragrances Women Sensual Touch Perfume,images\23612.jpg,56.47
6070,UCB Women's Young Pigment Blue T-shirt,images\6070.jpg,77.75
47357,Baggit Women Purple Phulrani Brush Mobile Pouch,images\47357.jpg,175.65
26360,Arrow Woman Grey T-shirt,images\26360.jpg,175.56
12155,Aurelia Women Solid Beige Leggings,images\12155.jpg,195.37
42625,Estelle Women Earrings,images\42625.jpg,171.63
3502,ADIDAS Women's Black T-shirt,images\3502.jpg,115.54
30205,Nike Women Track Tote Pink Handbag,images\30205.jpg,97.59
9038,Buckaroo Men Medina Brown Formal Shoes,images\9038.jpg,86.09
54740,Vans Men Black Era Shoes,images\54740.jpg,112.79
13087,Timberland Unisex Casual Brown Casual Shoes,images\13087.jpg,59.21
10602,Nike Men Football Soccer Red Jerseys,images\10602.jpg,87.37
40172,Fastrack Men UV protected Sporty Wrap Sunglasses,images\40172.jpg,165.48
33480,Baggit Women Purple Belt,images\33480.jpg,96.75
59863,Olay Women Total Effects Anti-Ageing Eye Cream,images\59863.jpg,191.5
32552,Playboy Men Black Shoes,images\32552.jpg,182.62
21979,Murcia Women Casual Black Clutch,images\21979.jpg,55.65
56017,Colorbar Soft Touch Wood Heart Lipstick 039,images\56017.jpg,40.18
20097,Diva Women Printed White Kurta,images\20097.jpg,118.55
53565,Q&Q Men Black Dial Watch,images\53565.jpg,167.43
15370,Urban Yoga Women Solid Pink Sweatshirts,images\15370.jpg,97.06
39986,Gas Men Mila Navy Blue Shoes,images\39986.jpg,22.35
21145,s.Oliver Women Printed Black Shirt,images\21145.jpg,56.38
4727,Disney Kids Boy's Regatta Annual Blue Teen Kidswear,images\4727.jpg,126.27
45400,Rocia Women Maroon Sandals,images\45400.jpg,68.38
38434,Baggit Women Blue Handbag,images\38434.jpg,67.4
53905,Kiara Women Beige Handbag,images\53905.jpg,107.05
1609,Reebok Women Boat-Neck Wildberry Sweatshirt,images\1609.jpg,143.23
57599,Lotus Herbals Moistpetals Berry Punch Lipstick 121,images\57599.jpg,179.0
25985,J.Del Pozo Halloween Women Perfume,images\25985.jpg,119.85
59403,Tokyo Talkies Women White T-shirt,images\59403.jpg,55.24
21519,Kiara Women Glossy White Handbag,images\21519.jpg,29.36
53139,Catwalk Women Blue & White Sandals,images\53139.jpg,25.61
29774,Wrangler Men Purple Striped Shirt,images\29774.jpg,20.82
3962,Jealous 21 Women Black Shimmery Falling Neck Top,images\3962.jpg,196.2
18033,Lino Perros Women Solid Brown Handbag,images\18033.jpg,185.6
17847,Nike Men Air Impetus II White Sports Shoe,images\17847.jpg,155.46
9464,John Miller Men  White Shirt,images\9464.jpg,90.75
48743,Revv Men Steel Bangle,images\48743.jpg,38.14
16995,Rocia Women Casual Black Sandal,images\16995.jpg,59.3
12509,Red Tape Men Casual Brown Casual Shoes,images\12509.jpg,174.01
17249,U.S. Polo Assn. Men Printed Limoges Blue Tshirt,images\17249.jpg,113.84
47539,Portia Women White Flats,images\47539.jpg,174.41
29546,Classic Polo Men Black T-shirt,images\29546.jpg,129.1
42877,French Connection Women Maroon Wallet,images\42877.jpg,68.43
9656,Indigo Nation Men Bling Technification Red Black Shirts,images\9656.jpg,192.6
23840,ADIDAS Men Brown Shoes,images\23840.jpg,43.21
43199,Fastrack Men Gunmetal-Toned Dial Watch NA3015AL01,images\43199.jpg,62.75
18201,Nike Men Casual Olive Jacket,images\18201.jpg,96.77
35925,Peperone Women Yellow Clutch,images\35925.jpg,193.28
8784,Fastrack Unisex Brown Sunglasses,images\8784.jpg,139.63
4975,Gini and Jony Boy's Kent Pack of 3 Tee Kidswear,images\4975.jpg,165.95
56679,Portia Women Brown Sandals,images\56679.jpg,41.29
24259,Numero Uno Men Navy Blue Shoes,images\24259.jpg,22.13
38606,Nike Men Printed Boxed White T-shirt,images\38606.jpg,153.8
59631,FNF Red & Gold Collection for Wedding Sari,images\59631.jpg,108.77
4149,Nike Women Free White Pink Shoe,images\4149.jpg,118.12
10850,Wrangler Men Famous Filafil Blue T-Shirts,images\10850.jpg,184.77
26956,Jealous 21 Women Black Top,images\26956.jpg,139.5
29122,Puma Unisex Cat Logo Black Cap,images\29122.jpg,174.35
51038,Enamor Women Lupine Coloured Briefs,images\51038.jpg,171.42
30833,Fabindia Women Beige Kurta,images\30833.jpg,85.51
48929,Lucera Women Silver Ring,images\48929.jpg,158.16
27884,Scullers For Her Blue Shirt,images\27884.jpg,11.59
55498,Revlon ColorBurst Strawberry Lip Gloss 06,images\55498.jpg,62.03
3708,Classic Polo Men's Navy Grey Stripe T-shirt,images\3708.jpg,194.31
48115,Fossil Women Black Midnight  Belt,images\48115.jpg,177.36
18665,Fila Men Syncro White Shoes,images\18665.jpg,25.97
47961,French Connection Women Grey Clutch,images\47961.jpg,35.64
10408,United Colors of Benetton Women Solid Black Tops,images\10408.jpg,78.85
14894,United Colors of Benetton Women Solid Black Bags,images\14894.jpg,177.7
15946,Turtle Men Solid Black Ties,images\15946.jpg,23.11
1863,Inkfruit Men Night Wolf T-shirt,images\1863.jpg,123.06
59255,Titan Men Black Watch,images\59255.jpg,56.4
20893,Basics Men Black Casual Shoes,images\20893.jpg,180.04
58989,Cavallini Men Deo,images\58989.jpg,95.84
38050,Q&Q Men Black Digital Watch M119J003Y,images\38050.jpg,169.37
39182,Aneri Women Magenta & Black Kurta,images\39182.jpg,196.4
41098,Allen Solly Woman Cream Top,images\41098.jpg,168.05
21941,Murcia Women Casual Black Handbag,images\21941.jpg,169.7
56813,Aneri Women Multi Coloured Kurti,images\56813.jpg,163.51
59067,Peri Peri Women Black Bra,images\59067.jpg,142.8
15348,Nike Men Special Edition 3 Star Polo Black Tshirts,images\15348.jpg,29.94
12951,Basics Men Blue Slim Fit Checked Shirt,images\12951.jpg,162.32
6048,UCB Men Ben Logo Black Shirt,images\6048.jpg,174.71
13883,Scullers Men Check Purple Shirts,images\13883.jpg,197.78
19585,United Colors of Benetton Women Solid Blue Top,images\19585.jpg,103.99
6874,Forever New Women Pink Sleeveless Dress,images\6874.jpg,17.04
18457,Nautica Blue Men Perfumes,images\18457.jpg,62.44
9000,Puma Men Archive Boot WTR Brown Casual Shoes,images\9000.jpg,33.98
48327,Pitaraa Women Green Sling Bag,images\48327.jpg,157.29
35589,Gliders Men Yellow Sandals,images\35589.jpg,15.19
31915,Fabindia Women Green Silk Clutch,images\31915.jpg,84.62
28004,Jockey ZONE Men Black Modern Trunks US19,images\28004.jpg,162.16
27870,Scullers For Her Women White Striped Shirt,images\27870.jpg,100.35
19743,United colors of benetton Women Blue Cap,images\19743.jpg,156.77
49033,Lucera Women Silver Ring,images\49033.jpg,42.04
8314,Locomotive Men Check Lafayette Blue Shirts,images\8314.jpg,162.73
31129,Giny and Jony Girls Printed White & Pink Dress,images\31129.jpg,107.94
43509,French Connection Women Grey Melange Dress,images\43509.jpg,190.75
18691,Hanes Men Black Modern Duo Dry Cotton Stretch Trunks,images\18691.jpg,72.64
47995,Helix Men Black Watch,images\47995.jpg,174.04
38296,Reid & Taylor Men Brown Wallet,images\38296.jpg,88.53
14860,United Colors of Benetton Women Solid Grey Charcoal Wallets,images\14860.jpg,181.7
39344,Mr. Men Green T-shirt,images\39344.jpg,63.58
1897,FIFA Men Germany Blue Jersey,images\1897.jpg,127.93
52649,Mod'acc Women Orange Handbag,images\52649.jpg,57.07
57109,Elle Women Blue Tunic,images\57109.jpg,34.39
36902,Fossil Men Silver-Toned Dial Chronograph Watch FS4643,images\36902.jpg,27.37
25529,Wrangler Men Griffith White Shirt,images\25529.jpg,148.35
39176,Aneri Women Purple Kurta,images\39176.jpg,71.64
40982,Gini and Jony Boys Core White T-shirt,images\40982.jpg,157.47
58141,Rreverie Silver Earrings,images\58141.jpg,37.92
57935,Clarks Men Black Leather Closed Sandals,images\57935.jpg,161.79
59093,Peri Peri Women White Bra,images\59093.jpg,34.09
41850,Genesis Men Pack of 3 Socks,images\41850.jpg,194.75
21189,Quiksilver Unisex Blue Backpack,images\21189.jpg,189.75
16539,Basics Men White Slim Fit Striped Shirt,images\16539.jpg,58.99
46249,Fusion Beats Women Dark Pink Tunic,images\46249.jpg,38.52
13877,Scullers Men Solid Maroon Shirts,images\13877.jpg,162.98
28236,Secret Temptation Women Mystery Deo,images\28236.jpg,149.46
8126,Fastrack Men Non Leather Brown Belts,images\8126.jpg,97.56
19571,United Colors of Benetton Men Printed Black TShirt,images\19571.jpg,12.9
12199,Basics Men Blue Polo T-shirt,images\12199.jpg,27.29
7952,Puma Men's Knit Polo Black  Polo T-shirt,images\7952.jpg,22.43
6880,Forever New Women Long Black Jacket,images\6880.jpg,52.72
11378,United Colors of Benetton Men Summer White Shirts,images\11378.jpg,177.82
45894,Maxima Men Black Dial Watch,images\45894.jpg,181.99
39512,Peter England Unisex Black Backpack,images\39512.jpg,61.02
52823,Adrika Green Earrings,images\52823.jpg,42.88
41408,Wrangler Women Red Stay Gold Tee Top,images\41408.jpg,54.14
33028,Mother Earth Women Printed Blue Kurta,images\33028.jpg,187.64
25971,Femella Women Black Dress,images\25971.jpg,99.75
58525,Wildcraft Unisex Green Chalk Bag,images\58525.jpg,118.65
37488,Esprit Women Silver Dial Watch,images\37488.jpg,44.78
2844,Mr.Men Men's Mr.Busy Navy T-shirt,images\2844.jpg,195.98
50748,Red Chief Men Brown Shoes,images\50748.jpg,37.4
28652,Nike Men Tiempo Natural IV Black Sports Shoes,images\28652.jpg,74.24
29780,Basics Men Black Trousers,images\29780.jpg,34.6
22368,Ed Hardy Men Diving Dragon Peach T-Shirt,images\22368.jpg,144.87
3996,Spalding Men Black Flip Flops,images\3996.jpg,126.3
19929,Reid & Taylor Men Formal Blue Tie+Cufflink+Pocket square - Combo Pack,images\19929.jpg,20.03
2078,ADIDAS Women Fitted Black T-shirt,images\2078.jpg,181.77
9490,Puma Unisex Deck Black Backpacks,images\9490.jpg,21.36
49665,United Colors of Benetton Men Sunglass,images\49665.jpg,153.39
8542,Crocs Women Abf Single Flip Slippers,images\8542.jpg,178.14
16961,Image Men Sunglasses,images\16961.jpg,180.45
19115,Campbell Men Pack of 3 Solid Tshirts,images\19115.jpg,49.39
28460,Urban Yoga Women Pink Shorts,images\28460.jpg,60.7
23088,Arrow Sport Men Dk.Grey Brown Trousers,images\23088.jpg,175.75
43951,Catwalk Women Bronze Heels,images\43951.jpg,97.74
55834,Colorbar Miss Reflective Body Shimmer 001,images\55834.jpg,44.46
42883,French Connection Women Black Sling Bag,images\42883.jpg,90.68
48585,Lucera Women Silver Bracelet,images\48585.jpg,149.04
34803,Flying Machine Men Woven Green Belt,images\34803.jpg,120.5
27428,Jockey Women Black V-neck T-Shirt,images\27428.jpg,152.29
55008,Lakme Sheer Satin Lip Gloss 41,images\55008.jpg,127.07
19327,Myntra Men Solid Blue Sweatshirt,images\19327.jpg,75.11
3398,Murcia Women Black Handbag,images\3398.jpg,192.51
39720,Arrow Woman Olive Jumpsuit,images\39720.jpg,58.94
10098,Fastrack Men Analogue Plastic White Watch,images\10098.jpg,197.38
5853,ADIDAS Women Blue Handbag,images\5853.jpg,199.17
11976,Fila Men Paramount Plus Black Shoes,images\11976.jpg,144.84
36768,Maxima Men Gold Dial Watch,images\36768.jpg,83.01
44348,Indian Terrain Men Brown Check Shirt,images\44348.jpg,147.81
14438,Enroute Women Casual Yellow Heels,images\14438.jpg,74.72
46282,109F Women Yellow Tunic,images\46282.jpg,70.42
47350,Baggit Women Green Bag,images\47350.jpg,177.65
23615,Nike Fragrances Women Basic Perfume,images\23615.jpg,39.63
17420,Casio Enticer Men Black Dial Analogue Watch A479,images\17420.jpg,53.8
9803,Scullers For Her Women Scullers Top Navy Blue Tops,images\9803.jpg,156.52
3505,ADIDAS Women Adi Light White Fresh Shoe,images\3505.jpg,172.86
42622,Estelle Women Earrings,images\42622.jpg,25.07
12152,Aurelia Women Printed Purple Kurti,images\12152.jpg,118.15
26367,Arrow Woman Lavender Shirt,images\26367.jpg,163.5
18468,Reebok Reelive Women Perfumes,images\18468.jpg,194.65
13080,Numero Uno Men Black Casual Shoes,images\13080.jpg,117.72
48318,Pitaraa Silver Omelette Thin Bracelet,images\48318.jpg,84.08
30202,Nike Unisex Classic Turf Navy Blue Backpack,images\30202.jpg,190.57
33487,Doodle Kids Boy Check Red Shirt,images\33487.jpg,26.31
40175,Fastrack Men Revo Coated Sporty Wrap Sunglasses,images\40175.jpg,195.55
10605,Esprit Women Houston Funny Pink Watches,images\10605.jpg,128.95
56010,Colorbar Velvet Matte Hot Hot Hot Red Lipstick 01R,images\56010.jpg,70.89
32555,Playboy Men White Shoes,images\32555.jpg,132.91
53562,Q&Q Unisex Blue Dial Watch,images\53562.jpg,165.55
40949,Gini and Jony Boys Around the World White T-shirt,images\40949.jpg,198.45
45407,Rocia Women Brown Sandals,images\45407.jpg,29.53
4720,Disney Kids Girl's Fun In The Fair Yellow Teen Kidswear,images\4720.jpg,103.36
21142,s.Oliver Women Grey Top,images\21142.jpg,157.48
39981,Gas Men Jack Grey Shoes,images\39981.jpg,118.44
59058,Global Desi Women Black Kurti,images\59058.jpg,127.86
15377,Fila Men Lobato Navy Blue Casual Shoes,images\15377.jpg,141.41
10437,Flying Machine Men HS Green Shirts,images\10437.jpg,192.01
24602,BIba Women Blue Printed Kurta,images\24602.jpg,156.68
32767,John Miller Men Striped White Shirt,images\32767.jpg,180.68
56222,SDL by Sweet Dreams Men Blue & Grey Pyjama Set,images\56222.jpg,164.88
37215,United Colors of Benetton Men Grey Shirt,images\37215.jpg,151.29
14097,Flying Machine Men Blue Polo Tshirts,images\14097.jpg,21.84
53750,ADIDAS Women Dark Grey Track Pant,images\53750.jpg,148.72
52682,Morellato Men Silver Dial Watch,images\52682.jpg,80.57
15145,Arrow Sport Men Printed Navy Blue Shirts,images\15145.jpg,137.59
45635,Park Avenue Men White Briefs FB003,images\45635.jpg,128.15
4512,Lotto Women Osaka Grey Violet Shoe,images\4512.jpg,50.86
7397,Red Tape Men's Black Formal Shoe,images\7397.jpg,105.42
35542,Enroute Kids Girls Pink Sandals,images\35542.jpg,93.06
26969,Jealous 21 Women Printed White & Blue Top,images\26969.jpg,93.06
51007,Enamor Black Full Figure Bra,images\51007.jpg,64.59
48916,Lucera Women Silver Pendant,images\48916.jpg,190.2
17612,Doodle Cute Girls  Grey Tshirt,images\17612.jpg,148.18
47162,Peter England Men Brown Belt,images\47162.jpg,125.83
6245,UCB Men's Contrast Logo Grey T-shirt,images\6245.jpg,117.19
19788,U.S. Polo Assn. Men Solid Green Tshirt,images\19788.jpg,103.14
12360,Reid & Taylor Men Solid Black Shirts,images\12360.jpg,30.59
26155,John Miller Men Striped Grey Trousers,images\26155.jpg,22.97
3737,Lotto Unisex Kochi Tuskers Sovenior Purple Orange Cap,images\3737.jpg,184.78
42410,Basics Men White Hip Brief,images\42410.jpg,82.06
29921,Police Men Black Dial Chronograph Watch PL12777JS-02M,images\29921.jpg,95.36
27087,Aneri Women Egyptian Black Kurta,images\27087.jpg,178.97
54575,Sushilas Women Printed Maroon Kurta,images\54575.jpg,50.69
32303,Q&Q Men Black Dial Watch,images\32303.jpg,98.8
56646,Mumbai Slang Women White Kurti,images\56646.jpg,173.89
5898,Puma Men Tekkies Jam Blue Shoe,images\5898.jpg,198.64
57794,Lotus Herbals Pomegranate & Plum Energizing Skin Polisher,images\57794.jpg,157.68
10053,Gini And Jony Vini Romper Pink T-Shirts,images\10053.jpg,122.89
24266,Quiksilver Men Red T-shirt,images\24266.jpg,12.91
38639,Nike Men Blue Cricket Blue Polo Tshirt,images\38639.jpg,182.12
15521,Rockport Men Jelbalp Black Flip Flops,images\15521.jpg,101.87
45251,Casio Youth Series Men Digital Watch W-734-1AVDF(D090),images\45251.jpg,17.96
37671,American Tourister Unisex Black Backpack,images\37671.jpg,22.13
44383,Spinz Women Exotic Deo,images\44383.jpg,26.57
23043,Arrow Woman Blue Jeggings,images\23043.jpg,175.38
17276,U.S. Polo Assn. Men Printed Mustard Tshirt,images\17276.jpg,102.58
47506,Facit Men Blue Innerwear Vest,images\47506.jpg,35.48
6621,ADIDAS Men's Boris Black Shoe,images\6621.jpg,162.45
51463,Tonga Women Black Top,images\51463.jpg,52.44
42848,French Connection Women Brown Wallet,images\42848.jpg,108.61
22191,Timberland Men Light Brown Casual Shoes,images\22191.jpg,105.43
9669,Indigo Nation Men Checks Blue Shirts,images\9669.jpg,27.68
54111,Rocia Women Copper Flats,images\54111.jpg,103.34
12704,Nike Men Air Relentness Grey Sports Shoes,images\12704.jpg,19.54
26531,Gas Men Arunta Olive Casual Shoes,images\26531.jpg,85.27
31586,Mark Taylor Men Printed Yellow T-shirt,images\31586.jpg,157.46
3353,Myntra Men's I am a nice guy Navy Blue T-shirt,images\3353.jpg,142.01
42074,American Tourister Men Black Coin Passcase Wallet,images\42074.jpg,110.9
47734,Murcia Women Grey Handbag,images\47734.jpg,65.45
6413,Lotto Unisex Canvas Pink Shoe,images\6413.jpg,193.45
18830,Peter England Men Formal Black Belt,images\18830.jpg,108.11
28699,W Women Printed  Light Pink Kurta,images\28699.jpg,105.89
23271,Maxima Ssteele Men White Watch,images\23271.jpg,122.23
17044,Gas Men Aventura Sandal,images\17044.jpg,69.15
50783,Clarks Women Black Onslow Beat Leather Wedges,images\50783.jpg,165.21
51651,Fossil Men Grey Dial Chronograph Watch FS4584,images\51651.jpg,68.69
16196,Puma Men Heroes Red Jackets,images\16196.jpg,127.45
35314,Fabindia Women Anusuya Silver Earrings,images\35314.jpg,175.45
43394,Lino Perros Men Brown Wallet,images\43394.jpg,120.66
17878,Levis Men Comfort Style Maroon Innerwear Vest,images\17878.jpg,110.82
30666,Park Avenue Men Black Sunglasses,images\30666.jpg,195.01
3161,Nike Men's Air Citius MSL White Grey Shoe,images\3161.jpg,124.81
8589,Scullers Men Scul Blue Shirts,images\8589.jpg,164.14
12536,Puma Women Solid Black Sweatshirts,images\12536.jpg,66.08
26703,Nike Men White Court Shuttle Shoes,images\26703.jpg,161.64
25186,Lino Perros Women Leatherette Brown Handbag,images\25186.jpg,185.67
56474,Streetwear Fiery Femme Nail Polish # 18,images\56474.jpg,43.46
1636,Nike Men Air Zoom Century Shoes,images\1636.jpg,87.46
40511,Titan Men White Dial Watch,images\40511.jpg,65.18
10261,John Miller Men Slim Brown Trousers,images\10261.jpg,11.05
24054,Locomotive Men Printed Blue T-shirt,images\24054.jpg,82.3
4344,Fila Men's Abascuss White Blue Shoe,images\4344.jpg,157.66
21526,Kiara Women Glossy Red Handbag,images\21526.jpg,101.08
15713,Nike Men Air Relentless Black Sports Shoes,images\15713.jpg,122.2
53106,Fabindia Silver Earrings,images\53106.jpg,48.32
5296,Puma Men Black Floater,images\5296.jpg,111.01
24868,Reid & Taylor Men Casual Black Wallet,images\24868.jpg,17.05
41605,Basics Men Grey Shirt,images\41605.jpg,76.37
25340,Levis Men Beige Boxer Trunks,images\25340.jpg,97.12
11175,Scullers Men Stripes White Sweaters,images\11175.jpg,162.8
57760,Lotus Herbals Tea Tree Face Wash,images\57760.jpg,121.0
24292,Quiksilver Men High Black Socks,images\24292.jpg,83.7
33225,Sepia Women Pink Dress,images\33225.jpg,155.14
11949,Ganuchi Men Casual Brown Casual Shoes,images\11949.jpg,129.01
36757,Maxima Women Black Watch,images\36757.jpg,94.45
37685,American Tourister Unisex Black Backpack,images\37685.jpg,113.31
5050,Fila Men's Passion Black red Canvas Shoe,images\5050.jpg,76.38
44377,Jovan Men White Musk Deo,images\44377.jpg,51.8
58728,Puma Women Pink T-shirt,images\58728.jpg,139.72
50545,Chromozome Men Pack of Two Briefs,images\50545.jpg,61.46
17282,U.S. Polo Assn. Men Printed Black Tshirt,images\17282.jpg,159.36
34000,Femella Women Black Top,images\34000.jpg,20.45
7707,Jealous 21 Women's Abbie Black Jegging,images\7707.jpg,194.46
46420,Timex Men Cream Dial Chronograph Watch,images\46420.jpg,72.87
16350,Peter England Men Stripes Cream Shirt,images\16350.jpg,51.18
51497,Denizen Women Navy Blue Jeans,images\51497.jpg,61.27
22165,Timberland Men Brown Casual Shoes,images\22165.jpg,131.96
43152,Fastrack Men Black Watch,images\43152.jpg,146.82
2275,Nike Mens Challenger Graphic White T-shirt,images\2275.jpg,140.97
27417,Jockey Women Blue Relaxed Capris,images\27417.jpg,79.9
55037,Lakme Absolute Matte Bitter Chocolate Lipstick 53,images\55037.jpg,89.24
19318,Nike Unisex Classic Base Blue Backpack,images\19318.jpg,162.92
49468,Vans Men Red Old Skool Shoes,images\49468.jpg,21.98
42080,American Tourister Men Black Travel Wallet,images\42080.jpg,95.16
22959,Reebok Men White Fusion Sports Shoes,images\22959.jpg,124.09
34232,Proline Men Grey T-shirt,images\34232.jpg,185.16
23285,Maxima Men White Watch,images\23285.jpg,118.24
50777,Clarks Men Dino Limit Brown Formal Shoes,images\50777.jpg,140.89
16162,Enroute Men Leather Black Sandals,images\16162.jpg,65.07
22357,John Players Men Solid Black Shirt,images\22357.jpg,178.56
19916,Wildcraft Unisex Black & Grey Printed Laptop Backpack,images\19916.jpg,94.0
7535,Nike Men's Blue Polo T-shirt,images\7535.jpg,157.63
46612,Catwalk Women Brown Wedges,images\46612.jpg,107.58
27625,Scullers Men Grey Shorts,images\27625.jpg,80.03
13410,United Colors of Benetton Men Solid Blue Shirts,images\13410.jpg,72.07
48788,Lucera Women Silver Pendant,images\48788.jpg,116.48
43360,Reebok Men White Ultimate Vibe Sports Shoes,images\43360.jpg,186.63
2047,ADIDAS Men's Navy Blue T-shirt,images\2047.jpg,191.97
30692,Catwalk Women Brown Heels,images\30692.jpg,199.34
55205,Lakme Lip Love Dark Desire Lipstick B122A,images\55205.jpg,110.61
25172,Lino Perros Women Leatherite Brown Handbag,images\25172.jpg,54.78
56480,Streetwear Chocolat Nail Polish 20,images\56480.jpg,156.76
11347,Lee Men Elvira Rinse Blue Chicago Fit Jeans,images\11347.jpg,46.98
41437,Lee Cooper Men White Sports Shoes,images\41437.jpg,156.06
33017,Mother Earth Women Striped Green Kurta,images\33017.jpg,163.98
10295,Clarks Men Brown Leather Casual Shoes,images\10295.jpg,43.48
57552,Lotus Herbals Floralstay Copper Toast Lip Color 424,images\57552.jpg,100.09
44979,Maxima Attivo Men Steel-Toned Dial Watch 15933LMGB,images\44979.jpg,16.59
45097,Bwitch Pink Ruby Bra,images\45097.jpg,179.15
36565,United Colors of Benetton Women Deo,images\36565.jpg,102.96
14635,United Colors of Benetton Men Solid Black Mufflers,images\14635.jpg,63.07
5262,Wildcraft Unisex Blue & Grey Printed Backpack,images\5262.jpg,14.56
8925,Puma Men High Shine Black Belt,images\8925.jpg,135.9
16506,Locomotive Men Washed Blue Jeans,images\16506.jpg,179.8
22733,Nike Men Dunk High Grey Casual Shoes,images\22733.jpg,195.51
35784,Enroute Women Black Shoes,images\35784.jpg,71.0
7151,Scullers For Her Women Rivited Check Black Shirts,images\7151.jpg,40.73
46276,109F Women Cream Printed Top,images\46276.jpg,35.0
13848,United Colors of Benetton Men Solid Blue Polo Tshirts,images\13848.jpg,45.51
6083,UCB Women's Halftone Print Pink T-shirt,images\6083.jpg,169.54
28209,Ray-Ban Men High Street Black Sunglasses,images\28209.jpg,96.17
50313,Park Avenue Men Brown Tie,images\50313.jpg,78.39
8119,Fastrack Men Canvas Red Stitches Grey Belts,images\8119.jpg,149.15
31324,Aurelia Women Printed Blue Kurta,images\31324.jpg,30.58
13074,Numero Uno Men Brown Casual Shoes,images\13074.jpg,37.0
43704,Royal Diadem Green Earring & Pendant Set,images\43704.jpg,112.45
33473,Baggit Women Choti Jhuti Brown Belt,images\33473.jpg,125.34
58942,Tommy Hilfiger Women Silver-Toned Dial  Watch TH1780453-D,images\58942.jpg,83.82
20858,United Colors of Benetton Women Casual Olive Sunglasses,images\20858.jpg,73.58
40181,Fastrack Men Revo Coated Sporty Wrap Sunglasses,images\40181.jpg,32.36
57136,Elle Women Black Trousers,images\57136.jpg,13.48
25516,Doodle Kids Boys Airfeild Red T-Shirt,images\25516.jpg,95.32
39149,Aneri Women Red Kurtas,images\39149.jpg,198.24
59890,Femella Women Multi Coloured Tunic,images\59890.jpg,66.98
53596,Q&Q Men Navy Blue Digital Watch,images\53596.jpg,48.46
20064,United Colors Of Benetton Women Blue Muffler,images\20064.jpg,57.69
5606,ADIDAS Men Kendall Black Floater,images\5606.jpg,142.58
44521,Coolers Men Black Sandals,images\44521.jpg,54.17
36101,OTLS Men Josh Brown Wallet,images\36101.jpg,187.96
52444,Red Rose White & Purple Nightdress,images\52444.jpg,135.83
39975,Gas Men Olive Swansea Shoes,images\39975.jpg,73.03
57304,Rocia Women Brown Wedges,images\57304.jpg,106.77
33641,Lotto Men Black Koro G Slippers,images\33641.jpg,180.93
41261,Arrow Men Brown Wallet,images\41261.jpg,169.26
25724,Wrangler Men Leather Brown Belt,images\25724.jpg,158.39
11511,Catwalk Women Lifestyle Gold Toned Ballerinas,images\11511.jpg,74.45
5434,Nike Men's Kill Man Red T-shirt,images\5434.jpg,199.58
44713,Lotto Men Black Flip Flops,images\44713.jpg,98.77
14063,Flying Machine Men Solid Blue Polo Tshirts,images\14063.jpg,191.15
20256,Wrangler Men Wing Green T-shirt,images\20256.jpg,34.36
52676,Morellato Women White Dial Watch,images\52676.jpg,38.42
36333,Playboy Men White & Red Socks,images\36333.jpg,128.38
7363,Red Tape Men Black Semi Formal Shoes,images\7363.jpg,27.41
46044,Estelle Gold Earrings,images\46044.jpg,89.45
16734,Lotto Men Emeriti Maroon Slipper,images\16734.jpg,127.0
22501,Catwalk Women Beige Casual Shoes,images\22501.jpg,194.04
49830,iPanema Women Pink Flip Flops,images\49830.jpg,50.21
47196,Franco Leone Men Brown Sandals,images\47196.jpg,157.01
34464,ADIDAS Unisex Red Organizer Bag,images\34464.jpg,191.44
12394,Reid & Taylor Men Solid Black Socks,images\12394.jpg,199.46
46878,Lino Perros Men Pack of 2 Socks,images\46878.jpg,86.58
31116,Gini and Jony Boys Grey Shorts,images\31116.jpg,101.71
43536,French Connection Women Peach Top,images\43536.jpg,42.7
28807,Denizen Men Check Brown Shirt,images\28807.jpg,119.99
2611,Carlton London Women Stylish Gold Flats,images\2611.jpg,189.7
13246,Palm Tree Kids Boy Washed Blue Jeans,images\13246.jpg,161.84
54581,Sushilas Women Printed Green Kurta,images\54581.jpg,162.59
3763,Status Quo Men's London Icon Grey T-shirt,images\3763.jpg,132.25
29975,Aspen Women Black Dial Watch,images\29975.jpg,179.13
26101,John Miller Men Striped White Shirt,images\26101.jpg,127.56
54521,F Sports Men White Voyager Sports Shoes,images\54521.jpg,13.46
9259,Mark Taylor Men Blue Striped Shirt,images\9259.jpg,199.21
30064,Ed Hardy Men Grey Dial Watch,images\30064.jpg,82.43
16794,Highlander Men Stripes Navy Blue Shirt,images\16794.jpg,83.71
51053,Enamor Women Green Bikini Brief,images\51053.jpg,15.21
49890,Q&Q Kids Girls Blue Analog Watch,images\49890.jpg,78.47
47136,Be For Bag Women Blue Tote Bag,images\47136.jpg,70.31
6211,UCB Women's Print Boat Blue Top,images\6211.jpg,148.43
48942,Lucera Women Silver Ring,images\48942.jpg,126.2
23473,Lino Perros Men Red Check Scarf,images\23473.jpg,88.22
50181,Peperone Women Beige Handbag,images\50181.jpg,187.1
17646,Converse Unisex Green Flip Flops,images\17646.jpg,182.9
30858,Fabindia Women Striped Black Kurta,images\30858.jpg,22.2
1808,Quechua Aluminium Print Water Bottle,images\1808.jpg,94.77
37241,United Colors of Benetton Men Black Shoes,images\37241.jpg,61.4
5494,Mr.Men Men's Charcoal Polo T-shirt,images\5494.jpg,153.4
45661,Park Avenue Men Grey Melange Square Neck Vest,images\45661.jpg,167.47
36393,Reid & Taylor Men Blue Socks,images\36393.jpg,141.93
4546,Nike Men's Air Max Black Shoe,images\4546.jpg,86.34
21324,Louis Philippe Men Aviator Sunglasses LP201-C1,images\21324.jpg,187.44
15111,Arrow Men Stripes Coffee Brown Trousers,images\15111.jpg,137.64
38209,Polaroid Women Sunglasses,images\38209.jpg,126.16
40313,Warner Bros Kids White sandals,images\40313.jpg,151.39
10463,Flying Machine Men Grey Polo Tshirts,images\10463.jpg,197.25
24656,ADIDAS Originals Boys White Pack of 3 Casual Socks,images\24656.jpg,137.64
25784,Arrow Men Light Brown Suspenders,images\25784.jpg,104.82
56276,Biara Women Skin Bra,images\56276.jpg,124.71
37073,Lino Perros Women Purple Handbag,images\37073.jpg,20.44
44581,Lee Rinse Navy Blue Slim Fit Jeans,images\44581.jpg,136.49
53536,Amante Women Pack of 3 Assorted Briefs PFCP11,images\53536.jpg,143.29
21116,s.Oliver Women Faded Lilac Top,images\21116.jpg,161.91
15323,Nike Men Solid Grey Jacket,images\15323.jpg,14.15
56878,HM Women Silver Heels,images\56878.jpg,40.4
4774,ADIDAS Women 3S Pink Track Pants,images\4774.jpg,86.69
57196,Elle Women Red Tunic,images\57196.jpg,45.89
40121,ADIDAS Unisex Pack of 3 Socks,images\40121.jpg,142.23
32501,Scullers Men Black Shirt,images\32501.jpg,144.72
56044,Colorbar Full Finish Longwear Kiss Me Lipstick 07,images\56044.jpg,28.95
11783,Lee Men Printed Grey Tshirts,images\11783.jpg,39.01
12106,W Women Printed White Kurtis,images\12106.jpg,125.46
26333,DKNY Women White Dial Watch NY4934,images\26333.jpg,188.37
3551,Skechers Men's Charcoal Lifestyle Shoe,images\3551.jpg,102.32
42676,Alma Women Black Kurta,images\42676.jpg,36.19
2483,Puma Women Spagetti Dahlia Purple Top,images\2483.jpg,39.46
30256,Red Tape Men Black Semi Formal Shoes,images\30256.jpg,46.98
54713,Shree Women Cream-Coloured & Pink Printed Salwar Suit with Dupatta,images\54713.jpg,103.25
51261,Park Avenue Men Black & Brown Reversible Belt,images\51261.jpg,179.01
9857,Status Quo Men Green Polo Tshirts,images\9857.jpg,93.04
47304,Baggit Women Green purse,images\47304.jpg,178.76
6023,UCB Men's Johny Collar With Two Tone Green T-shirt,images\6023.jpg,173.23
21572,Lino Perros Men Pack of Five Striped Socks,images\21572.jpg,156.67
15747,Nike Men Ballista SL White Sports Shoes,images\15747.jpg,19.26
32959,Angry Birds Men Purple T-shirt,images\32959.jpg,140.91
52080,Myntra Men Navy Blue T-shirt,images\52080.jpg,16.12
59468,Lucera Silver Ring,images\59468.jpg,183.84
45037,Maxima Attivo Men White Dial Watch,images\45037.jpg,94.82
4310,Tantra Kid's Unisex Papa's Joy Green Kidswear,images\4310.jpg,91.03
37417,Murcia Women Jute Silver Handbag,images\37417.jpg,60.56
53152,Mark Taylor Men Brown Shirt,images\53152.jpg,16.78
14695,Basics Men Black Trousers,images\14695.jpg,184.11
32165,Playboy Women Playmate Pink Ankle Socks,images\32165.jpg,36.03
56420,Biara Women White Bra,images\56420.jpg,151.28
10235,Carrera Men Hexagaon Dial Black Watches,images\10235.jpg,169.7
1662,Nike Men Blue Windrunner Jacket,images\1662.jpg,157.19
40545,Titan Raga Women Gold Watch,images\40545.jpg,66.45
48728,Lucera Women Silver Earrings,images\48728.jpg,116.7
30632,Nike Men Challenger Spiked Yellowish Green T-shirt,images\30632.jpg,97.76
27685,Murcia Women Purple Handbag,images\27685.jpg,128.37
18058,Lino Perros Women Solid Purple Wallet,images\18058.jpg,117.46
3135,Catwalk Women Heeded Golden Strap Black Heels,images\3135.jpg,42.83
42212,Sepia Women Pink Tunic,images\42212.jpg,114.53
23225,Aneri Women Tibett Pink Kurta,images\23225.jpg,39.0
17010,Rocia Women Brown Heels,images\17010.jpg,191.33
18864,Puma Men Sports Division Black Sweatshirt,images\18864.jpg,166.39
34292,Fabindia Women Multi Coloured Chanderi Dupatta,images\34292.jpg,129.3
6447,Lotto Women's Cross Color Black Pink Flip Flop,images\6447.jpg,148.43
7595,Nike Women Ten Blue White Shoe,images\7595.jpg,37.18
3909,Urban Yoga Women Yoga Red Capri,images\3909.jpg,20.07
51605,Kraus Jeans Women Black Trousers,images\51605.jpg,140.47
13682,ADIDAS Women Duramo 3 Sports Shoes,images\13682.jpg,156.08
54145,Rocia Women Brown Flats,images\54145.jpg,65.4
3307,Asics Men's Gel Phoenix 3 Black Silver Shoe,images\3307.jpg,152.29
42020,ADIDAS Men Brown Mudslide Shoes,images\42020.jpg,193.49
55097,Pond's Gold Radiance Precious Youth Serum,images\55097.jpg,154.82
12750,Nike Unisex Swoosh Black Backpacks,images\12750.jpg,75.56
47552,Portia Women Brown Heels,images\47552.jpg,124.41
54979,Femella Women White Printed Shirt,images\54979.jpg,89.65
6675,Nike Men's Free White Grey Shoe,images\6675.jpg,146.29
17222,United Colors of Benetton Men Funky Eyewear Blue Sunglasses,images\17222.jpg,103.49
51437,Myntra Women Multi Coloured Printed Top,images\51437.jpg,31.16
35172,Wildcraft Unisex Cruiser Red Backpack,images\35172.jpg,197.42
46480,Timex Women Steel Watch,images\46480.jpg,110.86
45205,CASIO ENTICER Women Black Dial Analogue Watch A660,images\45205.jpg,12.54
4122,Puma Unisex Lo Punk Black Yellow Shoe,images\4122.jpg,134.65
21740,Vans Unisex Authentic Lo Pro Brown Casual Shoes,images\21740.jpg,103.42
15575,Chhota Bheem Kids Boys Best Friends Group TShirt,images\15575.jpg,28.51
53360,Puma Woman Pink Big Cat Wallet,images\53360.jpg,154.86
37625,Madagascar3 Boys White Printed T-Shirt,images\37625.jpg,125.98
56612,Streetwear True Color Claret Tint Blusher,images\56612.jpg,43.65
32357,Q&Q Men Black Dial Watch,images\32357.jpg,87.55
33285,Arrow Sport Men Striped Blue Polo T-shirt,images\33285.jpg,40.54
40777,Quiksilver Men White Flip Flops,images\40777.jpg,187.25
10007,Nike Women As Trophy Swo White T-Shirts,images\10007.jpg,163.15
21586,Locomotive Men Washed Grey Jeans,images\21586.jpg,85.79
52074,Myntra Men Yellow & Blue T-shirt,images\52074.jpg,48.87
14661,Basics Men Navy Slim Fit Checked Shirt,images\14661.jpg,122.31
20454,Baggit Women Poppins Doko Teal Blue Belt,images\20454.jpg,168.8
32191,ADIDAS Men Phantom Blue Sports Shoes,images\32191.jpg,195.19
52848,Adrika Women Green Earrings,images\52848.jpg,68.39
39579,Catwalk Women Multi Colour Flats,images\39579.jpg,87.49
25126,Lino Perros Women Black Clutch,images\25126.jpg,44.69
57506,Lee Cooper Men Brown Sandals,images\57506.jpg,154.03
33043,Mother Earth Women Printed Blue Kurta,images\33043.jpg,182.89
43334,Murcia Women Maroon Handbag,images\43334.jpg,58.2
27671,Murcia Women Pink Handbag,images\27671.jpg,192.05
54383,Baggit Women Green Wallet,images\54383.jpg,72.13
13444,United Colors of Benetton Women Printed Yellow Tops,images\13444.jpg,198.45
55251,Lakme Absolute Moonlit Highlighter Face Brightener 9G,images\55251.jpg,116.26
31714,Fabindia Women Anusuya Silver Earrings,images\31714.jpg,23.35
8529,Nike Men Nike Lunarfly+  2 Navy Blue Sports Shoes,images\8529.jpg,182.15
28639,Nike Men White T-shirt,images\28639.jpg,187.63
50723,Doodle Girls Blue Printed Dress,images\50723.jpg,135.86
47794,Murcia Women Brown Handbag,images\47794.jpg,94.09
34266,Fabindia Women Brown Silk Dupatta,images\34266.jpg,45.28
18890,Arrow Woman Tyra Purple Shirt,images\18890.jpg,21.0
7561,Nike Men's As Spher White T-shirt,images\7561.jpg,124.42
19942,Nike Unisex Casual Black Duffle Bag,images\19942.jpg,38.86
46646,Rasasi Men Deserve Deo,images\46646.jpg,191.6
16136,Tokyo Talkies Women Printed Blue Top,images\16136.jpg,138.4
27443,Jockey Women Pink T-Shirt,images\27443.jpg,54.93
13676,ADIDAS Men Titan Sports Shoes,images\13676.jpg,48.56
43106,Reebok Men Reespark Deo,images\43106.jpg,177.64
2221,ADIDAS Classic Blue White Backpack,images\2221.jpg,188.89
55063,Lakme Enrich Satins Lipstick 421,images\55063.jpg,17.57
26591,Puma Men Aqua Cat II Power Red Flip Flops,images\26591.jpg,100.43
6681,Nike Women's Izanami White Blue Shoe,images\6681.jpg,95.18
34054,Palm Tree Boys Washed Blue 3/4 Length Pants,images\34054.jpg,183.43
22131,Provogue Men Black Formal Shoes,images\22131.jpg,191.0
7753,Fila Men's Victory Black Shoe,images\7753.jpg,57.13
35186,Wildcraft Unisex Grey & Black Backpack,images\35186.jpg,86.5
46474,Timex Men Black Dial Watch L506,images\46474.jpg,161.91
36703,Yves Saint Laurent Men Body Kouros Perfume,images\36703.jpg,12.96
15581,Proline Men Purple Polo T-shirt,images\15581.jpg,129.67
14453,Enroute Women Casual Black Flats,images\14453.jpg,127.55
53394,Alma Women Blue and Sea Green Printed Kurta,images\53394.jpg,133.51
20666,Classic Polo Men Striped Grey Tshirt,images\20666.jpg,189.36
5004,Gini and Jony Girl's Delma Blue Kidswear,images\5004.jpg,191.86
25314,Casio Youth Series Men Digital Watch AE-1100W-1BVDF(D086),images\25314.jpg,151.59
11121,Puma Women Minicats Knit Blue Cap,images\11121.jpg,136.63
33271,Gini and Jony Girls Red Skirt,images\33271.jpg,40.76
40783,Quiksilver Men Black Flip Flops,images\40783.jpg,102.99
5838,ADIDAS Men's Graphic White T-shirt,images\5838.jpg,99.66
57734,Lotus Herbals Fruity Fusion Lip Balm,images\57734.jpg,193.27
31142,John Miller Men Check Orange Shirt,images\31142.jpg,117.85
3797,Converse Men Black & Red Shoes,images\3797.jpg,147.03
29981,Aspen Women Blue Dial Watch,images\29981.jpg,128.47
19728,United Colors of Benetton Women Solid Purple Shirt,images\19728.jpg,142.48
55407,Revlon ColorStay Overtime Relentless Raisin Lip Gloss 270,images\55407.jpg,115.06
27027,Jealous 21 Women Blue Shorts,images\27027.jpg,178.33
13212,ASICS Women Gel Spree Running Grey Sports Shoes,images\13212.jpg,154.24
28853,Proline Men Purple T-shirt,images\28853.jpg,147.67
43562,Puma Men White Pack of 3 Socks,images\43562.jpg,187.16
50949,Lee Women Navy Blue Roxy Fit Jeans,images\50949.jpg,51.89
30090,Ed Hardy Men Silver Dial Watch,images\30090.jpg,113.47
2645,Murcia Women Big Canvas Tote Bag,images\2645.jpg,151.94
16760,Spice Art Women Leatherette  Black Handbags,images\16760.jpg,130.38
49864,Q&Q Kids Unisex Purple Digital Watch,images\49864.jpg,31.09
22555,Reebok Men Reespeed Deo,images\22555.jpg,175.79
46010,Fabindia Maroon Printed Saree,images\46010.jpg,81.82
34430,Myntra Women Face Blue T-shirt,images\34430.jpg,163.95
23487,Arrow Men Grey Scarf,images\23487.jpg,184.49
50175,Rocia Women Black & Brown Flats,images\50175.jpg,32.81
58318,Jockey LCESCBRA Men White Pack of 3 Socks 2004,images\58318.jpg,24.31
14037,Flying Machine Men Check Blue Shirts,images\14037.jpg,41.88
20202,Wrangler Men Glow Grey Sweatshirt,images\20202.jpg,160.94
5460,Nike Women's Double Team Lite Black Shoe,images\5460.jpg,91.1
44747,Globalite Men Black Sparta Shoes,images\44747.jpg,72.3
36367,Reid & Taylor Men Red Tie,images\36367.jpg,123.25
52622,Mod-acc Women Purple Handbag,images\52622.jpg,111.05
57350,Amante Black T-Shirt Bra BGSB01,images\57350.jpg,139.56
10497,Flying Machine Women RN HS White Tshirts,images\10497.jpg,150.55
25770,Lino Perros Men Black Suspenders,images\25770.jpg,152.02
11545,W Women Printed Green Kurtas,images\11545.jpg,34.6
56282,Biara Black Everyday Support Bra,images\56282.jpg,197.13
37087,Lino Perros Women Brown Mobile Pouch,images\37087.jpg,172.33
20030,United Colors of Benetton Men Solid Blue Shirt,images\20030.jpg,73.57
39921,Tortoise Unisex Brown Leather Duffel Bag,images\39921.jpg,86.05
52410,Red Rose Women Black Nightdress,images\52410.jpg,13.56
4780,ADIDAS Women's Balance Pink T-shirt,images\4780.jpg,124.72
57162,Elle Women Teal T-shirt,images\57162.jpg,20.03
58916,Hakashi Men Black Silk Tie,images\58916.jpg,190.72
33427,Baggit Women Modishx Enzyme Blue Sling Bag,images\33427.jpg,91.44
41007,Gini and Jony Girls Woven Navy Blue Shorts,images\41007.jpg,147.98
25542,Wrangler Women Striper Tank Yellow Top,images\25542.jpg,18.97
11777,Lee Men Printed Red Tshirts,images\11777.jpg,62.23
7939,Puma Men's Graphic Optic Black Silver T-shirt,images\7939.jpg,47.84
55635,Catwalk Women Gold Heels,images\55635.jpg,84.64
42682,Alma Women Cream & Blue Kurta,images\42682.jpg,19.41
2477,Nike Men's LunarFly Blue Shoe,images\2477.jpg,12.09
27215,Doodle Kids Boy Striped Blue Shorts,images\27215.jpg,83.87
7105,Wildcraft Unisex Green Backpack,images\7105.jpg,35.05
16552,Basics Men Grey Printed Polo T-shirt,images\16552.jpg,107.12
8971,Puma Men Drift Cat III CF Black Sports Shoes,images\8971.jpg,74.69
22767,BIBA Women Solid Green Kurta,images\22767.jpg,101.23
50347,Aurelia Women Red Kurta,images\50347.jpg,148.73
34602,Hanes Men Brown Boxer Brief,images\34602.jpg,183.84
59665,FNF Pink & Yellow Printed Evening Wear Sari,images\59665.jpg,24.39
14498,Flying Machine Men Casual Black Casual Shoes,images\14498.jpg,163.89
10804,Wrangler Men Rider Solid White Shirts,images\10804.jpg,166.66
4921,Gini and Jony Girl's Viona Pack of 3 Tee Kidswear,images\4921.jpg,108.3
32368,Q&Q Men Black Dial Watch,images\32368.jpg,147.41
39780,Peter England Men Yellow Casual Shirts,images\39780.jpg,163.24
40748,Roxy Women Pink Flip Flops,images\40748.jpg,157.22
38652,Nike Women Double Team Lite Black Shoes,images\38652.jpg,123.18
18255,Aneri Women Multi Coloured Kurta,images\18255.jpg,101.93
27488,Jockey Women Red Bikini Briefs,images\27488.jpg,171.07
9602,Scullers Men Scul White & Red Shirt,images\9602.jpg,103.19
23814,Puma Men Neo Low Black Casual Shoes,images\23814.jpg,86.88
48525,French Connection Women White & Blue  Striped Dress,images\48525.jpg,101.62
3338,ADIDAS Men's Mumbai Indians White Polo T-shirt,images\3338.jpg,100.44
35971,Flying Machine Men Tee Black T-shirt,images\35971.jpg,139.77
19387,ADIDAS Men Dumont Beige Sports Shoes,images\19387.jpg,190.34
54946,Do u speak green Men Cream T-shirt,images\54946.jpg,21.57
23028,Arrow Men Blue Striped Shirt,images\23028.jpg,158.73
42823,Little Miss Intimates Women Grey Brief,images\42823.jpg,71.87
51408,Myntra Men Blue and White Check Shirt,images\51408.jpg,70.26
55894,Colorbar Blue Lagoon Nail Lacquer 05,images\55894.jpg,157.36
7798,Proline Men White Polo T-shirt,images\7798.jpg,114.43
9430,Lee Cooper Men Nnado Black Formal Shoes,images\9430.jpg,22.6
17813,Lee Cooper Men  Brown Casual Shoe,images\17813.jpg,98.75
48717,Lucera Women Silver Earrings,images\48717.jpg,76.85
6478,ADIDAS Men Top Grey Jacket,images\6478.jpg,122.22
19989,United Colors of Benetton Women Printed White T-shirt,images\19989.jpg,120.25
3936,Jealous 21 Women's Black Miss T-shirt,images\3936.jpg,150.85
15778,Facit Men Mid- Rise BF Grey Briefs,images\15778.jpg,37.13
59457,Lucera Silver Ring,images\59457.jpg,163.83
45008,Maxima Men Digital Multifunction Watch,images\45008.jpg,35.91
37428,Murcia Women Red Handbag,images\37428.jpg,39.7
52883,FNF Printed Blue Sari,images\52883.jpg,160.73
45834,Vishudh Women Red Kurta,images\45834.jpg,100.74
33088,Catwalk Women Gold Flats,images\33088.jpg,193.31
38460,Baggit Women Green Pinto Checksy Mobile Pouch,images\38460.jpg,92.23
12139,Aurelia Women Solid Purple Kurtas,images\12139.jpg,28.43
42649,Alma Women Black Kurta,images\42649.jpg,163.83
8186,Locomotive Men Check Lai Grey Shirts,images\8186.jpg,132.19
9054,ADIDAS Women Duramo 3 White Sports Shoes,images\9054.jpg,109.6
30269,Speedo Men Sheet Sunglasses,images\30269.jpg,22.06
48373,French Connection Men White & Purple Check Shirt,images\48373.jpg,144.51
18403,Skechers Men Tone-Ups Black Shoe,images\18403.jpg,118.4
6820,Timberland Women's Estela Umbrella Green Flip Flop,images\6820.jpg,54.03
12905,Puma Women Casual Purple Casual Shoes,images\12905.jpg,175.99
9868,Status Quo Men Navy Blue Polo Tshirts,images\9868.jpg,18.91
28296,Fastrack Men Sunglasses,images\28296.jpg,166.83
57995,Latin Quarters Women & White Black Dress,images\57995.jpg,111.33
5699,Skechers Men's Striking Black Shoe,images\5699.jpg,154.35
40922,Gini and Jony Boys Rodeo Blue Jacket,images\40922.jpg,45.46
38838,Latin Quarters Women Pink & Black Printed Dress,images\38838.jpg,173.23
59033,Carlton London Women Black Heels,images\59033.jpg,177.14
21129,s.Oliver Women Printed Red Top,images\21129.jpg,100.68
56847,John Players Men Blue Jeans,images\56847.jpg,16.81
37870,Hidekraft Men Black Wallet,images\37870.jpg,108.29
38004,Q&Q Women Blue Watch,images\38004.jpg,195.66
21915,Biba Women Orange & Purple Printed Churidar Kurta with Dupatta,images\21915.jpg,86.49
25589,Vishudh Women Green Churidar Kurta with Dupatta,images\25589.jpg,97.47
4579,Nike Women Zoo Blue Shoe,images\4579.jpg,102.76
38236,Polaroid Unisex Sunglasses,images\38236.jpg,137.22
24669,Converse Men Red Casual Shoes,images\24669.jpg,132.23
56249,SDL by Sweet Dreams Men White Pyjama Set,images\56249.jpg,66.93
15912,Black Coffee Men Stripes Blue Shirt,images\15912.jpg,91.18
49093,Deborah 24 Ore Lip Liner 220,images\49093.jpg,190.24
31189,Cabarelli Men Brown Wallet,images\31189.jpg,99.88
18631,Puma Men GP Speed Navy Blue Tshirts,images\18631.jpg,99.63
9266,Scullers Men Scul Blue Shirts,images\9266.jpg,107.6
50982,Enamor Women Maroon Robe,images\50982.jpg,12.1
28898,Enamor Women Red Brief,images\28898.jpg,185.94
48141,Fossil Women Brown Wallet,images\48141.jpg,117.49
29176,United Colors of Benetton Boys Khaki Shorts,images\29176.jpg,18.22
26902,Jealous 21 Women Printed Lavender Top,images\26902.jpg,123.86
35529,Enroute Teens Orange Sandals,images\35529.jpg,159.17
47109,Marvel Boys White Shoes,images\47109.jpg,119.64
17679,Catwalk Women Buckel Pink Flats,images\17679.jpg,150.74
30867,Fabindia Women Blue Kurta,images\30867.jpg,76.73
7906,Proline Men Black & Navy Striped Polo T-shirt,images\7906.jpg,177.73
19525,United Colors of Benetton Men Check Grey Sweater,images\19525.jpg,136.11
8172,Catwalk Women Slim Casual Beige Wedges,images\8172.jpg,195.54
48387,French Connection Men Blue Jeans,images\48387.jpg,102.9
22758,BIBA Women Printed Blue Kurta,images\22758.jpg,25.08
50378,Vishudh Women Red & White Salwar and Dupatta,images\50378.jpg,67.77
28262,18+ Men Thrill Deo,images\28262.jpg,69.13
57961,Prafful Women Black & Grren Sari,images\57961.jpg,120.57
58115,Rreverie Women Silver Pendant,images\58115.jpg,132.91
37884,Happy Socks Unisex Black Socks,images\37884.jpg,106.8
20833,Clarks Men Black Formal Shoes,images\20833.jpg,46.49
39122,Aneri Women Blue Leggings,images\39122.jpg,46.42
41038,Nautica Men Brown Dial Watch,images\41038.jpg,25.55
58327,Lotto Women Lavender Flip Flops,images\58327.jpg,40.29
14008,Nike Men Printed White Tshirts,images\14008.jpg,35.2
44778,Lotto Men Grey Skateboard Shoes,images\44778.jpg,161.1
36358,Reid & Taylor Men Red Tie,images\36358.jpg,76.85
14834,United Colors of Benetton Men Solid Black Belts,images\14834.jpg,50.7
39310,Red Chief Men Khaki Casual Shoes,images\39310.jpg,187.54
49067,Lino Perros Women Olive Handbag,images\49067.jpg,46.98
8340,Doodle Boy's Volleyball Champion Black White Kidswear,images\8340.jpg,82.24
46813,Gini and Jony Girls Pink Skirt,images\46813.jpg,173.58
19717,United Colors of Benetton Men Check Blue Shirt,images\19717.jpg,165.99
55438,Revlon Mauve Colorburst Lipstick 005,images\55438.jpg,152.33
27018,Jealous 21 Women Washed Blue Jeans,images\27018.jpg,71.75
50976,Enamor Petal Pink Bra,images\50976.jpg,17.39
29182,United Colors of Benetton Women White Tunics,images\29182.jpg,197.35
31941,Nike Women Air Rift Grey Shoes,images\31941.jpg,35.81
7308,UCB Women's Sleeveless Light Blue Top,images\7308.jpg,66.69
30893,Fabindia Women Printed White & Blue Patiala,images\30893.jpg,15.34
28050,Jockey ELANCE Men Charcoal Pack of 2 Briefs 1009,images\28050.jpg,20.02
48989,Lucera Women Silver Ring,images\48989.jpg,99.09
11922,Franco Leone Men Formal Black Formal Shoes,images\11922.jpg,197.42
59691,Avirate Purple Bra,images\59691.jpg,54.65
58743,Puma Men Olive T-shirt,images\58743.jpg,128.09
5807,ADIDAS Women's Tunic Blue T-shirt,images\5807.jpg,181.88
13649,ADIDAS Black Hydroterra Shandal Casual Shoes,images\13649.jpg,120.99
34857,Vans Men Classic Slip-On Black Shoes,images\34857.jpg,21.64
22932,Fastrack Unisex Black Dial Watch 9912PP13,images\22932.jpg,49.35
8724,Indigo Nation Men Checks Red Shirts,images\8724.jpg,69.55
35985,Flying Machine Women Poppy Red T-shirt,images\35985.jpg,178.81
47599,Portia Women Black Flats,images\47599.jpg,150.41
28434,DKNY Women White Dial Watch NY8299,images\28434.jpg,123.77
55860,Colorbar Pro Dazzling Mauve Nail Lacquer 008,images\55860.jpg,41.62
19141,Lotto Men Revorb Black Sandals,images\19141.jpg,123.49
49631,Mineral Cream Dress,images\49631.jpg,90.95
8516,Nike Unisex Ultimatum Max Black Backpacks,images\8516.jpg,47.94
28606,Nike Men Air Twilight Black Shoes,images\28606.jpg,82.12
34259,Proline Men Grey Tracksuit,images\34259.jpg,173.79
46679,Rasasi Women Pack of 3 Perfumes,images\46679.jpg,168.29
16109,M tv Men My Fab Eyewear Brown Sunglasses,images\16109.jpg,139.71
25925,Femella Women Purple T-Shirt,images\25925.jpg,187.46
5209,Superman Men's Job Round Neck White T-shirt,images\5209.jpg,174.05
33840,Puma Men Hypermoto Ducati Black Shoes,images\33840.jpg,127.63
58571,Puma Men Black Shorts,images\58571.jpg,143.42
52877,FNF Multi Coloured Sari,images\52877.jpg,162.18
39546,Numero Uno Men Yellow Flip Flops,images\39546.jpg,142.74
25119,Lino Perros Women Gems Black Clutch,images\25119.jpg,13.02
44912,Puma Men Black Track Pants,images\44912.jpg,173.33
57539,Flying Machine Men Olive Belt,images\57539.jpg,151.74
38494,Gini and Jony Boys United Green T-shirt,images\38494.jpg,170.9
20037,United Colors Of Benetton Women Black Tights,images\20037.jpg,108.29
44572,Coolers Men Black Sports Sandals,images\44572.jpg,50.32
37080,Lino Perros Women Blue Handbag,images\37080.jpg,132.23
57959,Prafful Turquoise Blue Printed Sari,images\57959.jpg,191.53
4787,ADIDAS Men's Bas Esx Black Short,images\4787.jpg,50.47
52417,Red Rose Women Red Pyjama Set,images\52417.jpg,49.27
39926,Tortoise Unisex Brown Laptop Bag,images\39926.jpg,161.17
58911,Hakashi Men Grey Silk Tie,images\58911.jpg,39.52
24497,Mother Earth Women Black Printed Kurta,images\24497.jpg,104.31
57165,Elle Women Magenta Clash Top,images\57165.jpg,197.49
11770,Lee Men Printed Blue Tshirts,images\11770.jpg,115.57
41000,Gini and Jony Girls Woven Blue Shorts,images\41000.jpg,13.95
42685,Alma Women White Printed Kurta,images\42685.jpg,126.2
55632,Catwalk Women Black Flats,images\55632.jpg,32.41
13027,Inc 5 Women Casual Gold Flats,images\13027.jpg,147.89
27212,Doodle Kids Boy Striped Blue Shirt,images\27212.jpg,114.04
43757,Royal Diadem Set of 2 White Bangles,images\43757.jpg,28.9
22760,BIBA Women Solid Navy Blue Kurta,images\22760.jpg,132.61
16555,Basics Men Navy Printed Polo T-shirt,images\16555.jpg,106.46
8976,Puma Men SL Tech Lo SF White Sports Shoes,images\8976.jpg,117.93
7102,Wildcraft Unisex Orange & Grey Backpack,images\7102.jpg,49.73
34605,Hanes Men Black Boxer Brief,images\34605.jpg,177.69
50340,Aurelia Women Brown Printed Kurti,images\50340.jpg,149.65
55400,Revlon Grow Luscious Graphite Eye Liner,images\55400.jpg,123.32
3790,Converse Men's AS Canvas HI Black Shoe,images\3790.jpg,128.09
8378,Doodle Girl's Princess Lime Kidswear,images\8378.jpg,12.54
30097,Ed Hardy Men Black Dial Watch,images\30097.jpg,67.29
2642,Carlton London Men Semi Formal Black Shoe,images\2642.jpg,30.1
43565,Puma Unisex Black Echo Backpack,images\43565.jpg,174.41
28854,Proline Men Mauve T-shirt,images\28854.jpg,65.49
13215,ASICS Men Gel Enduro 7 Running Silver Sports Shoes,images\13215.jpg,104.37
27020,Jealous 21 Women Navy Blue Jeans,images\27020.jpg,127.05
46017,Fabindia Women Orange Printed Kurta,images\46017.jpg,118.03
7330,Red Tape Men Strappy Black Floater,images\7330.jpg,79.86
49863,Q&Q Kids Girls Pink Digital Watch,images\49863.jpg,181.85
16767,Spice Art Women Spacious Brown Handbag,images\16767.jpg,121.27
31979,Nike Men Lunarswift +3 Grey Sports Shoes,images\31979.jpg,192.78
50172,Rocia Women Multi- Coloured Shoes,images\50172.jpg,144.62
28068,Jockey ELANCE Men Navy Blue Elance Brief 1015,images\28068.jpg,66.83
23480,Arrow Men Grey Check Scarf,images\23480.jpg,24.92
44740,Globalite Men White Terra Shoes,images\44740.jpg,75.8
5467,Nike Men's Elite Black Shoe,images\5467.jpg,183.03
20205,Wrangler Men Flock Print Grey Sweatshirt,images\20205.jpg,151.78
14030,Nike Women Printed White Tshirts,images\14030.jpg,186.79
36360,Reid & Taylor Men Gold Tie,images\36360.jpg,51.54
45692,TOUS Women Leau Eau De Parfum 90 ml,images\45692.jpg,116.68
57357,Amante Black Printed Push-Up Bra BGSS01,images\57357.jpg,115.21
10490,Flying Machine Men HS Blue Shirts,images\10490.jpg,141.67
33612,Lino Perros Women Green Wallet,images\33612.jpg,134.46
39328,Gini and Jony Girls Green Shorts,images\39328.jpg,185.09
41232,Puma Men White Aquil Sports Shoes,images\41232.jpg,89.89
11542,W Women Printed  Beige Kurtas,images\11542.jpg,184.92
56285,Biara Women Black Bra,images\56285.jpg,186.51
25777,Arrow Men Brown Suspenders,images\25777.jpg,47.42
2226,ADIDAS Women Black Tracksuit,images\2226.jpg,156.73
43101,Reebok Men Reeplay Perfume & Deodorant Set,images\43101.jpg,141.58
18299,Aneri Women Zeenat Black Kurta,images\18299.jpg,44.04
13671,Levis Kids Blue Solid Jean,images\13671.jpg,140.98
27444,Jockey Women Black T-shirt,images\27444.jpg,106.38
26596,Puma Men Jago Ripstop Black Sports Shoes,images\26596.jpg,144.68
55064,Lakme Enrich Satins Lipstick 265,images\55064.jpg,129.02
50516,Chromozome Men Navy Blue Trunks,images\50516.jpg,68.99
6686,UCB Men's Big Ben Logo Red T-shirt,images\6686.jpg,171.7
34053,Gini and Jony Boys Yellow 3/4 Length Pants,images\34053.jpg,175.42
46473,Timex Men Sliver Dial Watch,images\46473.jpg,135.31
7754,Fila Men's Agony Black Red Shoe,images\7754.jpg,84.05
55858,Colorbar Pro Flirt Nail Lacquer 013,images\55858.jpg,124.96
35181,Wildcraft Unisex Blue Backpack,images\35181.jpg,20.28
22136,Provouge Men Black Formal Shoes,images\22136.jpg,51.0
16303,Peter England Men Check Navy Blue Shirt,images\16303.jpg,71.22
15586,Proline Men Green Printed Sweatshirt,images\15586.jpg,186.68
36704,Burberry London Men Special Edition Perfume,images\36704.jpg,173.02
5003,Gini and Jony Girl's Arella Blue Kidswear,images\5003.jpg,173.12
14454,Enroute Women Casual Taupe Casual Heels,images\14454.jpg,129.29
53393,Alma Women Printed Beige Kurta,images\53393.jpg,134.65
11126,Urban Yoga Women Solid Blue Track Pants,images\11126.jpg,134.6
25313,Casio Youth Series Men Digital Watch AE-1100W-1AVDF(D085),images\25313.jpg,190.26
57733,Lotus Herbals Cocoa Lip Balm,images\57733.jpg,163.38
40784,Quiksilver Men Blue Flip Flops,images\40784.jpg,56.47
36536,United Colors of Benetton Women Blue Sling Bag,images\36536.jpg,78.83
52073,Myntra Men Grey & Red T-shirt,images\52073.jpg,173.49
58549,Miami Blues Women Sunglasses,images\58549.jpg,100.1
14666,Basics Men Red Slim Fit Checked Shirt,images\14666.jpg,161.44
33878,Citizen Men Silver Dial Watch,images\33878.jpg,173.89
44116,Boss Men Made For Summer Perfume,images\44116.jpg,146.82
5231,Classic Polo Men's Cari Navy Polo T-shirt,images\5231.jpg,90.8
25121,Lino Perros Women Gem Ring Black Clutch,images\25121.jpg,165.63
32196,Fabindia Men Printed Blue Kurta,images\32196.jpg,178.7
33044,Mother Earth Women Printed Blue Kurta,images\33044.jpg,132.68
57501,Lee Cooper Men Light cocoa Sandals,images\57501.jpg,168.32
54384,Baggit Women Olive Green Handbag,images\54384.jpg,50.83
13443,United Colors of Benetton Women Solid White Tops,images\13443.jpg,166.88
2014,ADIDAS Men's Classic Yellow Polo T-shirt,images\2014.jpg,69.48
43333,Murcia Women Brown Handbag,images\43333.jpg,70.61
49609,Catwalk Women Brown Heels,images\49609.jpg,112.11
31713,Fabindia Women Anusuya Silver Earrings,images\31713.jpg,186.97
12591,Tantra Unisex Printed Blue Tshirts,images\12591.jpg,122.19
55256,Lakme Absolute Forever Silk Blacklast Eye Liner,images\55256.jpg,135.2
18897,Arrow Woman Solid Green Dress,images\18897.jpg,174.22
34261,Gini and Jony Boys Printed Red T-shirt,images\34261.jpg,11.45
50724,Doodle Girls Blue Washed Dress,images\50724.jpg,106.28
2828,Lee Cooper Men's LC Casual Denim Blue Shoe,images\2828.jpg,91.67
22304,Inc. 5 Women Casual Beige Heels,images\22304.jpg,137.11
16131,Tokyo Talkies Women Printed Red T-shirt,images\16131.jpg,187.62
46641,Rasasi Women Hope Deo,images\46641.jpg,57.02
7566,Nike Men's As Kobe Comic Black T-shirt,images\7566.jpg,52.35
19945,Nike Women Casual Purple Handbag,images\19945.jpg,51.17
13685,ADIDAS Men Dash Casual Shoes,images\13685.jpg,34.05
54142,Rocia Women Beige Sandals,images\54142.jpg,18.91
26562,Lee Cooper Men Brown Shoes,images\26562.jpg,34.85
55090,Pond's Flawless White Visible Lightening Daily Cream,images\55090.jpg,167.67
12757,Spykar Men Printed Blue T-Shirts,images\12757.jpg,180.61
42027,ADIDAS Women Sukoi Black Sports Shoes,images\42027.jpg,132.89
3300,Asics Men's Gel Cushioning Black Yellow Shoe,images\3300.jpg,46.1
17225,United Colors of Benetton Men Funky Eyewear Blue Sunglasses,images\17225.jpg,59.29
6672,Nike Women Dunk Skinny White Red Shoe,images\6672.jpg,121.05
47555,Portia Women White Heels,images\47555.jpg,149.51
46487,Timex Men Sliver Dial Chronograph Watch,images\46487.jpg,157.67
51430,Myntra Men Navy Blue & Orange Check Shirt,images\51430.jpg,118.25
15572,Chhota Bheem Kids Boys Warrior Bheem TShirt,images\15572.jpg,39.72
21747,Vans Unisex  Era Black Casual Shoes,images\21747.jpg,86.45
4125,Lotto Men Kochi Tuskers Authentic Orange Jersey,images\4125.jpg,146.9
45202,Casio Enticer Men Black Marine Sports Watch MTD-1069D-1AVDF(A657),images\45202.jpg,63.27
37622,Madagascar3 Boys Red Printed T-Shirt,images\37622.jpg,53.95
20695,Buckaroo Men Bello Blue Casual Shoes,images\20695.jpg,170.42
53367,Puma Unisex Pink Backpack,images\53367.jpg,147.74
32350,Q&Q Men Black Dial Watch,images\32350.jpg,184.32
56615,Streetwear Stay On Mineral Rose Swirl Blusher,images\56615.jpg,50.46
4919,Gini and Jony Girl's Veeya Pink Kidswear,images\4919.jpg,131.85
10000,Palm Tree Girls Sp Jace Sko White Skirts,images\10000.jpg,114.94
4317,Tantra Kid's Unisex Kya Boss Red Kidswear,images\4317.jpg,25.19
45030,Maxima Men Black Watch,images\45030.jpg,109.88
15740,Nike Women Air Relentless Grey Sports Shoes,images\15740.jpg,199.94
52087,Myntra Women Yellow T-shirt,images\52087.jpg,53.95
21575,Lino Perros Men Pack of Five Striped Socks,images\21575.jpg,42.23
37410,Murcia Women Envelope Green Handbag,images\37410.jpg,134.38
56427,Streetwear Groovy Baby Eye Shadow,images\56427.jpg,161.65
32162,Playboy Women Playmate Black Ankle Socks,images\32162.jpg,52.27
40542,Titan Women Gold Watch,images\40542.jpg,91.99
38458,Baggit Women Orange Sling Bag,images\38458.jpg,61.62
27682,Murcia Women Black Handbag,images\27682.jpg,65.38
9408,Fastrack Women Sunglasses,images\9408.jpg,182.36
30635,Nike Men Basic Crew Blue T-shirt,images\30635.jpg,106.61
42215,Sepia Women Teal Top,images\42215.jpg,199.12
3132,DUSG Men's Tadoba Organic Cotton Cappuccino T-shirt,images\3132.jpg,21.01
34295,Fabindia Orange Silk Dupatta,images\34295.jpg,156.61
18863,Puma Men Heritage Red Sweatshirt,images\18863.jpg,109.93
6440,Lotto Men's Calcetto Black Brown Shoe,images\6440.jpg,198.88
17017,Rocia Women Casual Brown Sandal,images\17017.jpg,82.75
23222,Aneri Women Freya Red Kurta,images\23222.jpg,55.1
51602,Wrangler Women Blue Molly Jeans,images\51602.jpg,172.91
7592,Nike Men's Dunk Low Blue Shoe,images\7592.jpg,48.7
53531,Amante Women Pink Bikini Briefs PCLR02,images\53531.jpg,188.28
44586,Lee Men Tino Blue Jeans,images\44586.jpg,100.93
37074,Lino Perros Women Black Handbag,images\37074.jpg,23.42
4773,ADIDAS Women 3S Blue Capri,images\4773.jpg,87.77
15324,Nike Men Printed White Sweatshirts,images\15324.jpg,11.86
21111,s.Oliver Women Check Purple Top,images\21111.jpg,54.13
40126,Gini and Jony Boys Boxer White Shorts,images\40126.jpg,64.22
24463,Numero Uno Men Brown Casual Shoes,images\24463.jpg,118.05
10656,Doodle Girl Little frock Pink Tops,images\10656.jpg,98.98
37848,Hidekraft Men Black Wallet,images\37848.jpg,22.87
57191,Elle Women White Top,images\57191.jpg,162.26
56043,Colorbar Keep Blushing Full Finish Longwear Lipstick 08,images\56043.jpg,147.8
11784,Lee Women Solid Black Tshirts,images\11784.jpg,13.8
32506,Franco Leone Men Brown Sandals,images\32506.jpg,133.8
49299,Arrow Women Pack Of 5 Socks,images\49299.jpg,154.01
42671,Alma Women Green Kurta,images\42671.jpg,197.19
3556,Skechers Men Dark Brown Lifestyle Shoe,images\3556.jpg,49.24
26334,DKNY Women Black Dial Watch NY4951,images\26334.jpg,64.69
12101,W Women Printed Pink Kurtas,images\12101.jpg,60.15
54714,Shree Women Charcoal Grey & Sea Green Printed Salwar Suit with Dupatta,images\54714.jpg,40.97
6818,Timberland Men's Grn Thng Red Flip Flop,images\6818.jpg,34.53
2484,Puma Women Spagetti White Top,images\2484.jpg,25.13
30251,Numero Uno Men Green Flip Flops,images\30251.jpg,92.86
22794,Manchester United Men Navy Blue Tshirt,images\22794.jpg,84.47
8982,Puma Men Evo Ducati Lo White Casual Shoes,images\8982.jpg,185.88
51266,Parx Men Black Belt,images\51266.jpg,57.04
6024,UCB Women's Boat Neck Chest Print Green T-shirt,images\6024.jpg,17.99
47303,Baggit Women Black Purse,images\47303.jpg,113.5
26106,John Miller Men Striped Purple Shirt,images\26106.jpg,192.74
12333,Spykar Women Ep Jeans Blue Jeans,images\12333.jpg,136.66
3764,Status Quo Men's London Icon Navy T-shirt,images\3764.jpg,106.38
30063,Ed Hardy Men Grey Watch,images\30063.jpg,11.0
48179,Fossil Women Green Handbag,images\48179.jpg,82.81
54526,F Sports Men White Zero Gravity Sports Shoes,images\54526.jpg,187.02
18609,Puma Men Polo Red Tshirt,images\18609.jpg,97.74
35511,Bata Men Lite Black Flip Flops,images\35511.jpg,153.1
49897,Q&Q Kids Girls White Dial Watch,images\49897.jpg,58.36
16793,Highlander Men Check Blue Shirt,images\16793.jpg,19.37
51054,Enamor Lavender Bra,images\51054.jpg,189.45
50186,Paridhan Women Orange Printed Handbag,images\50186.jpg,175.38
17641,Puma Unisex Cat White Headband,images\17641.jpg,41.55
23474,Lino Perros Men Grey Check Scarf,images\23474.jpg,149.32
48945,Revv Men Steel Ring,images\48945.jpg,137.38
6216,Lee Men's Printed Black T-shirt,images\6216.jpg,179.92
47131,Be For Bag Women Pink Bag,images\47131.jpg,138.24
37246,United Colors of Benetton Men Charcoal Shoes,images\37246.jpg,189.31
5493,Mr.Men Men's Cool Soft Grey T-shirt,images\5493.jpg,138.38
15116,Arrow Men TR Finish Grey Trousers,images\15116.jpg,197.4
59239,Titan Men White Watch,images\59239.jpg,131.75
21323,Louis Philippe Men Sunglasses LP045-C5,images\21323.jpg,73.91
36394,Reid & Taylor Men Reid & Taylor Blue Socks,images\36394.jpg,156.58
4541,Classic Polo Men's White T-shirt with Navy Stripes,images\4541.jpg,171.52
24651,Lino Perros Women Casual Handbag,images\24651.jpg,133.79
10464,Flying Machine Men Mauvemist Pink Tshirts,images\10464.jpg,61.41
40314,Warner Bros Kids Unisex White sandals,images\40314.jpg,175.3
56271,Biara Women Nude Bra,images\56271.jpg,72.04
25783,Arrow Men Black & Beige Suspenders,images\25783.jpg,53.79
27649,Superman Men Printed Blue T-shirt,images\27649.jpg,150.61
16932,Spykar Men Off White Polo Tshirt,images\16932.jpg,119.71
49636,Mineral Blue & White Skirt,images\49636.jpg,194.96
19146,United Colors of Benetton Men Solid Grey Sweatshirt,images\19146.jpg,154.84
55269,Lakme Absolute Shine Line Black Eye Liner,images\55269.jpg,48.97
2817,Lee Cooper Men's Casual Leather Black Shoe,images\2817.jpg,163.85
7559,Nike Men's Black Polo T-shirt,images\7559.jpg,161.68
25922,Femella Women Navy Blue T-shirt,images\25922.jpg,167.95
36509,United Colors of Benetton Women Brown Handbag,images\36509.jpg,163.27
58576,Puma Women Yellow T-shirt,images\58576.jpg,119.61
14659,Probase Men Solid LT.Khaki Trousers,images\14659.jpg,72.25
33847,Puma Men Future Cat White Shoes,images\33847.jpg,83.81
39541,Bwitch Maroon Bra,images\39541.jpg,69.79
38493,Gini and Jony Boys Core Blue T-shirt,images\38493.jpg,78.14
40589,Aurelia Women Printed White Kurta,images\40589.jpg,95.34
44915,Puma Men Blue T-shirt,images\44915.jpg,79.15
59696,Avirate Cream Brief,images\59696.jpg,113.63
11925,Skechers Women Tone Black Sandals,images\11925.jpg,60.17
58744,Puma Men Burgundy T-shirt,images\58744.jpg,198.64
41669,Catwalk Women Silver Heels,images\41669.jpg,113.37
39773,Peter England Men Navy Blue Casual Shirt,images\39773.jpg,180.03
11119,Indigo Nation Men Solid White Shirts,images\11119.jpg,141.94
5800,ADIDAS Men's Chat Black T-shirt,images\5800.jpg,82.1
33249,Arrow Men Blue Striped Shirt,images\33249.jpg,64.24
2219,ADIDAS Men's Black Shoe,images\2219.jpg,90.73
34850,ADIDAS Men Falcon Elite White Sports Shoes,images\34850.jpg,199.26
54189,Jockey MC Men Red Pack of 2 Briefs 8003,images\54189.jpg,59.78
35982,Flying Machine Women Grey T-shirt,images\35982.jpg,51.79
8723,Indigo Nation Men Striped Yellow Shirt,images\8723.jpg,21.6
22935,Fastrack Women Red Casual Watch,images\22935.jpg,150.43
28433,DKNY Women Beige Dial Watch NY8308,images\28433.jpg,50.39
55867,Colorbar Oh My Magenta 2 Nail Lacquer 85V,images\55867.jpg,77.44
22109,Reebok Men White Acciomax II Sports Shoes,images\22109.jpg,90.9
5458,Nike Men Training Knit Navy Blue Track Pant,images\5458.jpg,127.11
58320,Jockey LCESCBRA Men White Pack of 3 Socks 2004,images\58320.jpg,155.01
57368,Amante Women Brown Briefs PCLR02,images\57368.jpg,84.36
14833,United Colors of Benetton Men Solid Brown Belts,images\14833.jpg,197.55
39317,Gini and Jony Boys Printed White T-shirt,images\39317.jpg,168.36
25748,Lino Perros Men Leather Brown Belt,images\25748.jpg,45.68
46814,Gini and Jony Girls Pink Skirt,images\46814.jpg,81.26
49060,Flying Machine Men Black Shoes,images\49060.jpg,95.14
50971,Enamor White Classique Bra,images\50971.jpg,52.72
16758,Spice Art Women Double Handle Shimmer Handbags,images\16758.jpg,167.06
31946,Nike Men Avid Grey Shoes,images\31946.jpg,84.21
28057,Jockey ELANCE Men Black Pack of 2 Briefs 1010,images\28057.jpg,105.04
30894,Fabindia Women Printed White & Blue Patiala,images\30894.jpg,180.05
34408,Myntra Men Black Printed T-shirt,images\34408.jpg,59.83
8175,Catwalk Women Casual Brown Flats,images\8175.jpg,26.38
7901,Proline Men's Printed Chalk Cream Brown T-shirt,images\7901.jpg,133.13
19522,United Colors of Benetton Men Check Navy Blue Sweater,images\19522.jpg,155.37
13018,Inc 5 Women Casual Black Flats,images\13018.jpg,56.58
48380,French Connection Men Charcoal Trousers,images\48380.jpg,164.16
43768,Royal Diadem Black Earrings,images\43768.jpg,152.76
8949,Indigo Nation Men ID Printed Grey Trousers,images\8949.jpg,167.88
13824,Proline Men White & Maroon Colourblocked Beanie,images\13824.jpg,111.23
28265,Gatsby Men Classic Deo,images\28265.jpg,156.11
58112,Rreverie Dark Brown & Turquoise Earrings,images\58112.jpg,147.92
20008,United Colors of Benetton Men Printed Orange TShirt,images\20008.jpg,162.24
57966,Prafful Multi Coloured Sari,images\57966.jpg,14.8
52428,Red Rose Women Peach Nightdress,images\52428.jpg,178.23
37883,Happy Socks Unisex Multi Color Socks,images\37883.jpg,13.27
56088,Colorbar Star Shine Shock-o-Late Lip Gloss 04,images\56088.jpg,130.5
39125,Aneri Women Purple Leggings,images\39125.jpg,52.33
37279,Tantra Women Pink Curly Heart T-shirt,images\37279.jpg,23.37
15129,Arrow Sport Men Solid DK.Grey Trousers,images\15129.jpg,168.22
45659,Park Avenue Men White Innerwear Vest,images\45659.jpg,25.35
38231,Polaroid Women Sunglasses,images\38231.jpg,134.25
15915,Black Coffee Men Check Purple Slim Fit Shirt,images\15915.jpg,178.6
11589,W Women Printed Red Kurta,images\11589.jpg,134.53
26139,John Miller Men Grey Trousers,images\26139.jpg,104.5
51857,Highlander Men  Blue & Beige Check  Shirt,images\51857.jpg,193.28
49094,Deborah Kajal 119,images\49094.jpg,174.52
48146,Fossil Women Black and Brown Wallet,images\48146.jpg,45.72
2689,Inkfruit Women Happy Dolphin Purple T-shirt,images\2689.jpg,101.72
9261,Mark Taylor Men Red Striped Shirt,images\9261.jpg,90.61
50985,Enamor Women White Brief,images\50985.jpg,162.19
54519,F Sports Men Navy Blue Vito Shoes,images\54519.jpg,18.3
18636,Puma Men V.11 Speed  White Tshirts,images\18636.jpg,171.41
26905,Jealous 21 Women Off White Top,images\26905.jpg,169.23
29171,United Colors of Benetton Kids Girls Washed Blue Skirt,images\29171.jpg,164.0
22599,Nike Women Yellow T-shirt,images\22599.jpg,68.92
30860,Fabindia Women Printed Maroon Kurta,images\30860.jpg,195.58
6229,Lee Men's Shot Black T-shirt,images\6229.jpg,144.17
3569,ADIDAS Mens Lightbone Brown Sandal,images\3569.jpg,74.92
8181,Locomotive Men Check Ladislav Purple Shirts,images\8181.jpg,188.35
18404,Skechers Men USA Brown Shoe,images\18404.jpg,157.39
6827,Timberland Women Belle Isld Boat Ball Black Floater,images\6827.jpg,189.63
48374,French Connection Men Purple & Black Striped Shirt,images\48374.jpg,36.27
9053,ADIDAS Men Duramo 3 M Grey Sports Shoes,images\9053.jpg,184.05
51259,Park Avenue Men Black Belt,images\51259.jpg,47.31
29343,Probase Men Printed White T-shirt,images\29343.jpg,86.92
12902,Puma Women Cabana Racer SL Black Casual Shoes,images\12902.jpg,96.74
28291,Fastrack Men Black Sunglasses,images\28291.jpg,165.67
23679,Red Tape Men Mocassins Black Casual Shoes,images\23679.jpg,38.47
40925,Gini and Jony Boys Comics Blue Jeans,images\40925.jpg,190.62
57992,Latin Quarters Women Purple Shirt,images\57992.jpg,166.77
36199,Gini Jony Boys Polo Black T-Shirt,images\36199.jpg,38.36
59034,Carlton London Women Black Heels,images\59034.jpg,69.06
38003,Q&Q Men Black Watch,images\38003.jpg,50.97
40119,ADIDAS Women Orange T-shirt,images\40119.jpg,15.69
10669,Doodle Boy Road Trip Grey Tshirts,images\10669.jpg,166.51
37877,Happy Socks Unisex Cream Socks,images\37877.jpg,29.01
21912,Biba Women Orange & Purple Churidar Kurta with Dupatta,images\21912.jpg,57.88
32539,Playboy Men Malibu Perfume,images\32539.jpg,19.95
48710,Lucera Women Silver Earrings,images\48710.jpg,189.2
9437,Nike Unisex Brasilia 5 Me Black Backpacks,images\9437.jpg,53.1
17814,Lee Cooper Men  Black Casual Shoe,images\17814.jpg,91.33
17028,GAS Men Grey Pine Flip Flops,images\17028.jpg,114.31
3931,Jealous 21 Women's Black Butterfly T-shirt,images\3931.jpg,139.76
29727,Kiara Women Leatherette Light Green Handbag,images\29727.jpg,110.93
35378,Senorita Women Green Flats,images\35378.jpg,160.3
4328,Tantra Kid's Unisex Cute Mom Red Kidswear,images\4328.jpg,96.15
20498,Baggit Women Galaxy Exel Navy Blue Handbag,images\20498.jpg,183.22
56418,Biara Women Black Bra,images\56418.jpg,143.29
52884,FNF Orange Printed Sari,images\52884.jpg,86.01
38467,Baggit Women Purple Wallet,images\38467.jpg,140.5
21778,Fossil Men Maxim Brown Belt,images\21778.jpg,155.19
59662,FNF Multi Colour Evening Wear Sari,images\59662.jpg,43.73
10803,Wrangler Men Dodge Broad Accent Check White Shirts,images\10803.jpg,68.55
53358,Puma Men Black Twinkle Belt,images\53358.jpg,123.45
4926,Gini and Jony Girl's Valencia Green Blue Infant Kidswear,images\4926.jpg,192.63
38655,Nike Men Air Impetus II White Sports Shoes,images\38655.jpg,190.84
48522,French Connection Women Blue Jumpsuit,images\48522.jpg,196.18
23813,Puma Men Jiff Black Flip Flops,images\23813.jpg,146.75
9605,Scullers Men Scul Green White Shirts,images\9605.jpg,14.35
19380,Crusoe Men Grey Boxers 1017,images\19380.jpg,85.28
12768,Mother Earth Women Plain Mangalgiri Green Tunics,images\12768.jpg,124.6
34098,Doodle Boys Check Multi Coloured Shirt,images\34098.jpg,14.51
54941,Do u speak green Women Teal Top,images\54941.jpg,144.33
55893,Colorbar Apple Martini Nail Lacquer 06,images\55893.jpg,64.64
42824,Little Miss Intimates Women Red Brief,images\42824.jpg,123.47
14462,Enroute Women Casual Gold Peep Toes,images\14462.jpg,67.91
36732,Spykar Women Liana Blue Jeans,images\36732.jpg,191.3
5809,Puma Women Black Capris,images\5809.jpg,176.81
57705,Lotus Herbals Sandalwood Sun Screen,images\57705.jpg,157.99
33240,Arrow Men Blue Striped Shirt,images\33240.jpg,129.86
32392,Arrow Woman Grey Shirt,images\32392.jpg,15.17
41660,Mark Taylor Men Blue Striped Shirt,images\41660.jpg,138.81
11110,Indigo Nation Men Check White Shirts,images\11110.jpg,97.63
25325,Casio Edifice Men Multi-Dial Watch EF-334D-1AVDF(ED420),images\25325.jpg,70.98
55052,Lakme Enrich Satins Lipstick 134,images\55052.jpg,98.93
12795,Nike Men Brazil Yellow Tshirts,images\12795.jpg,72.28
2210,ADIDAS Men 3 Stripe Black Polo T-shirt,images\2210.jpg,12.2
43137,David Beckham Men Intense Instinct Perfume,images\43137.jpg,155.19
34859,Vans Unisex Classic Slip-On White Shoes,images\34859.jpg,37.55
27472,Jockey Essence Black Bra 2001,images\27472.jpg,147.81
22100,Vishudh Women Printed Blue Kurta,images\22100.jpg,82.61
16335,Peter England Men Stripes Navy Blue Shirt,images\16335.jpg,52.79
50520,Chromozome Men Grey Melange Innerwear Vest,images\50520.jpg,29.72
34065,Gini and Jony Girls Black Dress,images\34065.jpg,74.94
47597,Portia Women Beige Wedges,images\47597.jpg,72.19
31725,Fabindia Women Anusuya Silver Pendant,images\31725.jpg,165.9
8518,Nike Women Nike Purple Tote Purple Bags,images\8518.jpg,52.97
26792,Arrow Men Blue Striped Slim Fit Shirt,images\26792.jpg,16.77
55260,Lakme Forever Silk Jaded Mint Eye Liner,images\55260.jpg,53.7
13475,Rocia Women Brown Flats,images\13475.jpg,86.21
27640,Reebok Men Grey Premier Trinity Sports Shoes,images\27640.jpg,109.65
43305,United Colors of Benetton Women Pink Shirt,images\43305.jpg,37.11
22332,John Players Men Solid Maroon Polo T-Shirt,images\22332.jpg,104.55
16107,M tv Women My Fab Eyewear Black Sunglasses,images\16107.jpg,19.69
46677,Rasasi Women Pack of 3 Perfumes,images\46677.jpg,119.73
7550,Nike Men's Teal Blue Polo T-shirt,images\7550.jpg,74.55
19973,United Colors of Benetton Men Solid Grey Cap,images\19973.jpg,178.05
6482,ADIDAS Men's Strip Polo Black Green T-shirt,images\6482.jpg,110.34
34257,Proline Men Charcoal Tracksuit,images\34257.jpg,75.21
50712,Chromozome Men Red Trunks,images\50712.jpg,165.17
28608,Nike Men Dart VII Leather White Sports Shoes,images\28608.jpg,107.88
20465,Baggit Women Red Famous Taj Wallet,images\20465.jpg,115.33
14650,Probase Men Face Print Blue Tshirts,images\14650.jpg,102.04
36500,Folklore Women Brown Kurta,images\36500.jpg,59.02
15782,Facit Men Navy Blue String Bikini Briefs,images\15782.jpg,86.57
52045,Just Natural Unisex Black and Grey Reversible Rain Jacket,images\52045.jpg,169.43
40580,W Women White Top,images\40580.jpg,171.06
33072,U.S.Polo Assn Men Blue Polo T-shirt,images\33072.jpg,81.54
25117,Lino Perros Women Beaded Pink Clutch,images\25117.jpg,174.62
52879,FNF Magenta Printed Sari,images\52879.jpg,180.87
41452,Lee Cooper Men White Shoes,images\41452.jpg,175.61
27224,Doodle Kids Girl Printed White Dress,images\27224.jpg,83.54
30293,Myntra Men Love Off White T-shirt,images\30293.jpg,120.23
3594,Converse Men's Chuck Taylor Print OX White Canvas Shoe,images\3594.jpg,184.22
7908,Proline Men Cream & Purple Striped Polo T-shirt,images\7908.jpg,157.86
34633,Lotto Men Dolce Vita II Black Sports Shoes,images\34633.jpg,32.04
50376,Woodland Men Black Shoes,images\50376.jpg,70.61
9892,Indian Terrain Men Laffer Off-White Trousers,images\9892.jpg,195.74
23684,Newhide Brown Men Antique Wallet,images\23684.jpg,188.37
22756,BIBA Women Solid Red Kurta,images\22756.jpg,127.94
8940,Indigo Nation Men Reversible Bling Red Shirts,images\8940.jpg,181.21
7134,Urban Yoga Men Bottom Navy Yoga Pants,images\7134.jpg,180.97
36164,Status Quo Men Grey T-shirt,images\36164.jpg,196.31
39910,ADIDAS Men Blue & Red F10 Sports Shoes,images\39910.jpg,183.98
52421,Red Rose Women Multi Coloured Nightdress,images\52421.jpg,57.59
20001,United Colors of Benetton Men Printed Green T-shirt,images\20001.jpg,28.23
44544,Coolers Men Black Sandals,images\44544.jpg,78.59
56081,Colorbar Clear Glaze Star Shine Lip Gloss 015,images\56081.jpg,194.68
11746,Lee Men Yellow Polo T-shirt,images\11746.jpg,53.51
25573,FILA Men Trempet White Sports Shoes,images\25573.jpg,32.88
41036,Nautica Men Black Dial Chronograph Watch,images\41036.jpg,32.1
33416,Baggit Women Purple Wallet,images\33416.jpg,75.59
10694,Doodle Girl Be Born Pink Tops,images\10694.jpg,78.64
57153,Elle Women Peach T-shirt,images\57153.jpg,36.36
4583,Wildcraft Unisex Grey Backpack,images\4583.jpg,168.38
36356,Reid & Taylor Men Yellow Patterned Tie,images\36356.jpg,79.59
44776,Lotto Men Black Dolce Vita Shoes,images\44776.jpg,48.98
5451,Nike Men's Tempo Blue Short,images\5451.jpg,13.7
37284,Tantra Women Purple Shopping T-shirt,images\37284.jpg,33.44
20233,Wrangler Women Felt Grey Sweater,images\20233.jpg,89.51
58329,Lotto Men Red Flip Flops,images\58329.jpg,99.2
14006,Nike Men Solid Black Jerseys,images\14006.jpg,96.05
11574,W Women Printed Grey Kurtas,images\11574.jpg,91.54
25741,Wrangler Women Leather Brown Wallet,images\25741.jpg,31.1
24693,Locomotive Men Grey Printed T-Shirt,images\24693.jpg,111.48
57361,Amante Pink Printed Full-Coverage Bra BGTC01,images\57361.jpg,128.07
33624,Lino Perros Women Brown Wallet,images\33624.jpg,156.35
50978,Enamor Masai Lift Bra,images\50978.jpg,48.47
2674,Inkfruit Men's State Trance Black T-shirt,images\2674.jpg,19.54
43553,Puma Men Black Complete Running Cap,images\43553.jpg,42.12
13223,Palm Tree Kids Boys Washed Blue Shorts,images\13223.jpg,52.18
27016,Jealous 21 Women Washed Blue Jeans,images\27016.jpg,188.1
19719,United Colors of Benetton Men Stripes Grey Shirt,images\19719.jpg,68.72
55436,Revlon Raspberry Colorburst Lipstick 045,images\55436.jpg,13.61
49069,Lino Perros Women Pink Handbag,images\49069.jpg,15.65
31173,Gini and Jony Girls Printed White Top,images\31173.jpg,116.26
17683,Catwalk Women Ballerina Black Casual Shoe,images\17683.jpg,24.23
34401,Myntra Men Black Printed T-shirt,images\34401.jpg,165.09
46021,Fabindia Women Orange Kurti,images\46021.jpg,197.15
7306,UCB Women's Sleeveless Off White Dress,images\7306.jpg,181.65
49855,Q&Q Kids Unisex Black Digital Watch,images\49855.jpg,171.1
22564,Lino Perros Black Women Casual Sling Bag,images\22564.jpg,164.3
16751,Spice Art Women Copper Leartherite Multi Clutch,images\16751.jpg,48.21
54722,Shree Women Yellow & Red Printed Salwar Suit with Dupatta,images\54722.jpg,64.4
30267,Speedo Men Sheet Sunglasses,images\30267.jpg,87.98
43795,Royal Diadem Magenta Earrings,images\43795.jpg,82.62
42647,Alma Women Purple Printed Kurta,images\42647.jpg,191.89
8188,Locomotive Men Solid Poplin Laidley Purple Shirts,images\8188.jpg,174.34
3560,Skechers Men Off White Lifestyle Casual Shoe,images\3560.jpg,95.05
12137,Aurelia Women Solid Navy Blue Kurtas,images\12137.jpg,185.94
6012,Highlander Men White Casual Checked Slim Fit Shirt,images\6012.jpg,24.2
47335,Baggit Women Green Handbag,images\47335.jpg,75.48
9866,Status Quo Men Pink Polo Tshirts,images\9866.jpg,109.57
17445,Casio Enticer Men Black Analogue Watches (BS063) BEM-501L-1AVDF,images\17445.jpg,29.94
50382,Vishudh Women Printed Cream Salwar and Dupatta,images\50382.jpg,46.29
23670,Spykar Men Green Printed T-shirts,images\23670.jpg,29.48
28298,Fastrack Men Sunglasses,images\28298.jpg,51.42
56849,John Players Men Navy Regular Fit Jeans,images\56849.jpg,198.53
4745,ADIDAS Men's Green Polo T-shirt,images\4745.jpg,157.4
15312,ADIDAS Women Neo Feather Blue Sandals,images\15312.jpg,46.95
21127,s.Oliver Women Printed Navy Blue Top,images\21127.jpg,119.99
38836,Latin Quarters Women Blue Dress,images\38836.jpg,24.98
53507,Amante Nude-Coloured Full-Coverage Bra BFOM12,images\53507.jpg,130.64
5697,Skechers Men Black Casual Shoes,images\5697.jpg,80.43
56075,Colorbar Plum Lip Liner/Crayon 004,images\56075.jpg,174.07
25587,Vishudh Women Black & Purple Printed Churidar Kurta with Dupatta,images\25587.jpg,164.67
32530,Tonino Lamborghini Men Pack of 2 Deos,images\32530.jpg,184.54
40110,ADIDAS Men Blue Tracksuit,images\40110.jpg,112.9
24455,Nike Women Court Majestic White Shoes,images\24455.jpg,131.78
10660,Doodle Girl Hot shorts ice wash Blue Shorts,images\10660.jpg,22.02
15120,Arrow Men Wooltouch Charcoal Trousers,images\15120.jpg,130.22
21315,Celine Dion Women Black Frame Sunglasses,images\21315.jpg,19.9
4577,Nike Men's Mercurial Vic Pink Shoe,images\4577.jpg,126.1
45650,Park Avenue Men Black Trunks,images\45650.jpg,139.97
44782,Lotto Men White Los Angeles II Sports Shoes,images\44782.jpg,187.64
53735,Puma Men Brown Vintage Ferrari Shoes,images\53735.jpg,145.74
11580,W Women Printed White Kurtas,images\11580.jpg,100.15
56247,SDL by Sweet Dreams Men Grey & Blue Pyjama Set,images\56247.jpg,23.63
57395,Amante Women Brown Briefs PGBR01,images\57395.jpg,17.99
10452,Flying Machine Men HS Grey Tshirts,images\10452.jpg,162.7
40322,ADIDAS Men White Sparta Sports Shoes,images\40322.jpg,175.49
38238,Polaroid Men Sunglasses,images\38238.jpg,181.84
9268,Scullers Men White Check Shirt,images\9268.jpg,87.12
2680,Inkfruit Men's Indian Rule Blue T-shirt,images\2680.jpg,34.83
30055,Skagen Men Black Dial Watch,images\30055.jpg,12.43
28896,Enamor Women Maroon Mid-Rise Bikini Brief,images\28896.jpg,61.69
54510,Lino Perros Women Brown Handbag,images\54510.jpg,164.32
12305,Genesis Men Check Navy Blue Shirts,images\12305.jpg,19.66
29944,Police Men Black Dial Watch PL13088JS-02,images\29944.jpg,178.13
3752,Status Quo Men's Music Revolution Green T-shirt,images\3752.jpg,40.6
31187,Cabarelli Men Accessory Gift Set,images\31187.jpg,68.01
17677,Catwalk Women Weaved Strap Tan Flats,images\17677.jpg,70.3
30869,Fabindia Women Printed Beige Kurta,images\30869.jpg,24.48
23442,Satya Paul Women Orange Printed Tunic,images\23442.jpg,166.14
6220,Lee Men's Believe Burnt Orange T-shirt,images\6220.jpg,16.95
22590,Nike Men Solid Grey Shorts,images\22590.jpg,86.83
29178,United Colors of Benetton Women Washed Blue Jeans,images\29178.jpg,51.56
14496,Flying Machine Men Casual Grey Casual Shoes,images\14496.jpg,26.78
15544,Catwalk Women Casual Black Heels,images\15544.jpg,115.07
4113,Fila Men's Bruno White Shoe,images\4113.jpg,61.34
45234,Casio Youth Series Men Analog-Digital Watch AW-80-1AVDFAD84,images\45234.jpg,155.43
40746,Roxy Women Black Cap,images\40746.jpg,15.79
32366,Q&Q Men Black Watch,images\32366.jpg,182.23
41694,Superman Men Black Printed Lounge Pants,images\41694.jpg,66.41
26554,ID Men Blue Shoes,images\26554.jpg,160.04
19389,ADIDAS Men Printed White Tshirt,images\19389.jpg,55.91
42011,Estd. 1977 Men Grey Sandals,images\42011.jpg,194.88
3336,ADIDAS Men's Mumbai Indians Rage Blue T-shirt,images\3336.jpg,16.85
54174,Femella Golden Necklace,images\54174.jpg,195.93
27486,Jockey Women Purple Bikini Briefs,images\27486.jpg,41.27
35143,Allen Solly Women Black Handbag,images\35143.jpg,170.58
7796,Proline Men Grey Polo T-shirt,images\7796.jpg,80.73
51406,Myntra Men Yellow Striped Shirt,images\51406.jpg,69.89
17213,United Colors of Benetton Women Funky Eyewear Purple Sunglasses,images\17213.jpg,108.87
34091,Doodle Girls Printed Grey Top,images\34091.jpg,187.33
54948,Do u speak green Men Grey Sweatshirt,images\54948.jpg,104.25
6644,Nike Women Transform III IN White Shoe,images\6644.jpg,136.54
47563,Portia Women Black Sandals,images\47563.jpg,150.25
42223,Sepia Women Blue Striped Top,images\42223.jpg,11.29
3104,Probase Men's Wtf Turquoise T-Shirt,images\3104.jpg,96.01
55294,Lakme Absolute Beigeshine Plump & Shine Lip Gloss,images\55294.jpg,79.79
54346,Levis Men 3 Pair Of Socks,images\54346.jpg,124.71
13481,Rocia Women Black Flats,images\13481.jpg,154.62
30603,Nike Boys Basketball Red Shorts,images\30603.jpg,108.47
3938,Jealous 21 Women's White Blue T-shirt,images\3938.jpg,157.09
51634,Fossil Women White Dial Chronograph Watch ES2783,images\51634.jpg,76.58
46683,Rasasi Men Romance Forever Perfume,images\46683.jpg,123.71
19987,United Colors of Benetton Women Solid Blue Top,images\19987.jpg,131.3
18855,Puma Men Athletic Stellar Blue Polo Tshirt,images\18855.jpg,98.25
6476,ADIDAS Men's Fit White T-shirt,images\6476.jpg,54.35
17021,Rocia Women Casual Black Sandal,images\17021.jpg,160.05
23214,Aneri Women Sagar Cream Kurta,images\23214.jpg,194.31
20491,Baggit Women Knotty Taj Maroon Handbag,images\20491.jpg,48.25
4321,Tantra Kid's Unisex Genius Red Kidswear,images\4321.jpg,16.72
45006,Maxima Men Attivo Digital Watch,images\45006.jpg,99.76
15776,Facit Men Trophy BF Blue Briefs,images\15776.jpg,167.99
59459,Lucera Silver Ring,images\59459.jpg,17.82
21543,Kiara Women Small Pocket Black Handbag,images\21543.jpg,151.45
40574,W Women White Kurta,images\40574.jpg,173.98
1653,Reebok Men's Ventilator Ubiq Shoe,images\1653.jpg,23.93
33086,Catwalk Women Red Flats,images\33086.jpg,165.87
10204,Murcia Women Hahk Purple Handbags,images\10204.jpg,20.37
56411,GAS Men Brown Savana Sandals,images\56411.jpg,107.63
48184,Fossil Women Brown Handbag,images\48184.jpg,145.11
50947,Lee Womens Blue Jeggings,images\50947.jpg,121.52
27029,Jealous 21 Women Blue Capris,images\27029.jpg,83.38
19726,United Colors of Benetton Women Solid Black Shirt,images\19726.jpg,111.13
55409,Revlon ColorStay Overtime Everlasting Rum Lipcolor 370,images\55409.jpg,23.06
46822,Catwalk Women Multicoloured Heels,images\46822.jpg,34.27
51895,Nyk Women Brown Wallet,images\51895.jpg,196.93
8371,Doodle Girl's Dont Worry Hippie Yellow Teen Kidswear,images\8371.jpg,69.73
3799,Tantra Kid's Cartoon Pink Kidswear,images\3799.jpg,181.13
49056,Lucera Women Silver Ring,images\49056.jpg,193.61
23489,FILA Men Forza 11 Black Sports Shoes,images\23489.jpg,99.25
28061,Jockey ELANCE Men Pack Of Two Grey Briefs 1010,images\28061.jpg,12.38
27815,Bulchee Men Brown And Black Reversible Belt,images\27815.jpg,99.66
31970,Nike Men Lengo Black Sports Shoes,images\31970.jpg,61.42
36369,Reid & Taylor Men Blue Tie,images\36369.jpg,121.63
44749,Globalite Men Grey Tracker Shoes,images\44749.jpg,130.07
58316,Jockey LCESCBRA Men White Pack of 3 Socks 2004,images\58316.jpg,65.37
14039,Flying Machine Men Check Green Shirts,images\14039.jpg,175.59
39321,Gini and Jony Girls Blue Capris,images\39321.jpg,51.73
10499,Flying Machine Women Aspen Yellow Tshirts,images\10499.jpg,111.9
14805,United Colors of Benetton Women Solid Black Handbags,images\14805.jpg,29.33
56882,HM Women Red Heels,images\56882.jpg,100.28
37089,Lino Perros Women Brown Handbag,images\37089.jpg,52.47
57950,Clarks Men Brown Formal Shoes,images\57950.jpg,148.04
41009,Gini and Jony Girls Woven Navy Blue Jeans,images\41009.jpg,43.81
39113,Angry Birds Men Red Printed T-shirt,images\39113.jpg,55.02
58918,Hakashi Men Red & Black Silk Tie,images\58918.jpg,94.53
33429,Baggit Women Naughty Lips Teal Handbag,images\33429.jpg,195.25
20802,Fila Men Racer White Sports Shoes,images\20802.jpg,129.96
9091,Buckaroo Men Amigo Maroon Casual Shoes,images\9091.jpg,90.4
2479,Puma Men's Foundation Grey Polo T-shirt,images\2479.jpg,25.54
8143,Fastrack Women Bikers Analog Steel Black Watch,images\8143.jpg,130.4
7937,Puma Men's Tech Graphic Green Black T-shirt,images\7937.jpg,32.0
19514,Wrangler Leather Men Black Wallets,images\19514.jpg,114.96
13812,Proline Navy Striped Sweater,images\13812.jpg,123.22
28253,Wild stone Men Smoke Deo,images\28253.jpg,85.32
50349,Aurelia Women Red Kurta,images\50349.jpg,21.98
22769,BIBA Women Printed Maroon Kurta,images\22769.jpg,52.81
33871,Citizen Men Black Dial Chronograph Watch,images\33871.jpg,68.81
58540,Miami Blues Men Sunglasses,images\58540.jpg,162.02
5238,Reebok Men's Lazor Brown Flip Flop,images\5238.jpg,166.25
25914,Femella Women Olive Leggings,images\25914.jpg,29.23
21588,Inesis Men Solid Grey Tshirt,images\21588.jpg,113.42
53994,Kiara Women White Handbag,images\53994.jpg,178.17
57508,Lee Cooper Men Brown Sandals,images\57508.jpg,106.93
44923,Jack & Jones Men Blue Jeans,images\44923.jpg,199.4
25128,Lino Perros Women Gems Silver Clutch,images\25128.jpg,109.62
52846,Adrika White Earrings,images\52846.jpg,72.7
39577,Catwalk Women Pink Flats,images\39577.jpg,172.11
8527,Nike Men Nike air embark Black Sandals,images\8527.jpg,178.26
49600,Catwalk Women White Flats,images\49600.jpg,32.14
12598,Tantra Unisex Printed Orange Tshirts,images\12598.jpg,179.05
19170,United Colors of Benetton Men Printed Olive TShirt,images\19170.jpg,58.89
16138,Tokyo Talkies Women Printed Grey Top,images\16138.jpg,27.26
34268,Fabindia Women Printed Purple Dupatta,images\34268.jpg,67.37
28637,Nike Men Air Relentless Black Sports Shoes,images\28637.jpg,39.64
2821,Lee Cooper Men Formal Leather Brown Sandal,images\2821.jpg,180.3
19342,United Colors of Benetton Women Solid Black Jacket,images\19342.jpg,137.02
13678,ADIDAS Women Blazer Sports Shoes,images\13678.jpg,153.79
18290,Aneri Women Shabarana Orange Kurta,images\18290.jpg,154.25
55851,Colorbar Pro Magnificent Sea Nail Lacquer 037,images\55851.jpg,169.19
35188,Wildcraft Women Pink Backpack,images\35188.jpg,113.54
43934,Catwalk Women Black Heels,images\43934.jpg,177.41
28405,Idee Men Black Sunglasses,images\28405.jpg,17.29
54983,Femella Women Pink Lounge Pants,images\54983.jpg,67.06
20668,Classic Polo Men Striped Maroon Tshirt,images\20668.jpg,144.34
11913,Franco Leone Men Casual Black Sandals,images\11913.jpg,31.1
5836,ADIDAS Men's Gdancin Pink T-shirt,images\5836.jpg,50.17
39745,Gini Jony Boys Blue Shorts,images\39745.jpg,56.61
33885,Citizen Men Steel Eco-Drive Watch,images\33885.jpg,24.48
37419,Murcia Women Office Red Handbag,images\37419.jpg,184.95
24832,Wildcraft Unisex Blue & Black Backpack,images\24832.jpg,122.14
45039,Maxima Men White Dial Attivo Watch,images\45039.jpg,131.78
15749,Highlander Men Solid Navy Blue Trousers,images\15749.jpg,50.45
59466,Lucera Silver Ring,images\59466.jpg,43.22
38451,Baggit Women Teal Selection Jack Sling Bag,images\38451.jpg,59.96
39583,Catwalk Women Red Flats,images\39583.jpg,166.63
19184,United Colors Of Benetton Men Red Check Shirt,images\19184.jpg,41.36
18056,Lino Perros Women Solid Brown Wallet,images\18056.jpg,148.81
48726,Lucera Women Silver Earrings,images\48726.jpg,77.73
9401,Nike Men Lunarswi + 2 Blue Sports Shoes,images\9401.jpg,35.88
17822,Lee Cooper Men  Black Formal Shoe,images\17822.jpg,143.36
3907,Urban Yoga Women's Fitted Yoga Cream Track Pant,images\3907.jpg,162.39
29711,John Miller Men Check Blue Shirt,images\29711.jpg,56.09
6449,Lotto Women's Cross Color Beige Black Flip Flop,images\6449.jpg,67.86
55099,Pond's Women Gold Radiance Youthful Glow Day Cream,images\55099.jpg,65.64
35940,Flying Machine Women Viscose Black Capris,images\35940.jpg,30.14
3309,Asics Men's Gel Challenger 8 Tennis White Blue Shoe,images\3309.jpg,14.13
23825,Puma Men Java Brown Flip Flops,images\23825.jpg,14.09
48514,French Connection Women Grey Top,images\48514.jpg,158.28
9633,Indigo Nation Men Price catch Blue White Shirts,images\9633.jpg,52.71
34892,Envirosax Women Multi Coloured Bag,images\34892.jpg,124.41
51439,Myntra Women Grey Top,images\51439.jpg,12.25
42812,Little Miss Intimates Women Grey Brief,images\42812.jpg,139.52
29523,Playboy Women White Dial Watch,images\29523.jpg,125.73
54977,Femella Women Blue Lounge Pants,images\54977.jpg,182.87
10835,Wrangler Men Black Polo Tshirts,images\10835.jpg,119.11
59654,FNF Purple Evening Wear Sari,images\59654.jpg,75.5
10009,Nike Men Town Round Red Neck T-Shirts,images\10009.jpg,153.59
38663,Nike Men Downshifter Black Sports Shoes,images\38663.jpg,178.6
40779,Quiksilver Men Brown Flip Flops,images\40779.jpg,12.07
32359,Q&Q Men Black Dial Watch,images\32359.jpg,37.98
4910,Levis Kids Girl's Dionne Pink Teens Kidswear,images\4910.jpg,78.72
43598,Angry Birds Men Charcoal T-shirt,images\43598.jpg,109.77
48170,Fossil Women Blue Floral Print Wallet,images\48170.jpg,107.23
9257,Mark Taylor Men Blue Striped Shirt,images\9257.jpg,29.24
18600,Puma Women Roque Grey Sandals,images\18600.jpg,83.89
8385,Doodle Girl's Hippie Chic Orange Teen Kidswear,images\8385.jpg,49.83
28095,Jockey MC Men Grey Melange Y Front Briefs 8003,images\28095.jpg,143.74
17648,Converse Unisex Black Flip Flops,images\17648.jpg,174.2
30856,Fabindia Women Green Bijli Print Khadi Kurta,images\30856.jpg,41.06
47138,Be For Bag Women Combo pack Tote Bags,images\47138.jpg,125.2
26933,Jealous 21 Women Black Top,images\26933.jpg,187.58
31984,ADIDAS Unisex Black Backpack,images\31984.jpg,178.18
29147,United Colors of Benetton Men Printed Green T-shirt,images\29147.jpg,28.98
59230,Titan Men Black Watch,images\59230.jpg,161.84
4548,Nike Women Sweet AC Black Shoe,images\4548.jpg,19.18
1806,Quechua Men Arpenaz Brown Sandal,images\1806.jpg,146.29
15923,ADIDAS Unisex ADP1810 Black Backpack,images\15923.jpg,51.69
56278,Biara Skin Coloured Everyday Support Bra MW 1002,images\56278.jpg,91.47
24658,ADIDAS Originals Men Pink Casual Socks,images\24658.jpg,174.61
38207,Polaroid Women Sunglasses,images\38207.jpg,15.7
56876,HM Women Blue Heels,images\56876.jpg,158.3
21118,s.Oliver Men Check Olive Shirt,images\21118.jpg,145.56
59002,Brut Men Alaska Deo,images\59002.jpg,195.35
53538,Amante Women Pack of 3 Assorted Briefs PFCP13,images\53538.jpg,43.32
36993,Lino Perros Women Black Handbag,images\36993.jpg,39.02
21924,Biba Women Black Printed Churidar Kurta with Dupatta,images\21924.jpg,43.31
38035,Q&Q Men White Watch,images\38035.jpg,53.05
57198,Elle Women Multi Coloured Top,images\57198.jpg,86.26
18432,Vital Gear Unisex Pink Daypack Backpack,images\18432.jpg,156.36
6811,Timberland Men's Ox Maroon Red Shoe,images\6811.jpg,187.72
48342,Pitaraa Silver Fish Scale Necklace,images\48342.jpg,157.18
9065,Mark Taylor Men Blue Striped Shirt,images\9065.jpg,71.24
30258,Red Tape Men Brown Shoes,images\30258.jpg,129.04
42678,Alma Women Navy Blue Printed Kurta,images\42678.jpg,29.52
49290,Arrow Men Black Pack of 5 Plating Design Socks,images\49290.jpg,97.36
12108,W Women Printed Pink Kurtis,images\12108.jpg,69.03
9859,Status Quo Men Pink Polo Tshirts,images\9859.jpg,161.17
12934,Classic Polo Men Rugby Scrum Blue Tshirts,images\12934.jpg,89.9
55293,Lakme Absolute Coralshine Plump & Shine Lip Gloss,images\55293.jpg,34.56
3103,Probase Men's Wtf Blue T-Shirt,images\3103.jpg,119.61
42224,Sepia Women White Top,images\42224.jpg,46.87
9439,Nike Unisex Brasilia 5 Me Blue Backpacks,images\9439.jpg,19.89
30604,Nike Men Classic Jersey Black Track Pants,images\30604.jpg,169.05
54341,Levis Men Pack of 3 Socks,images\54341.jpg,73.07
13486,United Colors of Benetton Men Stripes White Shirts,images\13486.jpg,51.21
19980,United Colors of Benetton Men Printed Yellow TShirt,images\19980.jpg,172.53
46684,Rasasi Men Fighting Temptation Perfume,images\46684.jpg,122.9
51633,Fossil Women White Dial Chronograph Watch ES2790,images\51633.jpg,117.03
29729,Kiara Women Leatherette Green Handbag,images\29729.jpg,145.53
23213,Aneri Women Gauri White Kurta,images\23213.jpg,157.97
17026,Gas Men Beach Flip Flops,images\17026.jpg,168.11
18852,Puma Men Head Navy Blue Tshirt,images\18852.jpg,102.74
6471,ADIDAS Women's Polo Grey T-shirt,images\6471.jpg,175.15
37421,Murcia Women Office Black Handbag,images\37421.jpg,142.03
20496,Baggit Women Samson Cobra Pink Wallet,images\20496.jpg,97.43
21544,Kiara Women Small Pocket Blue Handbag,images\21544.jpg,145.65
15771,Facit Men Trophy BF Red Briefs,images\15771.jpg,51.33
45001,Maxima Men Black Digital Watch,images\45001.jpg,13.74
4326,Tantra Kid's Unisex Got It Pink Kidswear,images\4326.jpg,135.08
10203,Murcia Women Hahk Red Handbags,images\10203.jpg,54.14
24036,Locomotive Men Printed Red T-shirt,images\24036.jpg,199.51
1654,Reebok Men's Frisker LP Shoe,images\1654.jpg,76.72
38469,Baggit Women Magenta Voltage Sapera Wallet,images\38469.jpg,59.16
33081,U.S. Polo Assn. Denim Co. Men Navy Blue T-Shirt,images\33081.jpg,196.08
40573,W Women Cream Kurta,images\40573.jpg,26.59
56416,Biara Women Rose Red Bra,images\56416.jpg,154.54
14491,Flying Machine Men Casual Black Casual Shoes,images\14491.jpg,136.41
37613,Madagascar3 Girls Purple Printed T-Shirt,images\37613.jpg,123.78
45233,Casio Youth Series Men Analog-Digital Watch AW-80D-1AVDFAD60,images\45233.jpg,19.1
4114,Fila Men Obsidian Black Sandal,images\4114.jpg,76.03
15543,Catwalk Women Casual Brown Wedges,images\15543.jpg,88.83
40741,Converse Unisex Navy Blue Flip Flops,images\40741.jpg,162.91
10031,Nike Men As Arsenal Co Navy Blue T-Shirts,images\10031.jpg,137.94
24204,Deni Yo Men Skinny Fit Blue Jeans,images\24204.jpg,96.1
56624,Olay Women Age Protect Anti-Ageing UV Lotion,images\56624.jpg,112.41
4928,Gini and Jony Girl's Venice Green Blue Infant Kidswear,images\4928.jpg,151.16
41693,Superman Men Blue Printed Lounge Pants,images\41693.jpg,196.29
32361,Q&Q Men Black Dial Watch Q672J405Y,images\32361.jpg,31.05
42016,ADIDAS Men Silver Phaedra Shoes,images\42016.jpg,149.23
12766,Spykar Men Stripe Navy Blue T-Shirts,images\12766.jpg,154.97
26553,ID Men Blue Shoes,images\26553.jpg,101.55
27481,Jockey Essence Beige Bra 2004,images\27481.jpg,86.64
54173,Femella Blue Necklace,images\54173.jpg,58.24
51401,Myntra Men Blue and Yellow Check Shirt,images\51401.jpg,172.39
35144,Allen Solly Woman Black Clutch,images\35144.jpg,71.34
7791,Proline Men's Polo Solid Olive T-shirt,images\7791.jpg,66.96
47564,Portia Women Brown Sandals,images\47564.jpg,35.0
34096,Doodle Boys Printed Red T-shirt,images\34096.jpg,52.55
6643,Nike Women's Transform III IN Black Pink Shoe,images\6643.jpg,179.09
17214,United Colors of Benetton Women Funky Eyewear Black Sunglasses,images\17214.jpg,151.79
45657,Park Avenue Men Navy Blue Boxer Briefs,images\45657.jpg,89.05
4570,Nike Women Iza Black Shoe,images\4570.jpg,77.72
21312,Celine Dion Women Brown Frame Sunglasses,images\21312.jpg,76.7
15127,Arrow Sport Men Solid  Brown Trousers,images\15127.jpg,118.25
53732,Puma Women Green Supersuede Eco Casual Shoes,images\53732.jpg,37.34
44785,Lotto Men L500 FG White Sports Shoes,images\44785.jpg,159.72
11587,W Women Printed White Kurtis,images\11587.jpg,187.29
56240,SDL by Sweet Dreams Men Grey & Blue Pyjama Set,images\56240.jpg,107.27
40325,ADIDAS Men White Sport Shoes,images\40325.jpg,164.5
57392,Amante Women Pack of 3 Printed Briefs PFCN04,images\57392.jpg,55.74
10455,Flying Machine Men Mauvemist Purple Tshirts,images\10455.jpg,164.25
24660,ADIDAS Originals Men Pink Casual Socks,images\24660.jpg,97.39
54517,F Sports Men White Bratt Sports Shoes,images\54517.jpg,78.85
18638,Puma Men V.11 Speed Black Tshirts,images\18638.jpg,190.32
28891,Enamor Women Beige Regular-Rise Brief,images\28891.jpg,159.23
48148,Fossil Women Red Wallet,images\48148.jpg,41.22
2687,Inkfruit Women's Love Wood Orange T-shirt,images\2687.jpg,114.39
30052,SKAGEN DENMARK Men Grey Dial Watch 668XLSLZM,images\30052.jpg,15.72
3755,Status Quo Men's Concerts Black T-shirt,images\3755.jpg,50.96
31180,Gini and Jony Kids Leggings,images\31180.jpg,121.4
29943,Police Men Black Dual Dial Watch PL13076JPCL-04,images\29943.jpg,74.88
47100,Marvel Boys Red Light Spidey Shoes,images\47100.jpg,22.74
6227,Lee Men's Grey Yellowbrass T-shirt,images\6227.jpg,47.96
17670,Catwalk Women Fancy Black Heels,images\17670.jpg,82.32
22597,Nike Men Orange T-shirt,images\22597.jpg,63.38
43792,Royal Diadem Gold & Pink Earrings,images\43792.jpg,171.84
30260,Red Tape Men Black Shoes,images\30260.jpg,56.89
54725,Shree Women Coral Coloured Printed Kurta,images\54725.jpg,141.47
6829,Nike Women's Lunar Swift White Blue Shoe,images\6829.jpg,131.86
12130,Aurelia Women Printed Green Kurtas,images\12130.jpg,50.18
26305,Proline Men Pack of 3 T-Shirts,images\26305.jpg,173.97
3567,ADIDAS Men's Silver White Running Shoe,images\3567.jpg,190.91
42640,W Women Red Dress,images\42640.jpg,95.29
23677,Red Tape Men Cross Band Brown Sandals,images\23677.jpg,86.5
17442,CASIO Unisex Black Small Dial Analogue and Digital Watch,images\17442.jpg,73.1
50385,Vishudh Women Pink Salwar and Dupatta,images\50385.jpg,121.01
47332,Baggit Women Purple Chata Hosh Wallet,images\47332.jpg,93.19
6015,Highlander Men Small Black Checked Shirt,images\6015.jpg,95.08
35712,Nike Men Dual Fusion TR III Grey Sports Shoes,images\35712.jpg,141.4
51257,Park Avenue Men Black & Brown Reversible Belt,images\51257.jpg,53.94
21120,s.Oliver Men Solid Purple Sweater,images\21120.jpg,132.36
15315,ADIDAS Men Eqt Nitro Fashion Black Sports Shoes,images\15315.jpg,79.51
4742,Numero Uno Women NY Grey Blue Shoe,images\4742.jpg,21.83
5690,Skechers Men Valence Envoy Black Shoe,images\5690.jpg,186.53
32537,Playboy Men Hollywood Perfume 100 ml,images\32537.jpg,116.27
56072,Colorbar Wild Berry Lip Liner /Crayon 011,images\56072.jpg,106.23
37879,Happy Socks Unisex Black Socks,images\37879.jpg,40.5
24452,Nike Men White Court Shuttle IV Sports Shoes,images\24452.jpg,154.98
4584,Wildcraft Unisex Red Backpack,images\4584.jpg,195.11
36351,Reid & Taylor Men Blue Tie,images\36351.jpg,147.88
14001,Nike Men Solid Navy Blue Jerseys,images\14001.jpg,152.38
20234,Wrangler Women Baroque Polo Turquoise T-shirt,images\20234.jpg,45.73
5456,Nike Men's Basic Woven Med Blue Short,images\5456.jpg,131.0
37283,Tantra Women Brown Fight Peace T-shirt,images\37283.jpg,114.02
44771,Globalite Men Navy Blue Skid Shoes,images\44771.jpg,54.95
25746,Lino Perros Men Leather Black Belt,images\25746.jpg,26.34
11573,W Women Printed Green Kurtas,images\11573.jpg,32.17
39319,Gini and Jony Boys Beige Shorts,images\39319.jpg,19.67
33623,Lino Perros Women Blue Wallet,images\33623.jpg,152.06
57366,Amante Women Pink Lace Briefs PCFR11,images\57366.jpg,110.85
24694,Locomotive Men Striped White T-shirt,images\24694.jpg,125.76
27011,Jealous 21 Women White Capris,images\27011.jpg,49.45
13224,Palm Tree Kids Boys Printed Blue Sweatshirts,images\13224.jpg,67.1
43554,Puma Women Cream Socks,images\43554.jpg,50.86
28865,Proline Men Brown Striped Polo T-shirt,images\28865.jpg,56.12
2673,Murcia Women Sleek Black Leatherette Hand Bag,images\2673.jpg,62.63
31174,Gini and Jony Girls Red Top,images\31174.jpg,121.33
8349,Doodle Boy's I love Driving Green Kidswear,images\8349.jpg,39.68
55431,Revlon True Red Colorburst Lipstick 090,images\55431.jpg,89.26
34406,Myntra Men Black Printed T-shirt,images\34406.jpg,161.59
28059,Jockey ELANCE Men Pack Of 2 Briefs 1010,images\28059.jpg,65.29
48980,Lucera Women Silver Ring,images\48980.jpg,143.94
17684,Catwalk Women Ballerina Grey Casual Shoe,images\17684.jpg,179.94
31948,Nike Men Air Pegasus Blue Sports Shoes,images\31948.jpg,61.63
51091,Satya Paul Green Saree,images\51091.jpg,56.49
22563,Lino Perros Brown Women Casual Sling Bag,images\22563.jpg,159.9
7301,UCB Women Stripe Short Sleeve Blue White Top,images\7301.jpg,137.03
46026,Estelle Women Gold Pendant with Chain,images\46026.jpg,131.23
30294,Myntra Men Global Response Off White T-shirt,images\30294.jpg,81.83
27223,Doodle Kids Girl Printed Blue Dress,images\27223.jpg,108.65
13016,Inc 5 Women Casual Brown Wedges,images\13016.jpg,64.85
3593,Converse Unisex Black Casual Shoes,images\3593.jpg,168.23
34634,Lotto Men Brown Fella Tres Shoes,images\34634.jpg,99.08
7133,Urban Yoga Men Bottom Grey Yoga Pants,images\7133.jpg,195.39
8947,Indigo Nation Men ID Printed Grey Trousers,images\8947.jpg,130.36
22751,BIBA Women Printed White Kurta,images\22751.jpg,171.26
52426,Red Rose Women Blue Nightdress,images\52426.jpg,57.8
39917,Tortoise Women Yellow Sling Bag,images\39917.jpg,134.9
5664,Tantra Men's Shloka Blue T-shirt,images\5664.jpg,56.31
57968,Prafful Rust Sari,images\57968.jpg,186.82
20006,United Colors of Benetton Women Printed Green T-shirt,images\20006.jpg,122.42
41031,Nautica Men Black Dial Watch,images\41031.jpg,45.74
25574,FILA Men Trempet Black & White Sports Shoes,images\25574.jpg,155.01
56086,ColorBar Star Shine Chai Lip Gloss 07,images\56086.jpg,118.83
11741,Lee Men Stripes Navy Blue T-shirt,images\11741.jpg,145.39
10693,Doodle Girl Cute Purple Tops,images\10693.jpg,111.55
57154,Elle Women Grey Melange T-shirt,images\57154.jpg,169.99
58920,Hakashi Men Combo pack Tie+Cufflink+Pocket square,images\58920.jpg,176.3
19148,United Colors of Benetton Men Navy Blue Polo Tshirt,images\19148.jpg,174.47
55267,Lakme Absolute Shine Line Olive Eye Liner,images\55267.jpg,62.98
26795,Arrow Men Blue Shirt,images\26795.jpg,74.71
31722,Fabindia Women Anusuya Silver Earrings,images\31722.jpg,15.12
49638,Mineral Women Pink Top,images\49638.jpg,11.11
43302,United Colors of Benetton Women Purple Dress,images\43302.jpg,148.24
2025,ADIDAS Mens Full Grey T-shirt,images\2025.jpg,180.87
13472,United Colors of Benetton Women Solid White Dress,images\13472.jpg,174.46
7557,Nike Men's Tempo 5 Green Short,images\7557.jpg,177.16
35382,Enroute Boys Grey Casual Shoes,images\35382.jpg,90.21
19974,United Colors of Benetton Women Yellow T-shirt,images\19974.jpg,68.15
16100,M tv Women My Fab Eyewear Maroon Sunglasses,images\16100.jpg,88.82
50715,Doodle Boys White Printed T-Shirt,images\50715.jpg,119.96
6485,ADIDAS Men's Grey Strip T-shirt,images\6485.jpg,180.4
34250,Proline Charcoal Grey Shorts,images\34250.jpg,20.17
44127,Boss Men In Motion Deo,images\44127.jpg,98.15
14657,Probase Men Solid DK.Grey Trousers,images\14657.jpg,172.52
33849,Puma Men Blue Shoes,images\33849.jpg,126.73
20462,Baggit Women Auxi Baby Purple Mobile Pouch,images\20462.jpg,87.27
15785,Facit Men Mid- Rise BF Black Briefs,images\15785.jpg,59.28
52042,Just Natural Unisex Black Rain Jacket,images\52042.jpg,95.38
36507,United Colors of Benetton Women Grey Bag,images\36507.jpg,160.32
57530,Provogue Men Black Casual Shoes,images\57530.jpg,14.25
33075,U.S.Polo Assn. Men Blue & Orange Striped T-shirt,images\33075.jpg,172.85
40587,Aurelia Women Brown Kurta,images\40587.jpg,164.94
41455,Lee Cooper Men Grey Sandals,images\41455.jpg,195.91
25110,Lino Perros Women Olive Belts,images\25110.jpg,89.11
44315,Indian Terrain Men Blue Trousers,images\44315.jpg,182.83
36735,Spykar Women Cult Multi T-shirt,images\36735.jpg,155.52
21782,Fossil Men Edsel Brown Belt,images\21782.jpg,55.09
59698,Avirate Cream Fitted Camisoles,images\59698.jpg,171.91
33247,Arrow Men Grey Check Shirt,images\33247.jpg,176.85
57702,Lotus Herbals Almond Anti-Wrinkle Creme,images\57702.jpg,116.94
25322,Casio Edifice Men Chronograph Watch EF-550D-7AVDF(ED391),images\25322.jpg,117.17
11117,Indigo Nation Men Solid Grey Shirts,images\11117.jpg,33.03
41667,Catwalk Women Black Heels,images\41667.jpg,97.84
32395,Arrow Woman Grey Shirt,images\32395.jpg,122.37
55055,Lakme Enrich Satins Lipstick 131,images\55055.jpg,55.22
12792,Nike Men Manchester United Black Jersey,images\12792.jpg,115.54
27475,Jockey Women White Essence Bra 2001,images\27475.jpg,22.29
13640,Carlton London Women Purple Flat Shoes,images\13640.jpg,67.57
54187,Jockey MC Men Grey Pack of 2 Briefs 8003,images\54187.jpg,47.03
43130,David Beckham Women Signature Eau De Toilette 50 ml,images\43130.jpg,51.86
2217,ADIDAS Women Pink Socks,images\2217.jpg,62.65
16332,Peter England Men Stripes Red Shirt,images\16332.jpg,77.69
55869,Colorbar All Fired Up 2 Nail Lacquer 83V,images\55869.jpg,22.36
46442,Timex Men Silver Dial Watch,images\46442.jpg,198.77
47590,Portia Women Green Sandals,images\47590.jpg,132.69
34062,Gini and Jony Girls Printed Pink Dress,images\34062.jpg,151.83
50527,Chromozome Men Navy Blue Pack of 2 Briefs,images\50527.jpg,157.53
59005,Brut Men Musk Deo,images\59005.jpg,111.72
56871,HM Women Black Sandals,images\56871.jpg,26.9
44588,Scullers Men White & Navy Blue Check Shirt,images\44588.jpg,59.62
32508,Franco Leone Men Brown Sandals,images\32508.jpg,181.19
59839,Valley of Flowers Women Fragrance Gift Set,images\59839.jpg,12.92
21923,BIBA Women Printed Black Kurta,images\21923.jpg,134.6
36994,Lino Perros Women Brown Handbag,images\36994.jpg,160.61
10658,Doodle Girl Little frock White Tops,images\10658.jpg,126.53
40128,Gini and Jony Girls Roseatte Orange Top,images\40128.jpg,77.06
38032,Q&Q Women Black Watch,images\38032.jpg,107.25
9062,Mark Taylor Men Pink Striped Shirt,images\9062.jpg,155.38
48345,Pitaraa Golden Nugget Long Necklace,images\48345.jpg,49.85
18435,Vital Gear Unisex Black Messenger Bag,images\18435.jpg,152.1
6816,Timberland Men's Desert Walnut Brown Shoe,images\6816.jpg,68.56
3558,Skechers Men's Brown Casual Lifestyle Shoe,images\3558.jpg,141.65
23648,Disney Men Maroon Printed T-shirt,images\23648.jpg,98.53
12933,Classic Polo Men Broad Stripes Green Tshirts,images\12933.jpg,12.77
54528,F Sports Men White Charger Shoes,images\54528.jpg,124.47
18607,New Hide Men Antique Brown Wallet,images\18607.jpg,120.43
9250,Mark Taylor Men Red Striped Shirt,images\9250.jpg,98.68
48177,Fossil Women Blue Wallet,images\48177.jpg,84.01
8382,Doodle Girl's Raw Edges Light Blue Kidswear,images\8382.jpg,143.63
50188,Paridhan Women Pink Handbag,images\50188.jpg,148.87
30851,Fabindia Women Printed Green Kurta,images\30851.jpg,18.18
28092,Jockey GOLDEDN Men Gold Edition White Innerwear Vest 4020,images\28092.jpg,74.91
49899,Q&Q Kids Girls White Dial Analog Watch,images\49899.jpg,192.49
29140,Vogue Women Purple Sunglasses,images\29140.jpg,91.62
31983,ADIDAS Men Black Bag,images\31983.jpg,62.02
26934,Jealous 21 Women Black Dress,images\26934.jpg,103.77
45668,Swiss Army Men Swiss Unlimited Rubber EDT Refillable Perfumes,images\45668.jpg,181.23
15118,Arrow Men Stripes Black Trousers,images\15118.jpg,112.81
59237,Titan Men Black Dial Watch,images\59237.jpg,156.04
1801,Quechua Women 10L Pink Bag,images\1801.jpg,11.89
37248,United Colors of Benetton Men Brown Shoes,images\37248.jpg,100.8
15924,ADIDAS Unisex Ecb Black Backpack,images\15924.jpg,141.39
38200,Polaroid Men Sunglasses,images\38200.jpg,129.33
42029,ADIDAS Women Purple Chill Sports Shoes,images\42029.jpg,195.99
12759,Spykar Women Washed Blue Jeans,images\12759.jpg,40.13
35947,Flying Machine Men White Shirt,images\35947.jpg,58.81
18263,Aneri Women Nancy Yellow Kurta,images\18263.jpg,135.41
9634,Indigo Nation Men Price catch Black White Shirts,images\9634.jpg,133.0
48513,French Connection Women Black Top,images\48513.jpg,139.19
23822,Puma Men Breeze Red Flip Flops,images\23822.jpg,43.62
29524,Playboy Women White Dial Watch,images\29524.jpg,178.69
42815,Little Miss Intimates Women Green Brief,images\42815.jpg,40.21
46489,Timex Men Blue Dial Watch,images\46489.jpg,68.8
54970,Rasasi Women Body Lotion,images\54970.jpg,114.2
53369,Puma Women Black Bag,images\53369.jpg,139.91
10832,Wrangler Men American Music Folk Green T-Shirts,images\10832.jpg,183.59
59653,FNF Green & Pink Evening Wear Sari,images\59653.jpg,44.29
38664,Nike Men Liteforce Grey Shoes,images\38664.jpg,169.74
4917,Gini and Jony Girl's Vollie Pink Kidswear,images\4917.jpg,124.46
24835,Rockport Men Brown Cashaw Camel Suede Casual Shoes,images\24835.jpg,166.21
33882,Citizen Men Black Dial Eco-Drive Watch,images\33882.jpg,38.13
59461,Lucera Silver Ring,images\59461.jpg,68.19
32950,ADIDAS Neo Unisex Court Sequence Black Shoes,images\32950.jpg,122.24
52089,Myntra Women Black T-shirt,images\52089.jpg,45.74
4319,Tantra Kid's Unisex Free Spirit Turquoise Kidswear,images\4319.jpg,138.78
38456,Baggit Women Orange Tinki Tower Sling Bag,images\38456.jpg,17.67
39584,Catwalk Women Black Heels,images\39584.jpg,148.37
56429,Streetwear Bombshell Eye Shadow,images\56429.jpg,155.74
45802,Senorita Women Black Flats,images\45802.jpg,188.48
19183,United Colors of Benetton Men Check Grey Shirt,images\19183.jpg,25.01
9406,Puma Men Scribble Graphic Black Tshirts,images\9406.jpg,105.8
17825,Nike Unisex Air Deschutz Black Sandal,images\17825.jpg,137.96
48721,Lucera Women Silver Earrings,images\48721.jpg,101.82
18051,Lino Perros Women Solid Black Wallet,images\18051.jpg,18.0
3900,Disney Kids Girl Pooh Pink And White Top,images\3900.jpg,12.17
17019,Rocia Women Casual Brown Sandal,images\17019.jpg,71.24
49435,Vans Men Blue Shoes,images\49435.jpg,140.27
8712,Fastrack Unisex Black Sunglasses,images\8712.jpg,123.09
26598,Puma Men Faas 300 White Sports Shoes,images\26598.jpg,88.98
19345,Reid&Taylor Men Solid Brown Wallet,images\19345.jpg,140.82
18297,Aneri Women Kaalki Multi Coloured Kurta,images\18297.jpg,74.35
34861,Vans Men Era Grey Shoes,images\34861.jpg,174.22
2228,ADIDAS Men Black Socks,images\2228.jpg,99.36
22138,Provouge Men Black Classic Formal Shoe,images\22138.jpg,171.75
55856,Colorbar Pro Rosie Nail Lacquer 015,images\55856.jpg,85.01
6688,UCB Women's V Neck Black T-shirt,images\6688.jpg,158.47
54984,Femella Women Printed Blue Lounge Pants,images\54984.jpg,140.4
50518,Chromozome Men Black Innerwear Vest,images\50518.jpg,85.36
28402,Idee Women Brown Sunglasses,images\28402.jpg,185.86
43933,Catwalk Women Black Heels,images\43933.jpg,113.64
11914,Franco Leone Men Casual Black Sandals,images\11914.jpg,147.35
15588,Spykar Men Striped Blue Shirt,images\15588.jpg,124.21
33278,Gini and Jony Boys Washed Blue Jeans,images\33278.jpg,21.72
5831,Puma Men's Cbn Logo Black T-Shirt,images\5831.jpg,190.57
11128,Urban Yoga Men Solid Beige Track Pants,images\11128.jpg,80.56
39742,Arrow Men Red Shoes,images\39742.jpg,157.95
44118,Hugo Men Just Different 150 ml Perfume,images\44118.jpg,37.25
58547,Miami Blues Women Sunglasses,images\58547.jpg,178.88
14668,Basics Men White Slim Fit Checked Shirt,images\14668.jpg,25.49
33876,Citizen Men Black Dial Chronograph Watch,images\33876.jpg,139.2
36538,United Colors of Benetton Women Blue Wallet,images\36538.jpg,177.72
25913,Femella Women Blue Leggings,images\25913.jpg,134.44
44924,Jack & Jones Men Blue Jeans,images\44924.jpg,196.98
39570,Catwalk Women Black Heels,images\39570.jpg,67.16
32198,Fabindia Men Printed Grey Kurta,images\32198.jpg,88.86
52841,Adrika Green Earrings,images\52841.jpg,25.26
19177,United Colors Of Benetton Men Navy Blue Shirt,images\19177.jpg,136.06
55258,Lakme Absolute Forever Silk Blue Cosmos Eye Liner,images\55258.jpg,116.27
49607,Catwalk Women Brown Heeled Shoes,images\49607.jpg,185.09
16903,Status Quo Men Solid Dark Grey Sweatshirt,images\16903.jpg,28.9
8520,Nike Women Nike Grey handbag Grey Bags,images\8520.jpg,138.2
27678,Murcia Women Brown Handbag,images\27678.jpg,152.01
7568,Nike Men's Black Polo T-shirt,images\7568.jpg,155.48
2826,Lee Cooper Men Leather Semi Formal Brown Shoe,images\2826.jpg,136.1
28630,Nike Men Pintuck Grey Track Pants,images\28630.jpg,168.61
18899,Arrow Woman Igor Maroon Top,images\18899.jpg,178.04
52419,Red Rose Women Coffee Brown Nightdress,images\52419.jpg,121.92
41832,Skechers Men Black Sneakers,images\41832.jpg,181.3
4789,ADIDAS Men's Demon Grey T-shirt,images\4789.jpg,89.44
56885,HM Women Red Heels,images\56885.jpg,125.24
57957,Prafful Multi Coloured Sari,images\57957.jpg,153.28
20039,United Colors of Benetton Women Olive Floral Design Tights,images\20039.jpg,116.46
58123,Rreverie Silver & White Earrings,images\58123.jpg,46.21
24499,Mother Earth Women Green Printed Kurta,images\24499.jpg,26.02
20805,Fila Men Rambler Olive Flip Flops,images\20805.jpg,85.04
9096,Converse Unisex Ct As Star Chevron Hi Blue Casual Shoes,images\9096.jpg,174.81
43759,Royal Diadem Black Earrings,images\43759.jpg,64.76
7930,Proline Men Black Polo T-shirt,images\7930.jpg,69.41
19513,Wrangler Leather Men Brown Wallets,images\19513.jpg,160.32
8144,Fastrack Women Economy Analog Red Black Watch,images\8144.jpg,84.83
17489,Rockport Women Beige Flats,images\17489.jpg,171.34
28254,Wild Stone Men Forest Spice Deo,images\28254.jpg,134.87
13815,Proline Pack of 3 Printed T-shirts,images\13815.jpg,111.01
8978,Puma Women Saba Ballet DC3 Purple Casual Shoes,images\8978.jpg,29.31
48183,Fossil Women Brown Handbag,images\48183.jpg,69.17
29988,Aspen Women Mother Of Pearl Dial Watch AP1193,images\29988.jpg,142.37
51892,Nyk Women Mushroom Brown Wallet,images\51892.jpg,56.09
8376,Fastrack Men Black Backpack,images\8376.jpg,116.87
46825,Catwalk Women Off-White and Blue Pumps,images\46825.jpg,117.06
19721,United Colors Of Benetton Men Grey Shirt,images\19721.jpg,26.66
34439,Myntra Women Explorer White T-shirt,images\34439.jpg,140.36
27812,Bulchee Men Black & Brown Reversible Belt,images\27812.jpg,198.3
28066,Jockey ELANCE Mens Grey Melange Trunks 1015,images\28066.jpg,160.87
16769,Spice Art Women Shimmer Silver Clutch,images\16769.jpg,194.12
31977,Nike Women Lunarswift +3 Olive Sports Shoes,images\31977.jpg,192.04
46019,Fabindia Women White Printed Kurta,images\46019.jpg,47.06
58311,Jockey LCESCBRA Men Pack of 3 Socks 2004,images\58311.jpg,118.91
5469,Nike Men's Nike Streetgato Black Shoe,images\5469.jpg,52.59
25779,Arrow Men Black Suspenders,images\25779.jpg,171.13
39326,Gini and Jony Girls Black Leggings,images\39326.jpg,48.26
14802,United Colors of Benetton Women Solid Maroon Handbags,images\14802.jpg,118.64
57359,Amante Black Printed Full-Coverage Bra BGSW01,images\57359.jpg,189.13
5638,ADIDAS Men's Adi Liner Brown Flip Flop,images\5638.jpg,78.67
57934,Clarks Men Brown Sandals,images\57934.jpg,127.94
40983,Gini and Jony Boys United White T-shirt,images\40983.jpg,97.75
58140,Rreverie Silver Earrings,images\58140.jpg,198.0
59092,Peri Peri Women Black Bra,images\59092.jpg,31.29
41851,Genesis Men Pack of 3 Socks,images\41851.jpg,100.89
21188,ADIDAS Men Adi Stars Tread Black Flip Flops,images\21188.jpg,24.92
57108,Elle Women White Top,images\57108.jpg,31.02
20866,Disney Kids-Unisex Diamond Red Sandals,images\20866.jpg,85.41
39177,Aneri Women Purple Printed Kurta,images\39177.jpg,112.83
36903,Fossil Men Brown Dial Chronograph Watch FS4673,images\36903.jpg,194.02
25528,Wrangler Women Salena Navy Blue Check Shirt,images\25528.jpg,152.78
7953,Puma Men's Lifestyle Polo Mood Indigo T-shirt,images\7953.jpg,189.38
12198,Basics Men Solid Purple Tshirts,images\12198.jpg,113.11
19570,United Colors of Benetton Men Printed Blue TShirt,images\19570.jpg,11.41
6881,Forever New Women Sleeveless Peach Top,images\6881.jpg,69.45
46248,Fusion Beats Women Teal Top,images\46248.jpg,138.78
16538,Basics Men White Slim Fit Checked Shirt,images\16538.jpg,53.96
28237,Secret Temptation Women Play Deo,images\28237.jpg,113.73
31128,Gini and Jony Girls Printed Teal Dress,images\31128.jpg,170.89
8315,Wildcraft Men Organic Cotton Blue T-shirt,images\8315.jpg,95.6
46846,Barbie Purple Girls Slippers,images\46846.jpg,63.37
18690,Hanes Women Pack of Three 100% Cotton Plain Bikini Briefs,images\18690.jpg,180.0
47994,Helix Men Black Watch,images\47994.jpg,157.32
43508,French Connection Women Navy Blue Striped Dress,images\43508.jpg,37.25
31914,Fabindia Women Braided Blue Clutch,images\31914.jpg,199.57
35588,Gliders Men Black Sandals,images\35588.jpg,125.85
27871,Scullers For Her Striped White Shirt,images\27871.jpg,123.68
28005,Jockey ZONE Men Blue Modern Boxer Briefs US19,images\28005.jpg,52.87
58372,Locomotive Men Beige T-shirt,images\58372.jpg,60.2
52648,Mod'acc Women Black Handbag,images\52648.jpg,50.76
14861,United Colors of Benetton Women Funky Purple Sunglasses,images\14861.jpg,76.36
38297,Reid & Taylor Men Black Wallet,images\38297.jpg,111.19
39345,Mr. Men Blue T-shirt,images\39345.jpg,151.3
27429,Jockey Women Pink T-shirt,images\27429.jpg,59.09
48584,Revv Men Steel Bracelet,images\48584.jpg,98.18
8771,Crocs Women Crle Plterm Black Floater,images\8771.jpg,34.06
3399,Murcia Women Yellow Handbag,images\3399.jpg,81.56
19326,Myntra Men Solid Blue Sweatshirt,images\19326.jpg,33.35
55009,Lakme Sheer Satin Lip Gloss 23,images\55009.jpg,24.84
23089,Arrow Men Beige Trousers,images\23089.jpg,20.95
43950,Catwalk Women Beige Shoes,images\43950.jpg,69.93
28461,Urban Yoga Women Black Capris,images\28461.jpg,129.2
42882,French Connection Women Brown Sling Bag,images\42882.jpg,33.77
7739,Puma Unisex Stripe Cat Steel Grey Cap,images\7739.jpg,29.05
55835,Colorbar Acetone Free Nail Enamel Remover,images\55835.jpg,42.0
11977,Fila Men Motor Sports Olive Sandals,images\11977.jpg,42.65
36769,Maxima Men White Dial Watch,images\36769.jpg,190.7
4980,Palm Tree Girl's Benita Blue Kidswear,images\4980.jpg,83.67
39721,Arrow Woman Grey Printed Top,images\39721.jpg,122.14
5852,ADIDAS Women Shoulder Black HandBag,images\5852.jpg,73.73
10099,Fastrack Men Analogue Grey Watches,images\10099.jpg,179.67
25970,Femella Women White Top,images\25970.jpg,57.98
37489,Esprit Women Black Watch,images\37489.jpg,94.4
33815,Van Heusen Men Classic Pleated Black Trousers,images\33815.jpg,194.65
58524,Wildcraft Unisex Black Rain Cover For Backpacks,images\58524.jpg,43.26
52822,Adrika Women Red & White Earrings,images\52822.jpg,153.11
39513,Peter England Unisex Black Laptop Bag,images\39513.jpg,183.7
11379,United Colors Of Benetton Women Winter Blue Top,images\11379.jpg,36.07
45895,Maxima Ssteele Men Blue Dial Watch,images\45895.jpg,17.48
44947,Puma Men Mid Biz Ind White Shoes,images\44947.jpg,190.5
33029,Mother Earth Women Printed Off White Kurti,images\33029.jpg,178.91
9491,Puma Unisex Deck Red Backpacks,images\9491.jpg,87.51
19114,Campbell Men Pack of 3 T-Shirts,images\19114.jpg,13.76
49664,United Colors of Benetton Men Sunglass,images\49664.jpg,60.71
16960,Image Men Classic Eyewear Black Sunglasses,images\16960.jpg,56.52
50749,Red Chief Men Brown Shoes,images\50749.jpg,137.11
2845,Mr.Men Men's Mr.Noisy Blue T-shirt,images\2845.jpg,56.75
28653,Nike Men Air Max Quarter Black Sports Shoes,images\28653.jpg,147.34
19928,ADIDAS Men Adi Wind Yellow Flip Flops,images\19928.jpg,129.16
22369,Highlander Men Solid Navy Blue Trouser,images\22369.jpg,101.35
29781,Basics Men Steel Charcoal Trousers,images\29781.jpg,19.66
3997,Spalding Men Grey & Orange Flip Flops,images\3997.jpg,16.89
18200,Jealous 21 Women Stripes Red Sweater,images\18200.jpg,156.49
9657,Indigo Nation Men Reversible Bling Red Shirts,images\9657.jpg,99.68
23841,ADIDAS Men White Snipe Lo Casual Shoes,images\23841.jpg,195.67
43198,Fastrack Women Black Dial Watch,images\43198.jpg,72.17
48570,Lucera Women Black & Silver Bracelet,images\48570.jpg,121.2
8785,Lotto Women Cathy Pink Jacket,images\8785.jpg,192.85
54913,Do u speak green Men Printed Beige Sweatshirt,images\54913.jpg,60.6
47538,Portia Women Maroon Flats,images\47538.jpg,19.58
17248,U.S. Polo Assn. Men Stripes Navy Blue  Polo Tshirt,images\17248.jpg,38.76
28495,Urban Yoga Men Black Track Pants,images\28495.jpg,142.74
42876,French Connection Women Black Clutch,images\42876.jpg,173.34
29547,Classic Polo Men Printed Yellow T-shirt,images\29547.jpg,105.37
35118,Allen Solly Woman Silver Necklace,images\35118.jpg,127.98
11983,FILA Men Dls Circuit 2 Black Sports Shoes,images\11983.jpg,42.23
4148,Nike Women Glide White Pink Shoe,images\4148.jpg,194.6
59630,FNF Orange Wedding Collection Sari,images\59630.jpg,142.73
10851,Wrangler Men Applique Polo Brown T-Shirts,images\10851.jpg,40.88
56678,Maxima Men Black Dial Watch,images\56678.jpg,50.66
4974,Gini and Jony Boy's Kangaroo Yellow Infant Kidswear,images\4974.jpg,119.49
38607,Nike Men Yellow Just Do It T-shirt,images\38607.jpg,137.74
24258,Numero Uno Men White Casual Shoes,images\24258.jpg,55.46
25984,J.Del Pozo Halloween Women Deo,images\25984.jpg,33.35
53138,Catwalk Women Blue Heels,images\53138.jpg,142.22
45861,Vishudh Women Maroon Kurta,images\45861.jpg,121.5
57598,Lotus Herbals Moistpetals Raspberry Punch Lipstick 122,images\57598.jpg,83.11
1608,Reebok Track Pants Jet Black,images\1608.jpg,56.19
38435,Baggit Women Black Purse,images\38435.jpg,172.48
9465,John Miller Men White Self Structure Shirts,images\9465.jpg,85.51
17846,Nike Men Supergame Black Sports Shoe,images\17846.jpg,87.54
48742,Revv Men Steel Bangle,images\48742.jpg,58.62
18032,Lino Perros Women Solid Beige Handbag,images\18032.jpg,81.35
12508,Red Tape Men Casual Brown Casual Shoes,images\12508.jpg,106.17
49690,Park Avenue Blue Tie,images\49690.jpg,114.59
16994,Rocia Women Casual Black Heels,images\16994.jpg,14.4
3963,Jealous 21 Women Black V Neck Party Top,images\3963.jpg,108.59
40977,Gini and Jony Boys Core Green T-shirt,images\40977.jpg,152.17
15349,Nike Men Blue Team India Cricket Jersey,images\15349.jpg,105.73
59066,Peri Peri Women White Bra,images\59066.jpg,184.9
56812,Aneri Women Multi Coloured Kurti,images\56812.jpg,130.91
20892,Basics Men Black Casual Shoes,images\20892.jpg,195.07
58988,Cavallini Women Deo,images\58988.jpg,80.49
38051,Q&Q Men Black Digital Watch M124J001Y,images\38051.jpg,56.66
39183,Aneri Women Multi Coloured Kurta,images\39183.jpg,180.58
21940,Murcia Women Casual Brown Handbag,images\21940.jpg,69.25
26359,Arrow Women Black Top,images\26359.jpg,142.81
19584,United Colors of Benetton Men Stripes Grey Tshirt,images\19584.jpg,120.64
9001,Puma Men El rey Riddim 50s OC Grey Casual Shoes,images\9001.jpg,116.13
48326,Pitaraa Women Maroon Purse,images\48326.jpg,169.08
18456,Nautica White Sail Men Perfumes,images\18456.jpg,97.7
6875,Forever New Women's Gold Sleeveless Black Dress,images\6875.jpg,56.42
12950,Basics Men White Slim Fit Checked Shirt,images\12950.jpg,37.49
13882,Scullers Men Check Purple Shirts,images\13882.jpg,64.03
6049,UCB Men's Polo Neck T-shirt In Solid Heavy Wash Black T-shirt,images\6049.jpg,117.29
3709,Classic Polo Men's Purple Black Stripe T-shirt,images\3709.jpg,52.0
51805,Bwitch Light Pink Bra,images\51805.jpg,24.78
55499,Revlon Pink Ice Glace Rose Colorburst Lip Gloss 004,images\55499.jpg,93.24
9233,Mark Taylor Men Blue Striped Shirt,images\9233.jpg,86.6
48114,Fossil Women Multi Coloured Quilted Squares Belt,images\48114.jpg,54.96
29123,Puma Men Aquil White Sports Shoes,images\29123.jpg,125.86
51039,Enamor Women Brown Floral Printed Briefs,images\51039.jpg,19.87
26957,Jealous 21 Women Purple Shirt,images\26957.jpg,51.32
27885,Scullers For Her Blue Shirt,images\27885.jpg,14.08
30832,Fabindia Women Printed Blue & Red Churidar,images\30832.jpg,83.65
48928,Lucera Women Silver Ring,images\48928.jpg,141.24
1862,Inkfruit Mens Urban Warfare T-shirt,images\1862.jpg,174.55
59254,Titan Men White Dial Watch,images\59254.jpg,137.7
10409,United Colors of Benetton Men Green Polo Tshirts,images\10409.jpg,47.12
15947,Turtle Men Stripes Maroon Ties,images\15947.jpg,11.65
32759,Indigo Nation Men Striped Purple Shirt,images\32759.jpg,52.27
48789,Lucera Women Silver Pendant,images\48789.jpg,96.18
30693,Catwalk Women Brown Heels,images\30693.jpg,63.8
2046,ADIDAS Mens Fitted Blue T-shirt,images\2046.jpg,99.07
27624,Scullers Men Cream Shorts,images\27624.jpg,133.31
13411,United Colors of Benetton Men Stripes Pink Shirts,images\13411.jpg,55.49
23284,Maxima Ssteele Men Black Watch,images\23284.jpg,156.26
50776,Clarks Men Brown Leather Sandals,images\50776.jpg,78.2
34233,Proline Men Mustard Yellow T-shirt,images\34233.jpg,166.11
7534,Nike men's As Nike Spher White Orange T-shirt,images\7534.jpg,191.71
19917,Wildcraft Unisex Black Backpack,images\19917.jpg,133.83
46613,Catwalk Women Multi Coloured Sandals,images\46613.jpg,126.92
16163,Enroute Men Leather Tan Formal Shoes,images\16163.jpg,137.94
22356,John Players Men Solid White Shirt,images\22356.jpg,134.68
52021,Inaya Women Lounge Top,images\52021.jpg,41.83
45096,Bwitch Purple Full-Coverage Lace Bra RTV-BW334,images\45096.jpg,57.42
36564,United Colors of Benetton Women Deo,images\36564.jpg,61.38
5263,Wildcraft Unisex Grey & Green Printed Messenger Bag,images\5263.jpg,43.63
44144,Boss Men Number One Perfume,images\44144.jpg,149.91
20401,Baggit Women Tickle Taj Purple Belt,images\20401.jpg,143.67
41436,Lee Cooper Men Black & White Sports Shoes,images\41436.jpg,177.76
25173,Lino Perros Women Leatherette Brown Handbag,images\25173.jpg,81.73
56481,Streetwear Bride's Delight Nail Polish 52,images\56481.jpg,109.45
11346,Lee Men Blue Zed Fit Jeans,images\11346.jpg,76.66
10294,Clarks Men Feeling Good Leather Brown Formal Shoes,images\10294.jpg,73.53
57553,Lotus Herbals Floralstay Truffle Story Lip Color 423,images\57553.jpg,89.64
44978,Maxima Women Black Dial Watch,images\44978.jpg,44.27
33016,Mother Earth Women Striped Black & Maroon Kurta,images\33016.jpg,51.47
4183,Rockport Men Brown Leather Casual Shoes,images\4183.jpg,174.72
11948,Ganuchi Men Casual Black Casual Shoes,images\11948.jpg,148.56
36756,Maxima Women White Dial Watch,images\36756.jpg,130.31
58729,Puma Women Blue T-shirt,images\58729.jpg,163.61
37684,American Tourister Unisex Blue Backpack,images\37684.jpg,28.2
44376,ONLY Women Blue Waistcoat,images\44376.jpg,132.78
11174,Scullers Men Stripes Green Sweaters,images\11174.jpg,177.67
33224,Sepia Women Striped Black Top,images\33224.jpg,129.44
57761,Lotus Herbals Tea Tree & Cinnamon Anti-Acne Oil Control Face Wash,images\57761.jpg,27.78
24293,Quiksilver Men High Grey Socks,images\24293.jpg,99.51
27416,Jockey Women Grey Melange Relaxed Fit Capris 1306,images\27416.jpg,82.06
43153,Fastrack Men Brown Dial Watch NE1478SM02,images\43153.jpg,114.91
2274,Nike Mens AS White T-shirt,images\2274.jpg,128.71
42081,American Tourister Men Brown Slim Fold Wallet,images\42081.jpg,110.76
22958,Reebok Men White Acciomax Sports Shoes,images\22958.jpg,80.89
49469,Vans Men Maroon Vulcanized Canvas Shoes,images\49469.jpg,122.16
19319,Nike Unisex Casual Grey Backpack,images\19319.jpg,172.51
55036,Lakme Absolute Matte Expresso Lipstick 55,images\55036.jpg,133.44
34001,Femella Women Brown Top,images\34001.jpg,147.0
50544,Chromozome Men White Brief,images\50544.jpg,75.14
17283,U.S. Polo Assn. Men Stripes Brown Polo Tshirt,images\17283.jpg,89.79
16351,Peter England Men Stripes Cream Shirt,images\16351.jpg,98.7
22164,Timberland Men Brown Casual Shoes,images\22164.jpg,182.67
7706,Jealous 21 Women's She's Got Attitude Black Top,images\7706.jpg,128.29
14062,Flying Machine Men Stripes Grey Polo Tshirts,images\14062.jpg,188.83
20257,Wrangler Men Wing Blue Tshirt,images\20257.jpg,179.61
5435,Nike Men's Encourage The Rookies Grey T-shirt,images\5435.jpg,156.27
44712,Lotto Men Black Campione Flip Flop,images\44712.jpg,58.46
36332,Playboy Men Black and White Socks,images\36332.jpg,146.31
21385,Manchester United Men Solid Navy Blue Track Pants,images\21385.jpg,193.78
52677,Morellato Men Silver Dial Watch,images\52677.jpg,57.5
57305,Rocia Women Black Heels,images\57305.jpg,51.63
11510,Catwalk Women Lifestyle Beige Flats,images\11510.jpg,65.87
41260,Arrow Men Brown Wallet,images\41260.jpg,153.45
31117,Gini and Jony Girls White Top,images\31117.jpg,35.45
12395,Reid & Taylor Men Solid Blue Socks,images\12395.jpg,129.31
46879,Lino Perros Men Pack of 2 Socks,images\46879.jpg,78.73
13247,Palm Tree Kids Boy Washed Blue Jeans,images\13247.jpg,153.0
54580,Sushilas Women Printed Red Kurta,images\54580.jpg,97.64
28806,Denizen Men Check Black Shirt,images\28806.jpg,166.19
43537,French Connection Women Green Top,images\43537.jpg,46.19
2610,Carlton London Women Stylish Black Flats,images\2610.jpg,97.85
16735,Lotto Men Emeriti Black Slipper,images\16735.jpg,143.19
49831,iPanema Women Blue Flip Flops,images\49831.jpg,78.59
22500,Catwalk Women Blue Casual Shoes,images\22500.jpg,47.42
7362,UCB Women's Graphic Print Sequins Blue Top,images\7362.jpg,141.19
46045,Estelle Gold Earrings,images\46045.jpg,131.75
47197,Franco Leone Men Black Sandals,images\47197.jpg,85.09
34465,ADIDAS Unisex Black BP Tone Backpack,images\34465.jpg,186.53
31325,Aurelia Women Printed Purple Kurta,images\31325.jpg,33.11
8118,Fastrack Men Khaki Canvas Brown Belts,images\8118.jpg,69.29
43705,Royal Diadem White Jewellery Set,images\43705.jpg,59.03
13075,Numero Uno Men Black Shoes,images\13075.jpg,62.19
7150,Scullers For Her Women's Wow Knit Black Purple Top,images\7150.jpg,52.0
35785,Enroute Women Coral Shoes,images\35785.jpg,193.95
46277,109F Red & White A-Line Dress,images\46277.jpg,81.4
16507,Locomotive Men Washed Blue Jeans,images\16507.jpg,188.47
8924,Puma Men Cat  Black Belt,images\8924.jpg,107.34
22732,Nike Men Air Max Conquer ACG Olive Sports Boot,images\22732.jpg,55.2
28208,Ray-Ban Men Active Lifestyle Metallic Sunglasses,images\28208.jpg,124.27
50312,Park Avenue Men Lavender Tie,images\50312.jpg,39.81
6082,UCB Men's Polo Neck Blue T-shirt,images\6082.jpg,112.9
13849,Indigo Nation Men Check White Shirts,images\13849.jpg,18.8
44520,Coolers Men Khaki Sandals,images\44520.jpg,136.43
53597,Q&Q Men Black Digital Watch M086J001Y,images\53597.jpg,18.45
20065,United Colors of Benetton Women Solid Black Belt,images\20065.jpg,52.73
39974,Gas Men Brown Lear Shoes,images\39974.jpg,157.73
15382,Fila Men Terra Navy Blue Slippers,images\15382.jpg,193.75
52445,Red Rose Pink & Black Nightdress,images\52445.jpg,117.64
