id,name,image_path,added_date,business_id,description,price
15970,Turtle Check Men Navy Blue Shirt,images\15970.jpg,1970-01-01 00:00:00,,,
39386,Peter England Men Party Blue Jeans,images\39386.jpg,1970-01-01 00:00:00,,,
59263,Titan Women Silver Watch,images\59263.jpg,1970-01-01 00:00:00,,,
21379,Manchester United Men Solid Black Track Pants,images\21379.jpg,1970-01-01 00:00:00,,,
53759,Puma Men Grey T-shirt,images\53759.jpg,1970-01-01 00:00:00,,,
1855,Inkfruit Mens Chain Reaction T-shirt,images\1855.jpg,1970-01-01 00:00:00,,,
30805,Fabindia Men Striped Green Shirt,images\30805.jpg,1970-01-01 00:00:00,,,
26960,Jealous 21 Women Purple Shirt,images\26960.jpg,1970-01-01 00:00:00,,,
29114,Puma Men Pack of 3 Socks,images\29114.jpg,1970-01-01 00:00:00,,,
30039,Skagen Men Black Watch,images\30039.jpg,1970-01-01 00:00:00,,,
9204,Puma Men Future Cat Remix SF Black Casual Shoes,images\9204.jpg,1970-01-01 00:00:00,,,
48123,Fossil Women Black Huarache Weave Belt,images\48123.jpg,1970-01-01 00:00:00,,,
18653,Fila Men Cush Flex Black Slippers,images\18653.jpg,1970-01-01 00:00:00,,,
47957,Murcia Women Blue Handbag,images\47957.jpg,1970-01-01 00:00:00,,,
46885,Ben 10 Boys Navy Blue Slippers,images\46885.jpg,1970-01-01 00:00:00,,,
12369,Reid & Taylor Men Check Purple Shirts,images\12369.jpg,1970-01-01 00:00:00,,,
29928,Police Men Black Dial Watch PL12889JVSB,images\29928.jpg,1970-01-01 00:00:00,,,
42419,Gini and Jony Girls Knit White Top,images\42419.jpg,1970-01-01 00:00:00,,,
51832,Bwitch Beige Full-Coverage Bra BW335,images\51832.jpg,1970-01-01 00:00:00,,,
47359,Baggit Women Brown Handbag,images\47359.jpg,1970-01-01 00:00:00,,,
17429,CASIO G-Shock Men Black Digital Watch G-7710-1DR G223,images\17429.jpg,1970-01-01 00:00:00,,,
12967,ADIDAS Men Spry M Black Sandals,images\12967.jpg,1970-01-01 00:00:00,,,
6842,Timberland Unisex Rubber Sole Brush Shoe Accessories,images\6842.jpg,1970-01-01 00:00:00,,,
13089,ADIDAS Men Lfc Auth Hood Grey Sweatshirts,images\13089.jpg,1970-01-01 00:00:00,,,
18461,David Beckham Signature Men Deos,images\18461.jpg,1970-01-01 00:00:00,,,
9036,Buckaroo Men Flores Black Formal Shoes,images\9036.jpg,1970-01-01 00:00:00,,,
48311,Pitaraa Women Bronze Beaded Bracelet,images\48311.jpg,1970-01-01 00:00:00,,,
7990,Fila Men's Round Neck Navy Blue T-shirt,images\7990.jpg,1970-01-01 00:00:00,,,
56019,Colorbar Soft Touch Show Stopper Copper Lipstick 037,images\56019.jpg,1970-01-01 00:00:00,,,
21977,Murcia Women Casual Brown Handbag,images\21977.jpg,1970-01-01 00:00:00,,,
37812,John Players Men Navy Blue Shirt,images\37812.jpg,1970-01-01 00:00:00,,,
4729,Disney Kids Boy's Crew Sea Life Sialing Green Teen Kidswear,images\4729.jpg,1970-01-01 00:00:00,,,
56825,John Players Men Brown Shirt,images\56825.jpg,1970-01-01 00:00:00,,,
39988,Gas Men Europa White Shoes,images\39988.jpg,1970-01-01 00:00:00,,,
59051,Carlton London Women Black & Gold Toned Flats,images\59051.jpg,1970-01-01 00:00:00,,,
20099,Diva Women Embroided Green Kurta,images\20099.jpg,1970-01-01 00:00:00,,,
58183,Rocky S Women White Handbag,images\58183.jpg,1970-01-01 00:00:00,,,
29742,Kiara Women Teal Handbag,images\29742.jpg,1970-01-01 00:00:00,,,
51658,Fossil Women Copper Chronograph Watch CH2589,images\51658.jpg,1970-01-01 00:00:00,,,
3954,Jealous 21 Women's Pink T-shirt,images\3954.jpg,1970-01-01 00:00:00,,,
18839,Peter England Men Formal Black Belt,images\18839.jpg,1970-01-01 00:00:00,,,
2886,Catwalk Women Leather Brown Flats,images\2886.jpg,1970-01-01 00:00:00,,,
23278,Maxima Ssteele Men Off White Watch,images\23278.jpg,1970-01-01 00:00:00,,,
28690,W Women Printed Beige Kurta,images\28690.jpg,1970-01-01 00:00:00,,,
8580,Scullers Men  Grey Waistcoat,images\8580.jpg,1970-01-01 00:00:00,,,
3168,Nike Men's Incinerate MSL White Blue Shoe,images\3168.jpg,1970-01-01 00:00:00,,,
18005,Puma Men Long Logo Black Bermuda,images\18005.jpg,1970-01-01 00:00:00,,,
17871,Levis Men Boxer Maroon Brief,images\17871.jpg,1970-01-01 00:00:00,,,
9452,John Miller Men Stripes White Red Shirts,images\9452.jpg,1970-01-01 00:00:00,,,
38402,Baggit Women Hood Dabang Black Belt,images\38402.jpg,1970-01-01 00:00:00,,,
44984,Maxima Women White Dial Watch,images\44984.jpg,1970-01-01 00:00:00,,,
10268,Clarks Men Hang Work Leather Black Formal Shoes,images\10268.jpg,1970-01-01 00:00:00,,,
45856,Vishudh Women Brown Kurta,images\45856.jpg,1970-01-01 00:00:00,,,
32138,Playboy Men Blue Titanium Briefs,images\32138.jpg,1970-01-01 00:00:00,,,
59435,Arrow Men Black Formal Shoes,images\59435.jpg,1970-01-01 00:00:00,,,
5891,Puma Men's Stripe Polo Black T-shirt,images\5891.jpg,1970-01-01 00:00:00,,,
38630,Nike Women Purple Polo T-shirt,images\38630.jpg,1970-01-01 00:00:00,,,
4943,Gini and Jony Boy's Kaleb White Brown Kidswear,images\4943.jpg,1970-01-01 00:00:00,,,
11188,Carrera Men Dial steel finish strap Silver Watches,images\11188.jpg,1970-01-01 00:00:00,,,
10866,Wrangler Men Motor Rider Red T-Shirts,images\10866.jpg,1970-01-01 00:00:00,,,
59607,FNF Pink & Grey Wedding Collection Sari,images\59607.jpg,1970-01-01 00:00:00,,,
15528,Puma Men Scribble Black Tshirts,images\15528.jpg,1970-01-01 00:00:00,,,
45258,CASIO EDIFICE Men Black Dial Chronograph Watch ED60,images\45258.jpg,1970-01-01 00:00:00,,,
42841,French Connection Women Beige Handbag,images\42841.jpg,1970-01-01 00:00:00,,,
22198,Timberland Men Black Casual Shoes,images\22198.jpg,1970-01-01 00:00:00,,,
29570,Vans Men Classic Slip-On Purple & Black Shoes,images\29570.jpg,1970-01-01 00:00:00,,,
43993,Police Women Passion Perfume,images\43993.jpg,1970-01-01 00:00:00,,,
6628,ADIDAS Men's Lowell White Silver Shoe,images\6628.jpg,1970-01-01 00:00:00,,,
54924,Do U Speak Green Men Blue Shorts,images\54924.jpg,1970-01-01 00:00:00,,,
26538,ID Men Red Shoes,images\26538.jpg,1970-01-01 00:00:00,,,
35913,Peperone Women Black & White Handbag,images\35913.jpg,1970-01-01 00:00:00,,,
49495,Vans Men Khaki Shoes,images\49495.jpg,1970-01-01 00:00:00,,,
9660,Indigo Nation Men Reversible Bling Pink Shirts,images\9660.jpg,1970-01-01 00:00:00,,,
2288,Nike Women Black T-shirt,images\2288.jpg,1970-01-01 00:00:00,,,
23876,ADIDAS Men Blue Sweatshirt,images\23876.jpg,1970-01-01 00:00:00,,,
18237,Manchester United Men Solid Red Tshirt,images\18237.jpg,1970-01-01 00:00:00,,,
54118,Rocia Women Black Flats,images\54118.jpg,1970-01-01 00:00:00,,,
2872,Catwalk Women Leather Flats,images\2872.jpg,1970-01-01 00:00:00,,,
49653,Mineral Women Green Top,images\49653.jpg,1970-01-01 00:00:00,,,
8574,Crocs Dora Boots Pink Sandals,images\8574.jpg,1970-01-01 00:00:00,,,
16957,Image Men Sunglasses,images\16957.jpg,1970-01-01 00:00:00,,,
19123,Lotto Men XL Water Man Silver Slippers,images\19123.jpg,1970-01-01 00:00:00,,,
13419,United Colors of Benetton Men Solid Pink Polo T-shirts,images\13419.jpg,1970-01-01 00:00:00,,,
17885,Levis Men Comfort Style Grey Innerwear Vest,images\17885.jpg,1970-01-01 00:00:00,,,
43369,Reebok Men Black Possession Flip Flops,images\43369.jpg,1970-01-01 00:00:00,,,
48781,Lucera Women Silver Pendant,images\48781.jpg,1970-01-01 00:00:00,,,
44970,Maxima Men White Dial Analog Chronograph Watch,images\44970.jpg,1970-01-01 00:00:00,,,
56489,Streetwear Ash Nail Polish # 31,images\56489.jpg,1970-01-01 00:00:00,,,
39524,Peter England Unisex Orange Sleeve Bag,images\39524.jpg,1970-01-01 00:00:00,,,
33822,Puma Men Axis White & Grey Sports Shoes,images\33822.jpg,1970-01-01 00:00:00,,,
58513,Tonga Women Maroon Top,images\58513.jpg,1970-01-01 00:00:00,,,
25947,Femella Women Brown Scarf,images\25947.jpg,1970-01-01 00:00:00,,,
52029,Just Natural Unisex Charcoal Rain Jacket,images\52029.jpg,1970-01-01 00:00:00,,,
5865,ADIDAS Men's Twelve Faster T-shirt,images\5865.jpg,1970-01-01 00:00:00,,,
39716,Arrow Woman Women Blue Dress,images\39716.jpg,1970-01-01 00:00:00,,,
25349,Levis Men Red Brief,images\25349.jpg,1970-01-01 00:00:00,,,
11940,Ganuchi Men Casual Black Sandals,images\11940.jpg,1970-01-01 00:00:00,,,
55802,SDL by Sweet Dreams Women Green Printed Night Suit S11-3124,images\55802.jpg,1970-01-01 00:00:00,,,
29584,Indigo Nation Men Printed Black T-shirt,images\29584.jpg,1970-01-01 00:00:00,,,
43967,DKNY Women Red Delicious Perfume,images\43967.jpg,1970-01-01 00:00:00,,,
28456,Urban Yoga Women Blue Skirt With Leggings,images\28456.jpg,1970-01-01 00:00:00,,,
34009,Gini and Jony Girls Black Top,images\34009.jpg,1970-01-01 00:00:00,,,
19311,Nike Men Air Rift MTR White Casual Shoe,images\19311.jpg,1970-01-01 00:00:00,,,
42089,ADIDAS Men White Corona Sports Shoes,images\42089.jpg,1970-01-01 00:00:00,,,
22950,Fastrack Unisex Black Dial Watch 9915PP13,images\22950.jpg,1970-01-01 00:00:00,,,
49461,Vans Men Blue Era Scilla Plaid Shoes,images\49461.jpg,1970-01-01 00:00:00,,,
8746,Crocs Kids Navy Blue Clogs,images\8746.jpg,1970-01-01 00:00:00,,,
9694,Classic Polo Men Vulcan White Polo Tshirts,images\9694.jpg,1970-01-01 00:00:00,,,
23882,Fila Men Destiny Grey Sports Shoes,images\23882.jpg,1970-01-01 00:00:00,,,
34835,ADIDAS Men Blue Chill Sports Shoes,images\34835.jpg,1970-01-01 00:00:00,,,
15984,Turtle Check Men Yellow Shirt,images\15984.jpg,1970-01-01 00:00:00,,,
41268,Arrow Men Black Wallet,images\41268.jpg,1970-01-01 00:00:00,,,
11518,Catwalk Women Gun Metal Grey Heels,images\11518.jpg,1970-01-01 00:00:00,,,
14856,United Colors of Benetton Women Solid Beige Wallets,images\14856.jpg,1970-01-01 00:00:00,,,
33648,Lotto Men Ridge Brown Sandals,images\33648.jpg,1970-01-01 00:00:00,,,
59297,U.S. Polo Assn. Men White & Navy Blue Shirt,images\59297.jpg,1970-01-01 00:00:00,,,
28032,Jockey ELANCE Men Bikini White Brief 1005,images\28032.jpg,1970-01-01 00:00:00,,,
27846,Scullers For Her Charcoal Blazer,images\27846.jpg,1970-01-01 00:00:00,,,
26994,Jealous 21 Women Black Jeans,images\26994.jpg,1970-01-01 00:00:00,,,
49839,iPanema Women Red Flip Flops,images\49839.jpg,1970-01-01 00:00:00,,,
31923,Fabindia Women Blue Silk Sling Bag,images\31923.jpg,1970-01-01 00:00:00,,,
2618,Carlton London Women Silver Wedge Sandal,images\2618.jpg,1970-01-01 00:00:00,,,
54588,Sushilas Women Printed Green Kurta,images\54588.jpg,1970-01-01 00:00:00,,,
49005,Lucera Women Silver Ring,images\49005.jpg,1970-01-01 00:00:00,,,
8322,Doodle Boy's Route 66 Biker Blue Teen Kidswear,images\8322.jpg,1970-01-01 00:00:00,,,
13841,ADIDAS Unisex Three Small Dials White Watches,images\13841.jpg,1970-01-01 00:00:00,,,
28200,Ray-Ban Men Active Lifestyle Copper Sunglasses,images\28200.jpg,1970-01-01 00:00:00,,,
12993,ADIDAS Kids Adispeed Black Sports Shoes,images\12993.jpg,1970-01-01 00:00:00,,,
7158,Scullers Men  Green Check Shirt,images\7158.jpg,1970-01-01 00:00:00,,,
18495,Puma Men Fashion Cat White Slipper,images\18495.jpg,1970-01-01 00:00:00,,,
8110,Fastrack Men Economy 2 Analg Black Watch,images\8110.jpg,1970-01-01 00:00:00,,,
19547,United Colors of Benetton Men Solid Blue Sweatshirt,images\19547.jpg,1970-01-01 00:00:00,,,
7964,Puma Men's Large Logo Graphic Black T-shirt,images\7964.jpg,1970-01-01 00:00:00,,,
36934,Giorgio Armani Women Idole Perfume,images\36934.jpg,1970-01-01 00:00:00,,,
39140,Aneri Women Black & Maroon Salwar Suit,images\39140.jpg,1970-01-01 00:00:00,,,
20851,Spice Art Women Ribbon Embroidery Red Clutch,images\20851.jpg,1970-01-01 00:00:00,,,
41866,Estd. 1977 Men Beige & Green Sandals,images\41866.jpg,1970-01-01 00:00:00,,,
58177,Rocky S Women Brown Handbag,images\58177.jpg,1970-01-01 00:00:00,,,
44528,Coolers Men Black Sandals,images\44528.jpg,1970-01-01 00:00:00,,,
16392,Levis Men Check Red Shirts,images\16392.jpg,1970-01-01 00:00:00,,,
51455,Tonga Women Pink Printed Shrug,images\51455.jpg,1970-01-01 00:00:00,,,
50587,Chromozome Men Grey Briefs,images\50587.jpg,1970-01-01 00:00:00,,,
17240,U.S. Polo Assn. Men Stripes Black  Polo Tshirt,images\17240.jpg,1970-01-01 00:00:00,,,
47530,Portia Women Copper-Toned & Brown Sandals,images\47530.jpg,1970-01-01 00:00:00,,,
6617,Spykar Men Black and white Check Shirt,images\6617.jpg,1970-01-01 00:00:00,,,
12732,Nike Unisex Swoosh Black Backpack,images\12732.jpg,1970-01-01 00:00:00,,,
3365,Myntra Men's Brain Black T-shirt,images\3365.jpg,1970-01-01 00:00:00,,,
42042,Nike Men Air Relentless 2 MSL White Sports Shoes,images\42042.jpg,1970-01-01 00:00:00,,,
23849,ADIDAS Men Black Anzo Breeze Casual Shoes,images\23849.jpg,1970-01-01 00:00:00,,,
43190,Fastrack Women White Dial Watch,images\43190.jpg,1970-01-01 00:00:00,,,
48578,Revv Men Steel Bracelet,images\48578.jpg,1970-01-01 00:00:00,,,
30462,Lovable Women All Day Long Black Bra,images\30462.jpg,1970-01-01 00:00:00,,,
18208,Manchester United Men Solid White Cap,images\18208.jpg,1970-01-01 00:00:00,,,
54127,Rocia Women Black Heels,images\54127.jpg,1970-01-01 00:00:00,,,
10065,Puma Men ducati logo tee Yellow Tshirts,images\10065.jpg,1970-01-01 00:00:00,,,
24250,Numero Uno Men White Casual Shoes,images\24250.jpg,1970-01-01 00:00:00,,,
32335,Q&Q Men Silver-Toned Dial Analogue Watch Q252J404Y,images\32335.jpg,1970-01-01 00:00:00,,,
25382,Levis Men White Innerwear Vest,images\25382.jpg,1970-01-01 00:00:00,,,
56670,Maxima Men Black Dial Watch,images\56670.jpg,1970-01-01 00:00:00,,,
5092,Wrangler Men's Minstrel Shoulder Loop Purple T-shirt,images\5092.jpg,1970-01-01 00:00:00,,,
10859,Wrangler Men Furious Rides Navy Blue T-Shirts,images\10859.jpg,1970-01-01 00:00:00,,,
59638,FNF Green Wedding Collection Sari,images\59638.jpg,1970-01-01 00:00:00,,,
15517,Rockport Men LLandro Red Casual Shoes,images\15517.jpg,1970-01-01 00:00:00,,,
4140,Skechers Women Green Shoe,images\4140.jpg,1970-01-01 00:00:00,,,
36795,Maxima Men Ssteele Silver Dial Watch,images\36795.jpg,1970-01-01 00:00:00,,,
40527,Titan Men Gold Dial Watch,images\40527.jpg,1970-01-01 00:00:00,,,
10257,John Miller Men Solid Type Black Trousers,images\10257.jpg,1970-01-01 00:00:00,,,
24062,Locomotive Men Navy Blue Printed T-shirt,images\24062.jpg,1970-01-01 00:00:00,,,
45869,Maxima Men Brown Dial Watch,images\45869.jpg,1970-01-01 00:00:00,,,
11385,United Colors Of Benetton Women Light Winter Black Sweatshirts,images\11385.jpg,1970-01-01 00:00:00,,,
53130,Catwalk Women Brown Sandals,images\53130.jpg,1970-01-01 00:00:00,,,
44187,Nike Fragrances Women 5th Element Perfume 150 ml,images\44187.jpg,1970-01-01 00:00:00,,,
21510,Kiara Women Graphiti White Handbag,images\21510.jpg,1970-01-01 00:00:00,,,
51667,Louis Philippe Men Grey Sunglasses,images\51667.jpg,1970-01-01 00:00:00,,,
22395,Mark Taylor Men Striped Blue Shirt,images\22395.jpg,1970-01-01 00:00:00,,,
35322,Fabindia Women Anusuya Silver Earrings,images\35322.jpg,1970-01-01 00:00:00,,,
6425,Lotto Unisex Canvas Black Check Shoe,images\6425.jpg,1970-01-01 00:00:00,,,
18806,Peter England Men Casual Tan Belt,images\18806.jpg,1970-01-01 00:00:00,,,
23247,Arrow Men Formal Black Shoe,images\23247.jpg,1970-01-01 00:00:00,,,
17072,Lino Perros Women Weaved  Grey Belt,images\17072.jpg,1970-01-01 00:00:00,,,
31782,Lee Women Paula Blue Top,images\31782.jpg,1970-01-01 00:00:00,,,
42270,Vans Unisex Black & Grey Classic Shoes,images\42270.jpg,1970-01-01 00:00:00,,,
12500,United Colors of Benetton Men Short Black Shirts,images\12500.jpg,1970-01-01 00:00:00,,,
26735,Reebok Men Pack of 2 Pirates of the Caribbean Deos,images\26735.jpg,1970-01-01 00:00:00,,,
30650,Nike Men Printed Black T-shirt,images\30650.jpg,1970-01-01 00:00:00,,,
56026,Colorbar Soft Touch Mousse Lipstick 025,images\56026.jpg,1970-01-01 00:00:00,,,
21948,Murcia Women Casual Brown Handbag,images\21948.jpg,1970-01-01 00:00:00,,,
32563,ONLY Women directoire blue Trousers,images\32563.jpg,1970-01-01 00:00:00,,,
58980,Colour me Women Flowers Deo,images\58980.jpg,1970-01-01 00:00:00,,,
40143,Gini and Jony Girls Pretty Blossom Blue Top,images\40143.jpg,1970-01-01 00:00:00,,,
10633,Carlton London Men Formal Brown Formal Shoes,images\10633.jpg,1970-01-01 00:00:00,,,
24406,Vishudh Women Red Printed Kurta,images\24406.jpg,1970-01-01 00:00:00,,,
4716,ADIDAS Unisex Response ST Analogue Black Watch,images\4716.jpg,1970-01-01 00:00:00,,,
21174,s.Oliver Women Stripes Beige Top,images\21174.jpg,1970-01-01 00:00:00,,,
15341,Nike Women Solid Pink Shorts,images\15341.jpg,1970-01-01 00:00:00,,,
52486,Red Rose Maroon Camisole,images\52486.jpg,1970-01-01 00:00:00,,,
53554,Probase Multicoloured Printed Boxers,images\53554.jpg,1970-01-01 00:00:00,,,
14293,Classic Polo Men Stripes Blue Tshirts,images\14293.jpg,1970-01-01 00:00:00,,,
47366,Baggit Women Blue Bag,images\47366.jpg,1970-01-01 00:00:00,,,
6041,UCB Men's Polo Neck With Lion Logo Navy Blue T-shirt,images\6041.jpg,1970-01-01 00:00:00,,,
23623,Doodle Kids Girls Pink I love Shopping Top,images\23623.jpg,1970-01-01 00:00:00,,,
17416,Lotto Men Atlantica Black Sports Shoe,images\17416.jpg,1970-01-01 00:00:00,,,
9835,Little Miss Women Printed Grey T-shirt,images\9835.jpg,1970-01-01 00:00:00,,,
29319,ADIDAS Unisex Chicago Bulls Red Backpack,images\29319.jpg,1970-01-01 00:00:00,,,
7193,Jealous 21 Women Black Jegging,images\7193.jpg,1970-01-01 00:00:00,,,
12958,ADIDAS Men Sports Black Sports Shoes,images\12958.jpg,1970-01-01 00:00:00,,,
27283,Mother Earth Women Magenta Kurta,images\27283.jpg,1970-01-01 00:00:00,,,
30234,Numero Uno Men Black Flip Flops,images\30234.jpg,1970-01-01 00:00:00,,,
9009,Murcia Women Snake Print Bag Brown Handbags,images\9009.jpg,1970-01-01 00:00:00,,,
3533,Myntra Men's If You Don't Like Navy Blue T-shirt,images\3533.jpg,1970-01-01 00:00:00,,,
42614,Estelle Women Earrings & Pendant Set,images\42614.jpg,1970-01-01 00:00:00,,,
12164,Aurelia Women Voile Orange Dupatta,images\12164.jpg,1970-01-01 00:00:00,,,
26351,DKNY Women White Dial Watch NY8472,images\26351.jpg,1970-01-01 00:00:00,,,
17624,ADIDAS Men Solid Navy Blue Track Pant,images\17624.jpg,1970-01-01 00:00:00,,,
47154,Gini and Jony Girls Black Capris,images\47154.jpg,1970-01-01 00:00:00,,,
35574,Gliders Men Esquire Red Flip Flops,images\35574.jpg,1970-01-01 00:00:00,,,
46086,ADIDAS Women Lavender Hagkok Sports Shoes,images\46086.jpg,1970-01-01 00:00:00,,,
51031,Enamor White Bra,images\51031.jpg,1970-01-01 00:00:00,,,
13284,Gini and Jony Kids Boys Solid Black Shorts,images\13284.jpg,1970-01-01 00:00:00,,,
54543,F Sports Men White Outlander Sports Shoes,images\54543.jpg,1970-01-01 00:00:00,,,
55491,Revlon Gold Dust Poussiere Doree Colorburst Lip Gloss 024,images\55491.jpg,1970-01-01 00:00:00,,,
26163,John Miller Men Dark Grey Trousers,images\26163.jpg,1970-01-01 00:00:00,,,
3701,Tantra Women Flower Heart Black Long T-shirt,images\3701.jpg,1970-01-01 00:00:00,,,
29917,Police Men White Dial Watch PL12698JS,images\29917.jpg,1970-01-01 00:00:00,,,
42426,Aurelia Women Sea Green Kurta,images\42426.jpg,1970-01-01 00:00:00,,,
32751,FILA Men Liga II Black Shoes,images\32751.jpg,1970-01-01 00:00:00,,,
56214,Estelle Women Gold Earrings,images\56214.jpg,1970-01-01 00:00:00,,,
10401,Jealous 21 Women Uaine Purple Tops,images\10401.jpg,1970-01-01 00:00:00,,,
40371,Tokyo Talkies Women Navy Slim Fit Jeans,images\40371.jpg,1970-01-01 00:00:00,,,
21346,Pal Zileri Men Casual Gold Frame Sunglasses,images\21346.jpg,1970-01-01 00:00:00,,,
45603,Arrow Men Black Formal Shoes,images\45603.jpg,1970-01-01 00:00:00,,,
4524,Puma Men's YugoRun Black White Shoe,images\4524.jpg,1970-01-01 00:00:00,,,
37223,United Colors of Benetton Women Blue Top,images\37223.jpg,1970-01-01 00:00:00,,,
53766,Puma Men White and Navy Blue T-shirt,images\53766.jpg,1970-01-01 00:00:00,,,
25520,Doodle Kids Girls City Chic White Top,images\25520.jpg,1970-01-01 00:00:00,,,
32597,ONLY Women Black Top,images\32597.jpg,1970-01-01 00:00:00,,,
58974,Colour me Men Gold Deo,images\58974.jpg,1970-01-01 00:00:00,,,
33445,Baggit Women Lamboo Mayur Black Wallet,images\33445.jpg,1970-01-01 00:00:00,,,
57100,Elle Women Dark Pink Top,images\57100.jpg,1970-01-01 00:00:00,,,
36137,Nike Women Free Run Pink Sports Shoes,images\36137.jpg,1970-01-01 00:00:00,,,
41859,Estd. 1977 Men Black Sandals,images\41859.jpg,1970-01-01 00:00:00,,,
21180,ADIDAS Men Adi Cells Black Flip Flops,images\21180.jpg,1970-01-01 00:00:00,,,
39943,GAS Men Brown Count Casual Shoes,images\39943.jpg,1970-01-01 00:00:00,,,
52472,Red Rose Women White & Pink Polka Dot Print Bath Robe,images\52472.jpg,1970-01-01 00:00:00,,,
58148,Puma Unisex White Cap,images\58148.jpg,1970-01-01 00:00:00,,,
20052,United Colors Of Benetton Women Yellow Muffler,images\20052.jpg,1970-01-01 00:00:00,,,
5630,ADIDAS Women's Adi Groove Blue Flip Flop,images\5630.jpg,1970-01-01 00:00:00,,,
44517,Coolers Men Brown Pokar Flip Flops,images\44517.jpg,1970-01-01 00:00:00,,,
47392,Baggit Women Beige Bag,images\47392.jpg,1970-01-01 00:00:00,,,
50325,Aurelia Women Navy Blue Kurta,images\50325.jpg,1970-01-01 00:00:00,,,
8913,Puma Men Cabana Racer Sketch White Sports Shoes,images\8913.jpg,1970-01-01 00:00:00,,,
16530,Locomotive Men Check Red Shirt,images\16530.jpg,1970-01-01 00:00:00,,,
22705,Nike Men White Capri II Casual Shoe,images\22705.jpg,1970-01-01 00:00:00,,,
7167,Scullers Men Scul Purple White Shirt,images\7167.jpg,1970-01-01 00:00:00,,,
46240,Fusion Beats Women White Printed Tunic,images\46240.jpg,1970-01-01 00:00:00,,,
27277,Mother Earth Women Blue Kurta,images\27277.jpg,1970-01-01 00:00:00,,,
13042,Inc 5 Women Brown Heels,images\13042.jpg,1970-01-01 00:00:00,,,
6889,Forever New Women Stone Cream Jacket,images\6889.jpg,1970-01-01 00:00:00,,,
31312,W Women Peach Kurta,images\31312.jpg,1970-01-01 00:00:00,,,
12190,Basics Men Blue Slim Fit Checked Shirt,images\12190.jpg,1970-01-01 00:00:00,,,
55657,Catwalk Women Golden Wedges,images\55657.jpg,1970-01-01 00:00:00,,,
19578,United Colors of Benetton Women Solid Purple Top,images\19578.jpg,1970-01-01 00:00:00,,,
27879,Scullers For Her Women Blue Top,images\27879.jpg,1970-01-01 00:00:00,,,
34452,Rocia Women Copper Sandals,images\34452.jpg,1970-01-01 00:00:00,,,
6287,Classic Polo Men's Swiss Yellow T-shirt,images\6287.jpg,1970-01-01 00:00:00,,,
7355,Tantra Men's Black Sabbath Navy T-shirt,images\7355.jpg,1970-01-01 00:00:00,,,
46072,Lino Perros Men Black Leather Belt,images\46072.jpg,1970-01-01 00:00:00,,,
22537,Gas Men Eldorado Tan Casual  Sandals,images\22537.jpg,1970-01-01 00:00:00,,,
28831,Enamor Women Pack of 3 Mid-Rise Bikini Brief,images\28831.jpg,1970-01-01 00:00:00,,,
43500,French Connection Men White T-shirt,images\43500.jpg,1970-01-01 00:00:00,,,
2627,Carlton London Women Wedge Silver Sandal,images\2627.jpg,1970-01-01 00:00:00,,,
27045,Yelloe Off White Fur Zip Clutch,images\27045.jpg,1970-01-01 00:00:00,,,
13270,Palm Tree Kids Girls Printed White Tops,images\13270.jpg,1970-01-01 00:00:00,,,
18698,Hanes Men Grey Ultimate Duo Dry Cotton Stretch Bikini Briefs,images\18698.jpg,1970-01-01 00:00:00,,,
55465,Revlon Super Lusterous Lipstick 304,images\55465.jpg,1970-01-01 00:00:00,,,
26197,Formula 1 Go Men Perfume,images\26197.jpg,1970-01-01 00:00:00,,,
31120,Palm Tree Girls Pink Top,images\31120.jpg,1970-01-01 00:00:00,,,
25712,ADIDAS Unisex Blue Cap,images\25712.jpg,1970-01-01 00:00:00,,,
11527,United Colors of Benetton Men Olive Tshirts,images\11527.jpg,1970-01-01 00:00:00,,,
14869,United Colors of Benetton Men Solid Black Wallets,images\14869.jpg,1970-01-01 00:00:00,,,
40385,Tokyo Talkies Women Yellow Top,images\40385.jpg,1970-01-01 00:00:00,,,
15187,Arrow Sport Men Solid White Polo Tshirts,images\15187.jpg,1970-01-01 00:00:00,,,
5402,Kalenji Ekiden 200 Wn Purple 2011,images\5402.jpg,1970-01-01 00:00:00,,,
44725,Lotto Women Coral Elegant Flip Flops,images\44725.jpg,1970-01-01 00:00:00,,,
14055,Flying Machine Men Check Green Shirts,images\14055.jpg,1970-01-01 00:00:00,,,
20260,Wrangler Men Applique Navy Blue Tshirt,images\20260.jpg,1970-01-01 00:00:00,,,
7731,Puma Men's Winglet II Grey Yellow White Flip Flop,images\7731.jpg,1970-01-01 00:00:00,,,
22153,Lee Cooper Men Brown Casual Sandals,images\22153.jpg,1970-01-01 00:00:00,,,
43958,Puma Men Olive Techno Ind Sandal,images\43958.jpg,1970-01-01 00:00:00,,,
28469,Urban Yoga Women Printed Pink T-shirt,images\28469.jpg,1970-01-01 00:00:00,,,
50573,Chromozome Men Charcoal Trunk Trunks,images\50573.jpg,1970-01-01 00:00:00,,,
34036,Palm Tree Boys Check Blue Shirt,images\34036.jpg,1970-01-01 00:00:00,,,
55001,Lakme Absolute Lip Last Day Kiss Lip Colour,images\55001.jpg,1970-01-01 00:00:00,,,
8779,Indigo Nation Men Club Satin Hot Stepper Navy Blue Shirt,images\8779.jpg,1970-01-01 00:00:00,,,
3391,Murcia Women White With Stitch Bag,images\3391.jpg,1970-01-01 00:00:00,,,
43164,Fastrack Men Black Watch,images\43164.jpg,1970-01-01 00:00:00,,,
2243,ADIDAS Men Stripe Polo White Polo T-shirt,images\2243.jpg,1970-01-01 00:00:00,,,
30496,Lovable Women Fiona Purple Bra,images\30496.jpg,1970-01-01 00:00:00,,,
27421,Jockey Women Blue Lounge Pants,images\27421.jpg,1970-01-01 00:00:00,,,
57756,Lotus Herbals Neem & Clove Purifying Face Wash,images\57756.jpg,1970-01-01 00:00:00,,,
33213,Sepia Women Printed Magenta Top,images\33213.jpg,1970-01-01 00:00:00,,,
39729,Arrow Woman Olive Top,images\39729.jpg,1970-01-01 00:00:00,,,
25376,Levis Men Grey Innerwear T-Shirt,images\25376.jpg,1970-01-01 00:00:00,,,
11143,Scullers Men Price Catch Black Shirts,images\11143.jpg,1970-01-01 00:00:00,,,
56684,Fabindia Beige & Maroon Mull Printed Saree,images\56684.jpg,1970-01-01 00:00:00,,,
4988,Gini and Jony Girl's Vanya White Polka Dot Kidswear,images\4988.jpg,1970-01-01 00:00:00,,,
44341,Indian Terrain Men Blue T-shirt,images\44341.jpg,1970-01-01 00:00:00,,,
14431,Enroute Women Casual Black Flats,images\14431.jpg,1970-01-01 00:00:00,,,
20604,Baggit Women Umbrella Dum Brown Handbag,images\20604.jpg,1970-01-01 00:00:00,,,
52224,Lencia Grey Swarovski Pearl Necklace,images\52224.jpg,1970-01-01 00:00:00,,,
45293,CASIO SHEEN Women Red Dial Watch SX017,images\45293.jpg,1970-01-01 00:00:00,,,
36761,Maxima Men Black Watch,images\36761.jpg,1970-01-01 00:00:00,,,
33021,Mother Earth Women Printed Cream Kurta,images\33021.jpg,1970-01-01 00:00:00,,,
25144,Lino Perros Women Leatherite Orange Handbag,images\25144.jpg,1970-01-01 00:00:00,,,
11371,United Colors Of Benetton Men Summer Black Shirts,images\11371.jpg,1970-01-01 00:00:00,,,
41401,Wrangler Women White Smocked Top,images\41401.jpg,1970-01-01 00:00:00,,,
14603,United Colors of Benetton Men Pack of 2 Grey Socks,images\14603.jpg,1970-01-01 00:00:00,,,
37481,Esprit Women White Dial Watch,images\37481.jpg,1970-01-01 00:00:00,,,
5254,Wildcraft Unisex Red Duffle Bag,images\5254.jpg,1970-01-01 00:00:00,,,
44173,Nike Fragrances Women Trendy Perfume 75ml,images\44173.jpg,1970-01-01 00:00:00,,,
25978,J.Del Pozo Halloween Kiss Sexy Women Perfume,images\25978.jpg,1970-01-01 00:00:00,,,
4386,Wrangler Cowboy Photo T-shirt,images\4386.jpg,1970-01-01 00:00:00,,,
51693,Van Heusen Unisex Brown Sunglasses,images\51693.jpg,1970-01-01 00:00:00,,,
16154,Enroute Men Leather Black Formal Shoes,images\16154.jpg,1970-01-01 00:00:00,,,
22361,Reebok Men Navy Twist Sandals,images\22361.jpg,1970-01-01 00:00:00,,,
29789,Basics Men Pack of 3 T-shirt,images\29789.jpg,1970-01-01 00:00:00,,,
19920,Wildcraft Unisex Black Outdoor Backpack,images\19920.jpg,1970-01-01 00:00:00,,,
7503,Nike Men's As Icon Blue T-shirt,images\7503.jpg,1970-01-01 00:00:00,,,
46624,Rasasi Men Emotion Deo and Perfume Set,images\46624.jpg,1970-01-01 00:00:00,,,
34204,Proline Men Navy Track Pants,images\34204.jpg,1970-01-01 00:00:00,,,
17086,Lino Perros Women Blue Zip Orange Wallet,images\17086.jpg,1970-01-01 00:00:00,,,
50741,Red Chief Men Black Shoes,images\50741.jpg,1970-01-01 00:00:00,,,
55233,Lakme Nine to Five Flawless Makeup Shell Foundation,images\55233.jpg,1970-01-01 00:00:00,,,
13426,United Colors of Benetton Men Stripes Red  Polo T-shirts,images\13426.jpg,1970-01-01 00:00:00,,,
43356,Reebok Women Charcoal Grey Fuel Techno Sports Shoes,images\43356.jpg,1970-01-01 00:00:00,,,
28207,Ray-Ban Men Active Lifestyle Black Sunglasses,images\28207.jpg,1970-01-01 00:00:00,,,
13846,John Miller Men Stripes Blue Shirts,images\13846.jpg,1970-01-01 00:00:00,,,
12994,ADIDAS Kids Boys Duramo Synthetic Black Sports Shoes,images\12994.jpg,1970-01-01 00:00:00,,,
46278,109F Women Red & White Striped Tunic,images\46278.jpg,1970-01-01 00:00:00,,,
16508,Locomotive Men Washed Blue Jeans,images\16508.jpg,1970-01-01 00:00:00,,,
18492,Puma Men Danny Blue Slipper,images\18492.jpg,1970-01-01 00:00:00,,,
19540,United Colors of Benetton Men Solid Blue Sweater,images\19540.jpg,1970-01-01 00:00:00,,,
7963,Puma Men's Large Logo Graphic White French T-shirt,images\7963.jpg,1970-01-01 00:00:00,,,
8117,Fastrack Men New Analog Black Navy Watch,images\8117.jpg,1970-01-01 00:00:00,,,
49230,Calzini Men Pack of 5 Sports Socks,images\49230.jpg,1970-01-01 00:00:00,,,
39147,Aneri Women Purple Salwar Suit,images\39147.jpg,1970-01-01 00:00:00,,,
36933,Bulgari Women Omnia Perfume,images\36933.jpg,1970-01-01 00:00:00,,,
57138,Elle Women Brown Trousers,images\57138.jpg,1970-01-01 00:00:00,,,
20856,United Colors of Benetton Men Casual Black Shoes,images\20856.jpg,1970-01-01 00:00:00,,,
41861,Estd. 1977 Men Black Sandals,images\41861.jpg,1970-01-01 00:00:00,,,
5608,ADIDAS Men Kendall Black Navy Floater,images\5608.jpg,1970-01-01 00:00:00,,,
58170,Rocky S Women Red Clutch,images\58170.jpg,1970-01-01 00:00:00,,,
53598,Q&Q Men Black Digital Watch,images\53598.jpg,1970-01-01 00:00:00,,,
15983,Turtle Solid Men  Burgundy Shirt,images\15983.jpg,1970-01-01 00:00:00,,,
39375,Helix Women Silver Dial Watch,images\39375.jpg,1970-01-01 00:00:00,,,
14851,United Colors of Benetton Women Solid Coffee Brown Wallets,images\14851.jpg,1970-01-01 00:00:00,,,
59290,Titan Men Black Dial Watch,images\59290.jpg,1970-01-01 00:00:00,,,
52678,Morellato Men Black Watch,images\52678.jpg,1970-01-01 00:00:00,,,
20258,Wrangler Men Polo Charcoal T-shirt,images\20258.jpg,1970-01-01 00:00:00,,,
47198,Franco Leone Men Brown Sandals,images\47198.jpg,1970-01-01 00:00:00,,,
27841,Bulchee Men Plain Jeans White Belt,images\27841.jpg,1970-01-01 00:00:00,,,
28035,Jockey ELANCE Men Grey Melange Y Front Briefs 1006,images\28035.jpg,1970-01-01 00:00:00,,,
31924,Fabindia Women Black Silk Handbag,images\31924.jpg,1970-01-01 00:00:00,,,
26993,Jealous 21 Women Washed Blue Jeans,images\26993.jpg,1970-01-01 00:00:00,,,
13248,Palm Tree Kids Boy Solid Brown Trousers,images\13248.jpg,1970-01-01 00:00:00,,,
43538,French Connection Women Blue Top,images\43538.jpg,1970-01-01 00:00:00,,,
8325,Doodle Boy's Athletic 77 Dept Yellow Teen Kidswear,images\8325.jpg,1970-01-01 00:00:00,,,
31118,Gini and Jony Girls Red Top,images\31118.jpg,1970-01-01 00:00:00,,,
19772,ADIDAS Men Vigor Blue Casual Shoes,images\19772.jpg,1970-01-01 00:00:00,,,
46876,Lino Perros Men Pack of 2 Socks,images\46876.jpg,1970-01-01 00:00:00,,,
5862,ADIDAS Men's Stripe Black T-shirt,images\5862.jpg,1970-01-01 00:00:00,,,
39711,ADIDAS Original Men Black Dial Chronograph Watch ADH2641,images\39711.jpg,1970-01-01 00:00:00,,,
14409,Enroute Women Casual White Heels,images\14409.jpg,1970-01-01 00:00:00,,,
58726,Puma Men Grey T-shirt,images\58726.jpg,1970-01-01 00:00:00,,,
44379,ADIDAS Men Intense Touch  Perfume,images\44379.jpg,1970-01-01 00:00:00,,,
11947,Ganuchi Men Casual Olive Sandals,images\11947.jpg,1970-01-01 00:00:00,,,
36759,Maxima Men White Dial Watch,images\36759.jpg,1970-01-01 00:00:00,,,
51499,Denizen Women Blue Jeans,images\51499.jpg,1970-01-01 00:00:00,,,
29583,Puma Women Grace Silver Sandals,images\29583.jpg,1970-01-01 00:00:00,,,
55805,SDL by Sweet Dreams Women Pink & Black Printed Night Suit S11-3134,images\55805.jpg,1970-01-01 00:00:00,,,
7709,Jealous 21 Women's Aaren Black Jegging,images\7709.jpg,1970-01-01 00:00:00,,,
28451,Urban Yoga Women Black Track Pants,images\28451.jpg,1970-01-01 00:00:00,,,
43960,Indigo Nation Men Grey Striped Shirt,images\43960.jpg,1970-01-01 00:00:00,,,
8741,Indigo Nation Men Checks Shirt Navy Blue Shirts,images\8741.jpg,1970-01-01 00:00:00,,,
55039,Lakme Absolute Matte Merlot Lipstick 45,images\55039.jpg,1970-01-01 00:00:00,,,
19316,Nike Unisex Hayward 25M Grey Backpack,images\19316.jpg,1970-01-01 00:00:00,,,
27419,Jockey Women Black Lounge Pants,images\27419.jpg,1970-01-01 00:00:00,,,
34832,ADIDAS Men Sukoi White Sports Shoes,images\34832.jpg,1970-01-01 00:00:00,,,
23885,Fila Men Grey Hex Sports Shoes,images\23885.jpg,1970-01-01 00:00:00,,,
19918,Wildcraft Unisex Black Backpack,images\19918.jpg,1970-01-01 00:00:00,,,
22359,John Players Men Check Blue Shirt,images\22359.jpg,1970-01-01 00:00:00,,,
19124,Lotto Women XL Kelly Pink Slippers,images\19124.jpg,1970-01-01 00:00:00,,,
16950,Image Men Sunglasses,images\16950.jpg,1970-01-01 00:00:00,,,
49654,Mineral Women Grey Skirt,images\49654.jpg,1970-01-01 00:00:00,,,
48786,Lucera Women Silver Pendant,images\48786.jpg,1970-01-01 00:00:00,,,
2049,ADIDAS Men's Slim Fit White T-shirt,images\2049.jpg,1970-01-01 00:00:00,,,
17882,Levis Men Comfort Style White Innerwear Vest,images\17882.jpg,1970-01-01 00:00:00,,,
44977,Maxima Men Silver Dial Attivo Watch,images\44977.jpg,1970-01-01 00:00:00,,,
33019,Mother Earth Women Printed Yellow Kurta,images\33019.jpg,1970-01-01 00:00:00,,,
41439,Lee Cooper Men Black Sports Shoes,images\41439.jpg,1970-01-01 00:00:00,,,
39523,Peter England Unisex Black One Dayer Black Trolley Bag,images\39523.jpg,1970-01-01 00:00:00,,,
52812,JAG Men Black Leather Wallet,images\52812.jpg,1970-01-01 00:00:00,,,
11349,Lee Men Blue Chicago Fit Jeans,images\11349.jpg,1970-01-01 00:00:00,,,
24892,United Colors of Benetton Men Black T-shirt,images\24892.jpg,1970-01-01 00:00:00,,,
58514,Tonga Women Grey Top,images\58514.jpg,1970-01-01 00:00:00,,,
33825,Puma Women Kuris Silver & Grey Sports Shoes,images\33825.jpg,1970-01-01 00:00:00,,,
25940,Femella Women Yellow & Blue Scarf,images\25940.jpg,1970-01-01 00:00:00,,,
38637,Nike Men Red Delhi T-shirt,images\38637.jpg,1970-01-01 00:00:00,,,
5896,Puma Men Cavallino Black Shoe,images\5896.jpg,1970-01-01 00:00:00,,,
4944,Gini and Jony Boy's Kaleb White Brown Infant Kidswear,images\4944.jpg,1970-01-01 00:00:00,,,
10861,Wrangler Men Dirt Riders White T-Shirts,images\10861.jpg,1970-01-01 00:00:00,,,
59600,FNF Rust Wedding Collection Sari,images\59600.jpg,1970-01-01 00:00:00,,,
42846,French Connection Women Multi Stripe Hand Bag,images\42846.jpg,1970-01-01 00:00:00,,,
35128,Allen Solly Woman Purple Bangle,images\35128.jpg,1970-01-01 00:00:00,,,
47508,Facit Men Black Brief,images\47508.jpg,1970-01-01 00:00:00,,,
54923,Do u speak Green Girls Olive 3/4 Pant,images\54923.jpg,1970-01-01 00:00:00,,,
43994,Police Women Passion Deo,images\43994.jpg,1970-01-01 00:00:00,,,
17278,U.S. Polo Assn. Men Printed  Steeple Grey Tshirt,images\17278.jpg,1970-01-01 00:00:00,,,
31588,Mark Taylor Men Printed Maroon T-shirt,images\31588.jpg,1970-01-01 00:00:00,,,
49492,Vans Men Maroon & Grey Era Shoes,images\49492.jpg,1970-01-01 00:00:00,,,
18230,Manchester United Men Printed White Tshirt,images\18230.jpg,1970-01-01 00:00:00,,,
23871,ADIDAS Men Grey Striped T-shirt,images\23871.jpg,1970-01-01 00:00:00,,,
9667,Indigo Nation Men Bling Red Black Shirts,images\9667.jpg,1970-01-01 00:00:00,,,
16198,Puma Men Poly Knitted Black Tracksuit,images\16198.jpg,1970-01-01 00:00:00,,,
3953,Jealous 21 Women's Red Peace T-shirt,images\3953.jpg,1970-01-01 00:00:00,,,
29745,Fossil Men Quartz Black Dial Chronograph Watch JR1303,images\29745.jpg,1970-01-01 00:00:00,,,
28697,W Women Printed Black Kurta,images\28697.jpg,1970-01-01 00:00:00,,,
12538,Puma Men Solid Blue Track Pants,images\12538.jpg,1970-01-01 00:00:00,,,
8587,Scullers Men Red Check Shirt,images\8587.jpg,1970-01-01 00:00:00,,,
42248,Sepia Women Pink Top,images\42248.jpg,1970-01-01 00:00:00,,,
48772,Lucera Women Silver Pendant,images\48772.jpg,1970-01-01 00:00:00,,,
17876,Levis Men Comfort Style Grey Innerwear Vest,images\17876.jpg,1970-01-01 00:00:00,,,
30668,Park Avenue Men Black Sunglasses,images\30668.jpg,1970-01-01 00:00:00,,,
9455,John Miller Men Red Striped Shirt,images\9455.jpg,1970-01-01 00:00:00,,,
18002,Puma Women Essential Skinny Black 3/4 Pant,images\18002.jpg,1970-01-01 00:00:00,,,
44983,Maxima Women Silver Dial Watch,images\44983.jpg,1970-01-01 00:00:00,,,
38405,Baggit Women White Capri Taj Belt,images\38405.jpg,1970-01-01 00:00:00,,,
53934,Kiara Women Brown Handbag,images\53934.jpg,1970-01-01 00:00:00,,,
1638,Nabaiji Swimming Goggles Blue Black,images\1638.jpg,1970-01-01 00:00:00,,,
25188,Lino Perros Women Leatherite Brown Handbag,images\25188.jpg,1970-01-01 00:00:00,,,
24866,Reid & Taylor Men Formal Black Belt,images\24866.jpg,1970-01-01 00:00:00,,,
53108,Fabindia Silver Earrings,images\53108.jpg,1970-01-01 00:00:00,,,
21528,Kiara Women Sequins Copper Handbag,images\21528.jpg,1970-01-01 00:00:00,,,
59432,Spice Art Women Black Handbag,images\59432.jpg,1970-01-01 00:00:00,,,
32903,Allen Solly Women Red Shorts,images\32903.jpg,1970-01-01 00:00:00,,,
6079,UCB Men's Johny Collar With Two Tone Grey T-shirt,images\6079.jpg,1970-01-01 00:00:00,,,
12960,ADIDAS Men Sports White Sports Shoes,images\12960.jpg,1970-01-01 00:00:00,,,
29321,ADIDAS Men Black Jersey,images\29321.jpg,1970-01-01 00:00:00,,,
9031,Buckaroo Men loma Tan Casual Shoes,images\9031.jpg,1970-01-01 00:00:00,,,
6845,Timberland Unisex Hiker Round Lace Shoe Accessories,images\6845.jpg,1970-01-01 00:00:00,,,
18466,Reebok Reebounce Women Perfumes,images\18466.jpg,1970-01-01 00:00:00,,,
26369,Arrow Woman Blue Shirt,images\26369.jpg,1970-01-01 00:00:00,,,
33489,Doodle Kids Boy Check Green Shirt,images\33489.jpg,1970-01-01 00:00:00,,,
59056,Carlton London Women Blue & Cream Shoes,images\59056.jpg,1970-01-01 00:00:00,,,
15379,Fila Men Lobato Black Casual Shoes,images\15379.jpg,1970-01-01 00:00:00,,,
45409,Rocia Women Black & Brown Sandals,images\45409.jpg,1970-01-01 00:00:00,,,
56822,John Players Men Beige Shorts,images\56822.jpg,1970-01-01 00:00:00,,,
58184,Rocky S Women Beige Handbag,images\58184.jpg,1970-01-01 00:00:00,,,
40947,Gini and Jony Boys Core Red T-shirt,images\40947.jpg,1970-01-01 00:00:00,,,
39381,Peter England Men Party Black Jeans,images\39381.jpg,1970-01-01 00:00:00,,,
15977,Turtle Solid Men Red Shirt,images\15977.jpg,1970-01-01 00:00:00,,,
32769,Music Men Printed Blue T-shirt,images\32769.jpg,1970-01-01 00:00:00,,,
10439,Flying Machine Men Walnut Brown Tshirts,images\10439.jpg,1970-01-01 00:00:00,,,
59264,Titan Women White Watch,images\59264.jpg,1970-01-01 00:00:00,,,
14099,Flying Machine Women Solid Pink Tops,images\14099.jpg,1970-01-01 00:00:00,,,
1852,Inkfruit Men Ride It Or Die T-shirt,images\1852.jpg,1970-01-01 00:00:00,,,
30802,Fabindia Men Blue Shirt,images\30802.jpg,1970-01-01 00:00:00,,,
51009,Enamor Rose Full Figure Bra FF07,images\51009.jpg,1970-01-01 00:00:00,,,
29113,Puma Women Pack of 3 Socks,images\29113.jpg,1970-01-01 00:00:00,,,
7399,Red Tape Men's Black Formal Shoe,images\7399.jpg,1970-01-01 00:00:00,,,
26967,Jealous 21 Women Check Navy Blue Top,images\26967.jpg,1970-01-01 00:00:00,,,
27089,Aneri Women Jazz Brown Kurta,images\27089.jpg,1970-01-01 00:00:00,,,
48124,Fossil Women Brown Huarache Weave Belt,images\48124.jpg,1970-01-01 00:00:00,,,
9203,Puma Men Axis XT Black Shoes,images\9203.jpg,1970-01-01 00:00:00,,,
51835,Bwitch Red Lace  Briefs,images\51835.jpg,1970-01-01 00:00:00,,,
3739,ADIDAS Men Delhi Daredevil Blue Cap,images\3739.jpg,1970-01-01 00:00:00,,,
19786,U.S. Polo Assn. Men Solid Navy Blue Tshirt,images\19786.jpg,1970-01-01 00:00:00,,,
44948,Puma Men Black Aquil II Sports Shoes,images\44948.jpg,1970-01-01 00:00:00,,,
24091,Manchester United Men Navy Blue Striped T-shirt,images\24091.jpg,1970-01-01 00:00:00,,,
57563,Lotus Herbals Pure Colours Nutty Brown Lipstick 666,images\57563.jpg,1970-01-01 00:00:00,,,
33026,Mother Earth Women Pink Kurta,images\33026.jpg,1970-01-01 00:00:00,,,
41406,Wrangler Women Pink T-shirt,images\41406.jpg,1970-01-01 00:00:00,,,
11376,United Colors Of Benetton Women Light Winter Grey Tops,images\11376.jpg,1970-01-01 00:00:00,,,
25143,Lino Perros Women Silver Clutch,images\25143.jpg,1970-01-01 00:00:00,,,
44174,Nike Fragrances Women Sensual Touch Perfume and Deo Set,images\44174.jpg,1970-01-01 00:00:00,,,
5253,Wildcraft Unisex Black & Grey Duffel Bag,images\5253.jpg,1970-01-01 00:00:00,,,
20431,Baggit Women Tijori Viva Brown Wallet,images\20431.jpg,1970-01-01 00:00:00,,,
14604,United Colors of Benetton Men Stripes Green Socks,images\14604.jpg,1970-01-01 00:00:00,,,
4381,Superman Men's Silhouette Light Blue T-shirt,images\4381.jpg,1970-01-01 00:00:00,,,
46623,Nike Unisex Ultimatum Max Backpack,images\46623.jpg,1970-01-01 00:00:00,,,
19927,ADIDAS Men Receptor Grey Sandals,images\19927.jpg,1970-01-01 00:00:00,,,
7504,Nike Women's Smash Pink T-shirt,images\7504.jpg,1970-01-01 00:00:00,,,
22366,Ed Hardy Men New Tiger White T-Shirt,images\22366.jpg,1970-01-01 00:00:00,,,
3998,Spalding Men's Black and White Graphic Flip Flop,images\3998.jpg,1970-01-01 00:00:00,,,
51694,Van Heusen Unisex Sunglasses VH216-C2,images\51694.jpg,1970-01-01 00:00:00,,,
16153,Enroute Men Leather Black Formal Shoes,images\16153.jpg,1970-01-01 00:00:00,,,
17081,Lino Perros Women Denim Blue Wallet,images\17081.jpg,1970-01-01 00:00:00,,,
50746,Red Chief Men Black Formal Shoes,images\50746.jpg,1970-01-01 00:00:00,,,
34203,Proline Men Charcoal Grey Track Pants,images\34203.jpg,1970-01-01 00:00:00,,,
55234,Lakme 9to5 Flawless Makeup Marble Foundation,images\55234.jpg,1970-01-01 00:00:00,,,
13421,United Colors of Benetton Men Stripes Black Polo T-shirts,images\13421.jpg,1970-01-01 00:00:00,,,
27614,Scullers Men Beige Trousers,images\27614.jpg,1970-01-01 00:00:00,,,
22154,Lee Cooper Men Black Formal Shoes,images\22154.jpg,1970-01-01 00:00:00,,,
16361,Peter England Men Stripes Maroon Shirt,images\16361.jpg,1970-01-01 00:00:00,,,
46411,ADIDAS Men Black Sweatshirt,images\46411.jpg,1970-01-01 00:00:00,,,
7736,Puma Men Ferrari Lifestyle Red Cap,images\7736.jpg,1970-01-01 00:00:00,,,
34031,Gini and Jony Boys Check Blue Shirt,images\34031.jpg,1970-01-01 00:00:00,,,
50574,Chromozome Men Pack of Two Trunks,images\50574.jpg,1970-01-01 00:00:00,,,
22968,U.S. Polo Assn. Unisex Casual Olive Backpack,images\22968.jpg,1970-01-01 00:00:00,,,
3396,Murcia Women Turquoise Blue Handbag,images\3396.jpg,1970-01-01 00:00:00,,,
31543,Classic Polo Men Striped Navy Blue T-shirt,images\31543.jpg,1970-01-01 00:00:00,,,
55006,Lakme Sheer Satin Lip Gloss 51,images\55006.jpg,1970-01-01 00:00:00,,,
19329,Puma Men Standpunkt Brown Casual Shoes,images\19329.jpg,1970-01-01 00:00:00,,,
13613,Hanes Men Sleeveless V Neck Red Innerwear T-shirt,images\13613.jpg,1970-01-01 00:00:00,,,
27426,Jockey Women Grey Melange Shorts,images\27426.jpg,1970-01-01 00:00:00,,,
2244,ADIDAS Women's Black T-shirt,images\2244.jpg,1970-01-01 00:00:00,,,
43163,Fastrack Men White Dial Watch,images\43163.jpg,1970-01-01 00:00:00,,,
33214,Sepia Women Printed Black & Green Tunic,images\33214.jpg,1970-01-01 00:00:00,,,
10096,Reebok Women Reeflex Run Blue Sports Shoes,images\10096.jpg,1970-01-01 00:00:00,,,
11144,Scullers Men Price Catch Black Shirts,images\11144.jpg,1970-01-01 00:00:00,,,
25371,Levis Men Maroon Innerwear Vest,images\25371.jpg,1970-01-01 00:00:00,,,
20603,Baggit Women Selection Mayur Black Sling Bag,images\20603.jpg,1970-01-01 00:00:00,,,
58719,ALayna Women Off White  Kurta,images\58719.jpg,1970-01-01 00:00:00,,,
11978,FILA Men Aruba Navy Blue Sandal,images\11978.jpg,1970-01-01 00:00:00,,,
36766,Maxima Men Black Watch,images\36766.jpg,1970-01-01 00:00:00,,,
45294,CASIO SHEEN Women Black Dial Watch SX041,images\45294.jpg,1970-01-01 00:00:00,,,
52223,Lencia White Swarovski Pearl Necklace,images\52223.jpg,1970-01-01 00:00:00,,,
34455,Rocia Women Black Shoes,images\34455.jpg,1970-01-01 00:00:00,,,
6280,UCB Men's Making Light Pink T-shirt,images\6280.jpg,1970-01-01 00:00:00,,,
46075,Lino Perros Men Black Leather Belt,images\46075.jpg,1970-01-01 00:00:00,,,
35587,Gliders Men Brown Leather Sandals,images\35587.jpg,1970-01-01 00:00:00,,,
7352,Tantra Men's Whatever Purple T-shirt,images\7352.jpg,1970-01-01 00:00:00,,,
27042,Yelloe Black Animal Print Clutch,images\27042.jpg,1970-01-01 00:00:00,,,
2620,Nike Men's Colors Team India T-shirt,images\2620.jpg,1970-01-01 00:00:00,,,
43507,French Connection Men Maroon T-shirt,images\43507.jpg,1970-01-01 00:00:00,,,
28836,BIBA Women Printed Multi Coloured Kurta,images\28836.jpg,1970-01-01 00:00:00,,,
31127,Gini and Jony Girls Black Dress,images\31127.jpg,1970-01-01 00:00:00,,,
26190,4711 Kolnisch Wasser Men Perfume,images\26190.jpg,1970-01-01 00:00:00,,,
55462,Revlon Super Lustrous Plum Baby Lipstick 313,images\55462.jpg,1970-01-01 00:00:00,,,
11520,United Colors of Benetton Women Denim Black Jeans,images\11520.jpg,1970-01-01 00:00:00,,,
25715,ADIDAS Unisex Blue Cap,images\25715.jpg,1970-01-01 00:00:00,,,
41250,Arrow Men Black & Brown Reversible Belt,images\41250.jpg,1970-01-01 00:00:00,,,
40382,Tokyo Talkies Women Pink Top,images\40382.jpg,1970-01-01 00:00:00,,,
38298,Reid & Taylor Men Brown Wallet,images\38298.jpg,1970-01-01 00:00:00,,,
57335,Amante White Bra BCSO01,images\57335.jpg,1970-01-01 00:00:00,,,
52647,Mod'acc Women Black Handbag,images\52647.jpg,1970-01-01 00:00:00,,,
20267,Catwalk Women Casual Black Heels,images\20267.jpg,1970-01-01 00:00:00,,,
14052,Flying Machine Men Solid White Shirts,images\14052.jpg,1970-01-01 00:00:00,,,
53795,Puma Men Black T-shirt,images\53795.jpg,1970-01-01 00:00:00,,,
44722,Lotto Women Red & Orange Disco Holic Flip Flops,images\44722.jpg,1970-01-01 00:00:00,,,
5405,Kalenji Ekiden Comfort Prime 2011,images\5405.jpg,1970-01-01 00:00:00,,,
39178,Aneri Women Blue & Brown Printed Kurta,images\39178.jpg,1970-01-01 00:00:00,,,
32590,ONLY Women Brown Shorts,images\32590.jpg,1970-01-01 00:00:00,,,
11712,Lee Men Solid Blue Shirts,images\11712.jpg,1970-01-01 00:00:00,,,
25527,Wrangler Women Stella Green Shirt,images\25527.jpg,1970-01-01 00:00:00,,,
57107,Elle Women Green Essentials Top,images\57107.jpg,1970-01-01 00:00:00,,,
20869,Fila Men Camper Brown Sandals,images\20869.jpg,1970-01-01 00:00:00,,,
33442,Baggit Women Rade Doko Teal Handbag,images\33442.jpg,1970-01-01 00:00:00,,,
58973,Colour Me Women Pink Perfume,images\58973.jpg,1970-01-01 00:00:00,,,
52475,Red Rose White & Red Dot Print Bath Robe,images\52475.jpg,1970-01-01 00:00:00,,,
39944,GAS Men Grey Namib Shoes,images\39944.jpg,1970-01-01 00:00:00,,,
21187,ADIDAS Men Plugged In Yellow Flip Flops,images\21187.jpg,1970-01-01 00:00:00,,,
36130,Nike Men Dunk High Grey Shoes,images\36130.jpg,1970-01-01 00:00:00,,,
44510,Converse Unisex Black Shoes,images\44510.jpg,1970-01-01 00:00:00,,,
20055,United Colors Of Benetton Women Grey Muffler,images\20055.jpg,1970-01-01 00:00:00,,,
50322,Aurelia Women Black Kurta,images\50322.jpg,1970-01-01 00:00:00,,,
28238,Park Avenue Men Cruise Deo,images\28238.jpg,1970-01-01 00:00:00,,,
13879,Scullers Men Check Red Shirts,images\13879.jpg,1970-01-01 00:00:00,,,
47395,Baggit Women Green Handbag,images\47395.jpg,1970-01-01 00:00:00,,,
46247,Fusion Beats Women Dark Pink Tunic,images\46247.jpg,1970-01-01 00:00:00,,,
7160,Scullers For Her Women Fashion Summer Lite Aubergine Tunics,images\7160.jpg,1970-01-01 00:00:00,,,
22702,Nike Women Beige Dunk High Casual Shoes,images\22702.jpg,1970-01-01 00:00:00,,,
8914,Puma Men Future Cat Remix SF White Sports Shoes,images\8914.jpg,1970-01-01 00:00:00,,,
16537,Probase Men Check Blue Cap,images\16537.jpg,1970-01-01 00:00:00,,,
43735,Royal Diadem Set of 2 Golden Bangles,images\43735.jpg,1970-01-01 00:00:00,,,
13045,Inc 5 Women Casual Maroon Sandals,images\13045.jpg,1970-01-01 00:00:00,,,
27270,Mother Earth Women Printed Maroon Kurta,images\27270.jpg,1970-01-01 00:00:00,,,
12197,Basics Men Orange Polo T-shirt,images\12197.jpg,1970-01-01 00:00:00,,,
55650,Catwalk Women Multi-coloured Heels,images\55650.jpg,1970-01-01 00:00:00,,,
31315,W Women Brown Kurta,images\31315.jpg,1970-01-01 00:00:00,,,
6274,UCB Women's Crystal Benetton Green T-shirt,images\6274.jpg,1970-01-01 00:00:00,,,
47153,Gini and Jony Girls Pink Capris,images\47153.jpg,1970-01-01 00:00:00,,,
17623,ADIDAS Men Solid Grey Track Pant,images\17623.jpg,1970-01-01 00:00:00,,,
48927,Lucera Women Silver Ring,images\48927.jpg,1970-01-01 00:00:00,,,
51036,Enamor Women Lavender Nightdress,images\51036.jpg,1970-01-01 00:00:00,,,
26958,Jealous 21 Women Teal Shirt,images\26958.jpg,1970-01-01 00:00:00,,,
46081,ADIDAS Men Navy Blue Benton Sandals,images\46081.jpg,1970-01-01 00:00:00,,,
35573,Gliders Men Esquire Blue Flip Flops,images\35573.jpg,1970-01-01 00:00:00,,,
13283,Gini and Jony Kids Boys Check Blue Shirts,images\13283.jpg,1970-01-01 00:00:00,,,
54544,F Sports Men Black Pace Sports Shoes,images\54544.jpg,1970-01-01 00:00:00,,,
30001,Aspen Women White Dial Watch,images\30001.jpg,1970-01-01 00:00:00,,,
29910,Police Men Black Dial Watch PL12170JSB,images\29910.jpg,1970-01-01 00:00:00,,,
3706,Classic Polo Men's Grey Red & Brown Stripe T-shirt,images\3706.jpg,1970-01-01 00:00:00,,,
26164,John Miller Men Striped Grey Trousers,images\26164.jpg,1970-01-01 00:00:00,,,
55496,Revlon ColorBurst Hot Pink Lip Gloss 10,images\55496.jpg,1970-01-01 00:00:00,,,
56213,Estelle Women Gold Earrings,images\56213.jpg,1970-01-01 00:00:00,,,
15948,Turtle Men Stripes Burgundy Ties,images\15948.jpg,1970-01-01 00:00:00,,,
40376,Tokyo Talkies Women Yellow Top,images\40376.jpg,1970-01-01 00:00:00,,,
24633,ADIDAS Women Polka Pink Flip Flops,images\24633.jpg,1970-01-01 00:00:00,,,
10406,United Colors of Benetton Women Solid Grey Dresses,images\10406.jpg,1970-01-01 00:00:00,,,
4523,Puma Men's Faas Blue White Silver Red Shoe,images\4523.jpg,1970-01-01 00:00:00,,,
45604,Arrow Men Brown Formal Shoes,images\45604.jpg,1970-01-01 00:00:00,,,
15174,Arrow Men Yellow Polo T-shirt,images\15174.jpg,1970-01-01 00:00:00,,,
21341,Pal Zileri Men Casual Steel Frame Sunglasses,images\21341.jpg,1970-01-01 00:00:00,,,
53761,Puma Men Green and Blue T-shirt,images\53761.jpg,1970-01-01 00:00:00,,,
37224,United Colors of Benetton Women Purple Shirt,images\37224.jpg,1970-01-01 00:00:00,,,
32564,ONLY Women Orange Trousers,images\32564.jpg,1970-01-01 00:00:00,,,
56021,Colorbar Soft Touch Venus Lipstick 034,images\56021.jpg,1970-01-01 00:00:00,,,
24401,Vishudh Women Brown Printed Kurta,images\24401.jpg,1970-01-01 00:00:00,,,
10634,Carlton London Men Black Oxford Wingtip Brogues,images\10634.jpg,1970-01-01 00:00:00,,,
40144,Gini and Jony Girls Pretty Blossom Pink Top,images\40144.jpg,1970-01-01 00:00:00,,,
58987,Cavallini Women Deo,images\58987.jpg,1970-01-01 00:00:00,,,
59069,Peri Peri Women White Bra,images\59069.jpg,1970-01-01 00:00:00,,,
15346,Nike Men Special Edition 3 Star Beed Black Tshirts,images\15346.jpg,1970-01-01 00:00:00,,,
52481,Red Rose Pink & Black Nightdress,images\52481.jpg,1970-01-01 00:00:00,,,
21173,s.Oliver Women Grey Shirt,images\21173.jpg,1970-01-01 00:00:00,,,
4711,ADIDAS Unisex Toronto Hand Black Watch,images\4711.jpg,1970-01-01 00:00:00,,,
40978,Gini and Jony Boys United Red T-shirt,images\40978.jpg,1970-01-01 00:00:00,,,
14294,Classic Polo Men Stripes Black Tshirts,images\14294.jpg,1970-01-01 00:00:00,,,
17411,Lotto Men Basketball Mid White Sports Shoe,images\17411.jpg,1970-01-01 00:00:00,,,
9832,Little Miss Women Printed Rust T-shirt,images\9832.jpg,1970-01-01 00:00:00,,,
23624,Doodle Kids Girls White I love Shopping Top,images\23624.jpg,1970-01-01 00:00:00,,,
6046,UCB Men Logo Chest Green Shirt,images\6046.jpg,1970-01-01 00:00:00,,,
34693,Allen Solly Kids Girls Poplin Pink Shorts,images\34693.jpg,1970-01-01 00:00:00,,,
47361,Baggit Women Black Voodoo Gang Handbag,images\47361.jpg,1970-01-01 00:00:00,,,
7194,Jealous 21 Women's BFF Printed White Top,images\7194.jpg,1970-01-01 00:00:00,,,
51204,Enamor Women Peach Bra,images\51204.jpg,1970-01-01 00:00:00,,,
30233,Numero Uno Men White Shoes,images\30233.jpg,1970-01-01 00:00:00,,,
48329,Pitaraa Women Purple Sling Bag,images\48329.jpg,1970-01-01 00:00:00,,,
18459,David Beckham Intimately Men Deos,images\18459.jpg,1970-01-01 00:00:00,,,
27284,Mother Earth Women Dark Brown Kurta,images\27284.jpg,1970-01-01 00:00:00,,,
12163,Aurelia Women Solid Purple Leggings,images\12163.jpg,1970-01-01 00:00:00,,,
42613,Estelle Women Gold Earring & Pendant Set,images\42613.jpg,1970-01-01 00:00:00,,,
3534,Myntra Women's I Want You Black T-shirt,images\3534.jpg,1970-01-01 00:00:00,,,
24065,Locomotive Men Checked Green Shirt,images\24065.jpg,1970-01-01 00:00:00,,,
10250,Murcia Women Hahk Brown Handbags,images\10250.jpg,1970-01-01 00:00:00,,,
57597,Lotus Herbals Moistpetals Rudy Pink Lipstick 140,images\57597.jpg,1970-01-01 00:00:00,,,
40520,Titan Men Cream Dial Watch,images\40520.jpg,1970-01-01 00:00:00,,,
1607,Reebok Men trackpant- male Track Pants,images\1607.jpg,1970-01-01 00:00:00,,,
11382,United Colors Of Benetton Women Light Winter Grey T-Shirts,images\11382.jpg,1970-01-01 00:00:00,,,
44180,Nike Fragrances Women Spicy Love Perfume 150 ml,images\44180.jpg,1970-01-01 00:00:00,,,
37472,Esprit Men Grey Dial Watch,images\37472.jpg,1970-01-01 00:00:00,,,
53137,Catwalk Women Brown Sandals,images\53137.jpg,1970-01-01 00:00:00,,,
15722,Nike Men Lunarswift+ 3 Shield Grey Sports Shoes,images\15722.jpg,1970-01-01 00:00:00,,,
4375,Marvel Comics Men's Comic Poses Navy T-shirt,images\4375.jpg,1970-01-01 00:00:00,,,
35325,Fabindia Women Anusuya Silver Earrings,images\35325.jpg,1970-01-01 00:00:00,,,
22392,ADIDAS Women Whalf Striper White Top,images\22392.jpg,1970-01-01 00:00:00,,,
51660,Fossil Men Black Dial Watch AM4384,images\51660.jpg,1970-01-01 00:00:00,,,
17075,Lino Perros Women Weaved  Navy Blue Belt,images\17075.jpg,1970-01-01 00:00:00,,,
23240,Aneri Women Ashna Blue Kurta,images\23240.jpg,1970-01-01 00:00:00,,,
6422,Lotto Unisex Canvas Black Grey Shoe,images\6422.jpg,1970-01-01 00:00:00,,,
18801,Peter England Men Casual Brown Belt,images\18801.jpg,1970-01-01 00:00:00,,,
26732,Reebok Women Reestyle Deo,images\26732.jpg,1970-01-01 00:00:00,,,
12507,Red Tape Men Casual Black Casual Shoes,images\12507.jpg,1970-01-01 00:00:00,,,
31785,Lee Women Katie Navy Blue Top,images\31785.jpg,1970-01-01 00:00:00,,,
3150,Nike Men's Lunarswift Black Shoe,images\3150.jpg,1970-01-01 00:00:00,,,
17849,Flying Machine Women This & That Grey Tshirt,images\17849.jpg,1970-01-01 00:00:00,,,
29548,Classic Polo Men Printed Navy Blue T-shirt,images\29548.jpg,1970-01-01 00:00:00,,,
42879,French Connection Women Black Buffy Clutch,images\42879.jpg,1970-01-01 00:00:00,,,
16395,Levis Men Check Black Shirts,images\16395.jpg,1970-01-01 00:00:00,,,
51452,Tonga Women White & Pink Top,images\51452.jpg,1970-01-01 00:00:00,,,
6610,Spykar Men's Stinger Basket Ball Team White Blue Stripes T-shirt,images\6610.jpg,1970-01-01 00:00:00,,,
47537,Portia Women Brown Flats,images\47537.jpg,1970-01-01 00:00:00,,,
17247,U.S. Polo Assn. Men Stripes Blue Polo Tshirt,images\17247.jpg,1970-01-01 00:00:00,,,
23072,Arrow Men Navy Blue Solid Trousers,images\23072.jpg,1970-01-01 00:00:00,,,
42045,Nike Men Wardour Chukka Yellow Casual Shoes,images\42045.jpg,1970-01-01 00:00:00,,,
3362,Myntra Men's Creative designs Black T-shirt,images\3362.jpg,1970-01-01 00:00:00,,,
12735,Nike Unisex U Black Caps,images\12735.jpg,1970-01-01 00:00:00,,,
54120,Rocia Women Beige Flats,images\54120.jpg,1970-01-01 00:00:00,,,
30465,Lovable Women All Day Long Black Bra,images\30465.jpg,1970-01-01 00:00:00,,,
9658,Indigo Nation Men Reversible Bling Maroon Shirt,images\9658.jpg,1970-01-01 00:00:00,,,
43197,Fastrack Women Grey Dial Watch,images\43197.jpg,1970-01-01 00:00:00,,,
38608,Nike Men Grey T-shirt,images\38608.jpg,1970-01-01 00:00:00,,,
24257,Numero Uno Men Navy Blue Casual Shoes,images\24257.jpg,1970-01-01 00:00:00,,,
10062,Puma Men Puma runhard tee Grey Tshirts,images\10062.jpg,1970-01-01 00:00:00,,,
56677,Maxima Men White Dial Watch,images\56677.jpg,1970-01-01 00:00:00,,,
25385,Levis Men Navy Blue Briefs,images\25385.jpg,1970-01-01 00:00:00,,,
32332,Q&Q Men Steel Digital Watch,images\32332.jpg,1970-01-01 00:00:00,,,
5095,Wrangler Men's Greensboro Raw Edge Blue T-shirt,images\5095.jpg,1970-01-01 00:00:00,,,
37640,Wills Lifestyle Women Red Clutch,images\37640.jpg,1970-01-01 00:00:00,,,
4147,Nike Women Glide White Grey Shoe,images\4147.jpg,1970-01-01 00:00:00,,,
36792,Maxima Men Black Dial Attivo Watch,images\36792.jpg,1970-01-01 00:00:00,,,
45260,CASIO G-Shock Men Black Digital Watch DW-5600E-1VDF G001,images\45260.jpg,1970-01-01 00:00:00,,,
15510,Rockport Men CV Toe HI Charcoal Casual Shoes,images\15510.jpg,1970-01-01 00:00:00,,,
21725,ADIDAS Men Navy Blue Sweatshirt,images\21725.jpg,1970-01-01 00:00:00,,,
34038,Gini and Jony Boys Check Red Shirt,images\34038.jpg,1970-01-01 00:00:00,,,
43956,Puma Women Purple Techno Sandals,images\43956.jpg,1970-01-01 00:00:00,,,
28467,Urban Yoga Women Printed Rust T-shirt,images\28467.jpg,1970-01-01 00:00:00,,,
16368,Peter England Men Stripes Charcoal Trouser,images\16368.jpg,1970-01-01 00:00:00,,,
42884,French Connection Women Beige Clutch,images\42884.jpg,1970-01-01 00:00:00,,,
55833,Colorbar Glamour Radiant Glow 001,images\55833.jpg,1970-01-01 00:00:00,,,
46418,Timex Men Olive Green Dial Watch DV10,images\46418.jpg,1970-01-01 00:00:00,,,
48582,Revv Men Steel Bracelet,images\48582.jpg,1970-01-01 00:00:00,,,
30498,Lovable Women Fiona Brown Bra,images\30498.jpg,1970-01-01 00:00:00,,,
8777,Indigo Nation Men Price catch Blue Shirts,images\8777.jpg,1970-01-01 00:00:00,,,
19320,Nike Unisex Classic Turf Pink Backpack,images\19320.jpg,1970-01-01 00:00:00,,,
25378,Levis Men Beige Innerwear T-shirt,images\25378.jpg,1970-01-01 00:00:00,,,
4986,ADIDAS Men Bayern Munchen Red Jersey,images\4986.jpg,1970-01-01 00:00:00,,,
39727,Arrow Woman Blue Shirt,images\39727.jpg,1970-01-01 00:00:00,,,
57758,Lotus Herbals Jojobawash Face Wash,images\57758.jpg,1970-01-01 00:00:00,,,
5854,ADIDAS Women Pink Handbag,images\5854.jpg,1970-01-01 00:00:00,,,
11971,Fila Men Glow White Sports Shoes,images\11971.jpg,1970-01-01 00:00:00,,,
5068,Being Human Men Grey Dial Blue Strap Watch,images\5068.jpg,1970-01-01 00:00:00,,,
39515,Peter England Unisex Brown Laptop Bag,images\39515.jpg,1970-01-01 00:00:00,,,
45893,Maxima Ssteele Men Black Dial Watch,images\45893.jpg,1970-01-01 00:00:00,,,
44941,Franco Leone Men Formal Shoes,images\44941.jpg,1970-01-01 00:00:00,,,
24098,Red Tape Men Black Sandals,images\24098.jpg,1970-01-01 00:00:00,,,
4388,DC Comics Lantern Arrow All Over Green T-shirt,images\4388.jpg,1970-01-01 00:00:00,,,
58522,Wildcraft Unisex Rust Orange Travel Pouch,images\58522.jpg,1970-01-01 00:00:00,,,
28655,Nike Men Zoom Structure White Sports Shoes,images\28655.jpg,1970-01-01 00:00:00,,,
2843,Mr.Men Men's Mr.Mischief Pink T-shirt,images\2843.jpg,1970-01-01 00:00:00,,,
17088,Lino Perros Women Flower LT.Brown Wallet,images\17088.jpg,1970-01-01 00:00:00,,,
3991,Mr.Men Men's Wave Rider White T-shirt,images\3991.jpg,1970-01-01 00:00:00,,,
29787,Basics Men White T-shirt,images\29787.jpg,1970-01-01 00:00:00,,,
9497,Decathlon Men Arpenaz Black Sandals,images\9497.jpg,1970-01-01 00:00:00,,,
13428,United Colors of Benetton Men Printed White Tshirts,images\13428.jpg,1970-01-01 00:00:00,,,
19112,Campbell Men Pack of 3 Solid Tshirts,images\19112.jpg,1970-01-01 00:00:00,,,
16966,Reebok Men Sprintfit Lite Black Sports Shoe,images\16966.jpg,1970-01-01 00:00:00,,,
49662,United Colors of Benetton Women Sunglass,images\49662.jpg,1970-01-01 00:00:00,,,
20860,United Colors of Benetton Women Casual Sunglasses,images\20860.jpg,1970-01-01 00:00:00,,,
32599,ONLY Women Black Top,images\32599.jpg,1970-01-01 00:00:00,,,
39171,Aneri Women Pink & White Kurta,images\39171.jpg,1970-01-01 00:00:00,,,
36905,Fossil Men Black Dial Watch ME1113,images\36905.jpg,1970-01-01 00:00:00,,,
57932,French Connection Men White T-shirt,images\57932.jpg,1970-01-01 00:00:00,,,
58146,Puma Unisex Black Backpack,images\58146.jpg,1970-01-01 00:00:00,,,
40985,Gini and Jony Boys United White T-shirt,images\40985.jpg,1970-01-01 00:00:00,,,
41857,Bata Men Hummer Grey Sandals,images\41857.jpg,1970-01-01 00:00:00,,,
59094,Peri Peri Women Black Bra,images\59094.jpg,1970-01-01 00:00:00,,,
36139,Nike Men The Overplay VII Black Sports Shoes,images\36139.jpg,1970-01-01 00:00:00,,,
7169,Scullers Men Scul Navy Blue Shirt,images\7169.jpg,1970-01-01 00:00:00,,,
28231,Playboy Men Malibu Deo,images\28231.jpg,1970-01-01 00:00:00,,,
13870,Scullers Men Stripes Beige Shirts,images\13870.jpg,1970-01-01 00:00:00,,,
19576,United Colors of Benetton Women White Top,images\19576.jpg,1970-01-01 00:00:00,,,
7955,Puma Men's Foundation Grey Polo T-shirt,images\7955.jpg,1970-01-01 00:00:00,,,
8121,Fastrack Men Brown Belt,images\8121.jpg,1970-01-01 00:00:00,,,
27279,Mother Earth Women Blue Kurta,images\27279.jpg,1970-01-01 00:00:00,,,
6887,Forever New Women Indigo Wash Blue Jacket,images\6887.jpg,1970-01-01 00:00:00,,,
31912,Fabindia Women Green Sling Bag,images\31912.jpg,1970-01-01 00:00:00,,,
49808,iPanema Women Blue Flip Flops,images\49808.jpg,1970-01-01 00:00:00,,,
22539,Inc.5  Women Grey Flats,images\22539.jpg,1970-01-01 00:00:00,,,
27877,Scullers For Her Women Printed Navy Blue Shirt,images\27877.jpg,1970-01-01 00:00:00,,,
6289,Classic Polo Classic Polo Swiss Brown Tee T-Shirt,images\6289.jpg,1970-01-01 00:00:00,,,
28003,Jockey ZONE Men Zone White Brief US18,images\28003.jpg,1970-01-01 00:00:00,,,
8313,Fastrack Women Nylon Black Handbag,images\8313.jpg,1970-01-01 00:00:00,,,
49034,Lucera Women Silver Ring,images\49034.jpg,1970-01-01 00:00:00,,,
19744,ADIDAS Originals Men Solid Green Jacket,images\19744.jpg,1970-01-01 00:00:00,,,
26199,Formula 1 Men Power Perfume,images\26199.jpg,1970-01-01 00:00:00,,,
47992,Helix Women Black Watch,images\47992.jpg,1970-01-01 00:00:00,,,
18696,Hanes Men Black Ultimate Duo Dry Cotton Stretch Bikini Briefs,images\18696.jpg,1970-01-01 00:00:00,,,
2629,Carlton London Women Four Strapped Black Sandal,images\2629.jpg,1970-01-01 00:00:00,,,
14867,United Colors of Benetton Men Solid Black Wallets,images\14867.jpg,1970-01-01 00:00:00,,,
38291,Reid & Taylor Men Black Wallet,images\38291.jpg,1970-01-01 00:00:00,,,
11529,United Colors Of Benetton Men Heavy Winter Grey Sweaters,images\11529.jpg,1970-01-01 00:00:00,,,
41259,Arrow Men Brown Leather Wallet,images\41259.jpg,1970-01-01 00:00:00,,,
1890,FIFA Mens Essentials Red T-shirt,images\1890.jpg,1970-01-01 00:00:00,,,
15189,Arrow Sport Men Solid Green Polo Tshirts,images\15189.jpg,1970-01-01 00:00:00,,,
24408,ADIDAS Men Black Vanquish Sports Shoes,images\24408.jpg,1970-01-01 00:00:00,,,
20894,Basics Men Red Casual Shoes,images\20894.jpg,1970-01-01 00:00:00,,,
21946,Murcia Women Casual Black Handbag,images\21946.jpg,1970-01-01 00:00:00,,,
39185,Aneri Women Khaki Kurta,images\39185.jpg,1970-01-01 00:00:00,,,
56028,Colorbar Soft Touch Spring Fling Lipstick 023,images\56028.jpg,1970-01-01 00:00:00,,,
40971,Buckaroo Men Brown Casual Shoes,images\40971.jpg,1970-01-01 00:00:00,,,
52488,Red Rose Red Camisole,images\52488.jpg,1970-01-01 00:00:00,,,
59060,Global Desi Women Multi Coloured Kurta,images\59060.jpg,1970-01-01 00:00:00,,,
4718,Disney Kids Girl's Summer Fun Fair Yellow Teen Kidswear,images\4718.jpg,1970-01-01 00:00:00,,,
56814,Aneri Women Multi Coloured Kurti,images\56814.jpg,1970-01-01 00:00:00,,,
12956,ADIDAS Men Sports Blue Sports Shoes,images\12956.jpg,1970-01-01 00:00:00,,,
29317,ADIDAS Unisex Blue Backpack,images\29317.jpg,1970-01-01 00:00:00,,,
17418,CASIO ENTICER Men Black Analogue Watch BS112 ,images\17418.jpg,1970-01-01 00:00:00,,,
47368,Baggit Brown Handbag,images\47368.jpg,1970-01-01 00:00:00,,,
13884,Scullers Men Check Black Shirts,images\13884.jpg,1970-01-01 00:00:00,,,
19582,United Colors of Benetton Men Printed Grey TShirt,images\19582.jpg,1970-01-01 00:00:00,,,
48320,Pitaraa Silver Omelette Thin Bracelet,images\48320.jpg,1970-01-01 00:00:00,,,
9007,Murcia Women Silver Black Purse Silver Handbags,images\9007.jpg,1970-01-01 00:00:00,,,
6873,Forever New Women's Top Black Dress,images\6873.jpg,1970-01-01 00:00:00,,,
18450,Ed Hardy Life Love & Luck by Christian Audigier for Women Perfume,images\18450.jpg,1970-01-01 00:00:00,,,
29125,Vogue Women White Sunglasses,images\29125.jpg,1970-01-01 00:00:00,,,
26951,Jealous 21 Women Printed Teal T-shirt,images\26951.jpg,1970-01-01 00:00:00,,,
27883,Scullers For Her Women Pink Shirt,images\27883.jpg,1970-01-01 00:00:00,,,
30834,Fabindia Women Blue Kurta,images\30834.jpg,1970-01-01 00:00:00,,,
29919,Police Men Black Dial Chronograph Watch PL12699JS-02,images\29919.jpg,1970-01-01 00:00:00,,,
42428,Aurelia Women Brown & Orange Kurta,images\42428.jpg,1970-01-01 00:00:00,,,
12358,Reid & Taylor Men Solid Cream Shirts,images\12358.jpg,1970-01-01 00:00:00,,,
48112,Fossil Women Brown Belt,images\48112.jpg,1970-01-01 00:00:00,,,
9235,Mark Taylor Men Plain Blue Shirts,images\9235.jpg,1970-01-01 00:00:00,,,
14893,United Colors of Benetton Women Solid Blue Bags,images\14893.jpg,1970-01-01 00:00:00,,,
15941,Turtle Men Leather Black Belts,images\15941.jpg,1970-01-01 00:00:00,,,
53768,Puma Men Blue T-shirt,images\53768.jpg,1970-01-01 00:00:00,,,
21348,Pal Zileri Men Casual Metal Frame Sunglasses,images\21348.jpg,1970-01-01 00:00:00,,,
59252,Titan Men White Dial Automatic Watch NB9365SL01,images\59252.jpg,1970-01-01 00:00:00,,,
6619,ADIDAS Men's Boris White Shoe,images\6619.jpg,1970-01-01 00:00:00,,,
54915,Do u speak Cream Men T-shirt,images\54915.jpg,1970-01-01 00:00:00,,,
50589,Chromozome Men Navy Blue Briefs,images\50589.jpg,1970-01-01 00:00:00,,,
42870,French Connection Women Purple Handbag,images\42870.jpg,1970-01-01 00:00:00,,,
18206,Manchester United Men Solid Black Cap,images\18206.jpg,1970-01-01 00:00:00,,,
54129,Rocia Women Beige Flats,images\54129.jpg,1970-01-01 00:00:00,,,
23847,ADIDAS Men White Duramo 3 Sports Shoes,images\23847.jpg,1970-01-01 00:00:00,,,
48576,Revv Men Steel Bracelet,images\48576.jpg,1970-01-01 00:00:00,,,
9651,Indigo Nation Men Checks Green Shirts,images\9651.jpg,1970-01-01 00:00:00,,,
8783,Indigo Nation Men Bling PC Red Shirt,images\8783.jpg,1970-01-01 00:00:00,,,
4972,Gini and Jony Boy's Kangaroo Green White Kidswear,images\4972.jpg,1970-01-01 00:00:00,,,
38601,Nike Men Printed Red T-shirt,images\38601.jpg,1970-01-01 00:00:00,,,
45269,CASIO Youth Series Digital Men Black Small Dial Digital Watch W-210-1CVDF I065,images\45269.jpg,1970-01-01 00:00:00,,,
11985,Fila Men Glow Black Sports Shoes,images\11985.jpg,1970-01-01 00:00:00,,,
59636,FNF Sea Green Collection For Wedding Sari,images\59636.jpg,1970-01-01 00:00:00,,,
15519,Rockport Men Jelba Brown Flip Flops,images\15519.jpg,1970-01-01 00:00:00,,,
10857,Wrangler Men Rider Striper Polo White T-Shirts,images\10857.jpg,1970-01-01 00:00:00,,,
10259,John Miller Men Reglur Black Trousers,images\10259.jpg,1970-01-01 00:00:00,,,
53902,Kiara Women Brown Handbag,images\53902.jpg,1970-01-01 00:00:00,,,
38433,Baggit Women Green Mobile Pouch,images\38433.jpg,1970-01-01 00:00:00,,,
40529,Titan Women White Dial Watch,images\40529.jpg,1970-01-01 00:00:00,,,
59404,Tokyo Talkies Women Blue Top,images\59404.jpg,1970-01-01 00:00:00,,,
25982,J. DEL POZO Women In White Perfume 100 ml,images\25982.jpg,1970-01-01 00:00:00,,,
44189,iPanema Women Pink Flip Flops,images\44189.jpg,1970-01-01 00:00:00,,,
24850,Indigo Nation Men Formal Brown Belts,images\24850.jpg,1970-01-01 00:00:00,,,
23249,Arrow Men Formal Black Shoes,images\23249.jpg,1970-01-01 00:00:00,,,
18808,Peter England Men Casual Navy Blue Belt,images\18808.jpg,1970-01-01 00:00:00,,,
51669,Louis Philippe Men Grey Sunglasses,images\51669.jpg,1970-01-01 00:00:00,,,
3965,Jealous 21 Women White Sleeveless Top,images\3965.jpg,1970-01-01 00:00:00,,,
29773,Wrangler Men Green Striped Shirt,images\29773.jpg,1970-01-01 00:00:00,,,
48744,Revv Men Steel Bangle,images\48744.jpg,1970-01-01 00:00:00,,,
17840,Nike Men Air Quick Handle Red Sports Shoe,images\17840.jpg,1970-01-01 00:00:00,,,
9463,John Miller Men White Shirt,images\9463.jpg,1970-01-01 00:00:00,,,
18034,Lino Perros Women Solid Beige Handbag,images\18034.jpg,1970-01-01 00:00:00,,,
16992,Puma Women Dizzy  Black Belt,images\16992.jpg,1970-01-01 00:00:00,,,
3159,Nike Men's Air Max Moto White Blue Shoe,images\3159.jpg,1970-01-01 00:00:00,,,
49696,Park Avenue Blue Patterned Tie,images\49696.jpg,1970-01-01 00:00:00,,,
14858,United Colors of Benetton Women Solid Red Wallets,images\14858.jpg,1970-01-01 00:00:00,,,
33646,Lotto Men Ridge Black Sandals,images\33646.jpg,1970-01-01 00:00:00,,,
57303,Rocia Women Brown Wedges,images\57303.jpg,1970-01-01 00:00:00,,,
11516,Catwalk Women Lifestyle Black Heels,images\11516.jpg,1970-01-01 00:00:00,,,
41266,Arrow Men Brown Wallet,images\41266.jpg,1970-01-01 00:00:00,,,
20251,Wrangler Men Heavy Grey Tshirt,images\20251.jpg,1970-01-01 00:00:00,,,
14064,Flying Machine Men Pack of 2 Stripes Red Blue Tshirts,images\14064.jpg,1970-01-01 00:00:00,,,
44714,Lotto Men Maroon Juve Flip Flop,images\44714.jpg,1970-01-01 00:00:00,,,
5433,Nike Men's Speed Fury Red T-shirt,images\5433.jpg,1970-01-01 00:00:00,,,
52671,Morellato Men Navy Blue Watch,images\52671.jpg,1970-01-01 00:00:00,,,
59299,U.S. Polo Assn. Men Striped Blue Shirt,images\59299.jpg,1970-01-01 00:00:00,,,
49837,iPanema Women Blue Flip Flops,images\49837.jpg,1970-01-01 00:00:00,,,
16733,Lotto Men Earth Black Slipper,images\16733.jpg,1970-01-01 00:00:00,,,
7364,Red Tape Men's Brown casual Shoe,images\7364.jpg,1970-01-01 00:00:00,,,
34463,ADIDAS Unisex Black Backpack,images\34463.jpg,1970-01-01 00:00:00,,,
47191,Franco Leone Men Black Formal Shoes,images\47191.jpg,1970-01-01 00:00:00,,,
27848,Scullers For Her Navy Blue T-shirt,images\27848.jpg,1970-01-01 00:00:00,,,
31111,Gini and Jony Boys Solid Black Jeans,images\31111.jpg,1970-01-01 00:00:00,,,
55454,Revlon Velvet Touch Royal Burgundy Lipstick 96,images\55454.jpg,1970-01-01 00:00:00,,,
12393,Reid & Taylor Men Solid Black Socks,images\12393.jpg,1970-01-01 00:00:00,,,
13241,Palm Tree Kids Boys Solid White Jackets,images\13241.jpg,1970-01-01 00:00:00,,,
54586,Sushilas Women Printed Green Kurta,images\54586.jpg,1970-01-01 00:00:00,,,
27074,Catwalk Women Blue Casual Flats,images\27074.jpg,1970-01-01 00:00:00,,,
2616,Carlton London Women Gold Wedge Sandal,images\2616.jpg,1970-01-01 00:00:00,,,
43531,French Connection Women Off White Top,images\43531.jpg,1970-01-01 00:00:00,,,
46271,109F Blue A-Line Dress,images\46271.jpg,1970-01-01 00:00:00,,,
35783,Enroute Women Turquoise Blue Flats,images\35783.jpg,1970-01-01 00:00:00,,,
7156,Scullers Men Black Check Shirt,images\7156.jpg,1970-01-01 00:00:00,,,
22734,Nike Women Grey Lunarglide +3 Sports Shoes,images\22734.jpg,1970-01-01 00:00:00,,,
8922,Puma Men Cat  White Belt,images\8922.jpg,1970-01-01 00:00:00,,,
16501,Locomotive Men Printed Brown TShirt,images\16501.jpg,1970-01-01 00:00:00,,,
50314,Park Avenue Men Brown Tie,images\50314.jpg,1970-01-01 00:00:00,,,
34651,Fila Women Top Fuel Black Sports Shoes,images\34651.jpg,1970-01-01 00:00:00,,,
6084,UCB Men's Johny Collar With Two Tone White T-shirt,images\6084.jpg,1970-01-01 00:00:00,,,
19549,United Colors of Benetton Men Solid Grey Sweatshirt,images\19549.jpg,1970-01-01 00:00:00,,,
49239,Arrow Men White Cap,images\49239.jpg,1970-01-01 00:00:00,,,
31323,Aurelia Women Printed Red Kurta,images\31323.jpg,1970-01-01 00:00:00,,,
43703,Royal Diadem Red Earring & Pendant Set,images\43703.jpg,1970-01-01 00:00:00,,,
13073,Numero Uno Men White Shoes,images\13073.jpg,1970-01-01 00:00:00,,,
57131,Elle Women Teal Top,images\57131.jpg,1970-01-01 00:00:00,,,
40186,Mumbai Slang Women Pink & Black Kurti,images\40186.jpg,1970-01-01 00:00:00,,,
58945,Taylor of London Women White Satin Perfume,images\58945.jpg,1970-01-01 00:00:00,,,
33474,Baggit Women Chotu Dum Blue Belt,images\33474.jpg,1970-01-01 00:00:00,,,
59897,Femella Women Yellow Dress,images\59897.jpg,1970-01-01 00:00:00,,,
11724,Lee Women Check Red Shirts,images\11724.jpg,1970-01-01 00:00:00,,,
5601,Nike Men's Splash Thong Yellow Black Flip Flop,images\5601.jpg,1970-01-01 00:00:00,,,
20063,United Colors Of Benetton Women Black Muffler,images\20063.jpg,1970-01-01 00:00:00,,,
53591,Q&Q Men White Dial Watch,images\53591.jpg,1970-01-01 00:00:00,,,
58179,Rocky S Women Blue Handbag,images\58179.jpg,1970-01-01 00:00:00,,,
39972,GAS Men Grey Campus Casual Shoes,images\39972.jpg,1970-01-01 00:00:00,,,
15384,Filac Men Hawai Black Slippers,images\15384.jpg,1970-01-01 00:00:00,,,
52443,Red Rose White & Green Nightdress,images\52443.jpg,1970-01-01 00:00:00,,,
41868,Estd. 1977 Men Turquoise Blue Sandals,images\41868.jpg,1970-01-01 00:00:00,,,
36106,OTLS Men Laurel Black Wallet,images\36106.jpg,1970-01-01 00:00:00,,,
23282,Maxima Men Off White Dial Watch,images\23282.jpg,1970-01-01 00:00:00,,,
34235,Proline Men Cream-Coloured Polo T-Shirt,images\34235.jpg,1970-01-01 00:00:00,,,
46615,Catwalk Women Red Flats,images\46615.jpg,1970-01-01 00:00:00,,,
19911,Wildcraft Unisex Grey Printed Messenger Bag,images\19911.jpg,1970-01-01 00:00:00,,,
7532,Nike Men's Encourage Blue T-shirt,images\7532.jpg,1970-01-01 00:00:00,,,
22350,John Players Men Check Blue Shirt,images\22350.jpg,1970-01-01 00:00:00,,,
16165,Enroute Men Leather Brown Casual Shoes,images\16165.jpg,1970-01-01 00:00:00,,,
2040,ADIDAS Mens Fire White Polo T-shirt,images\2040.jpg,1970-01-01 00:00:00,,,
30695,Catwalk Women Bronze toned Sandals,images\30695.jpg,1970-01-01 00:00:00,,,
43367,Reebok Women Black Casual Shoes,images\43367.jpg,1970-01-01 00:00:00,,,
13417,United Colors of Benetton Men Solid Blue Shirts,images\13417.jpg,1970-01-01 00:00:00,,,
27622,Scullers Men Grey Trousers,images\27622.jpg,1970-01-01 00:00:00,,,
55202,Lakme Lip Love Hottie Lip Conditioner,images\55202.jpg,1970-01-01 00:00:00,,,
3192,Tantra Men's Prism Black T-shirt,images\3192.jpg,1970-01-01 00:00:00,,,
16959,Image Women Classic Eyewear Brown Sunglasses,images\16959.jpg,1970-01-01 00:00:00,,,
11340,Lee Men Blue Chicago Fit Jeans,images\11340.jpg,1970-01-01 00:00:00,,,
25175,Lino Perros Women Red and Grey Handbag,images\25175.jpg,1970-01-01 00:00:00,,,
10292,Clarks Women Brown Leather Heels,images\10292.jpg,1970-01-01 00:00:00,,,
57555,Lotus Herbals SPF-10 Tulip Love Lipstick 417,images\57555.jpg,1970-01-01 00:00:00,,,
52027,Just Natural Unisex Navy Blue Rain Jacket,images\52027.jpg,1970-01-01 00:00:00,,,
36562,Jack & Jones Men Dino White T-shirt,images\36562.jpg,1970-01-01 00:00:00,,,
25949,Femella Women Printed Brown Scarf,images\25949.jpg,1970-01-01 00:00:00,,,
44142,dunhill Men Fresh Perfume,images\44142.jpg,1970-01-01 00:00:00,,,
5265,Wildcraft Unisex Black & Red Messenger Bag,images\5265.jpg,1970-01-01 00:00:00,,,
14632,United Colors of Benetton Men Solid Green Mufflers,images\14632.jpg,1970-01-01 00:00:00,,,
11172,Scullers Men Stripes Red Sweaters,images\11172.jpg,1970-01-01 00:00:00,,,
25347,Levi's Men White Brief,images\25347.jpg,1970-01-01 00:00:00,,,
39718,Arrow Woman Beige Top,images\39718.jpg,1970-01-01 00:00:00,,,
41602,Basics Men Navy Shirt,images\41602.jpg,1970-01-01 00:00:00,,,
33222,Sepia Women Brown Tunic,images\33222.jpg,1970-01-01 00:00:00,,,
24295,Quiksilver Men Black Socks,images\24295.jpg,1970-01-01 00:00:00,,,
57767,Lotus Herbals Whiteglow Yogurt Skin Whitening & Brightening Face Masque 80 g,images\57767.jpg,1970-01-01 00:00:00,,,
36750,Little Miss Girls Chatterbox Navy Blue Dress,images\36750.jpg,1970-01-01 00:00:00,,,
37682,American Tourister Unisex Black Backpack,images\37682.jpg,1970-01-01 00:00:00,,,
34007,Gini and Jony Girls Pink Top,images\34007.jpg,1970-01-01 00:00:00,,,
50542,Chromozome Men Red Briefs,images\50542.jpg,1970-01-01 00:00:00,,,
17285,U.S. Polo Assn. Men Solid Black  polo Tshirt,images\17285.jpg,1970-01-01 00:00:00,,,
43969,DKNY Women Delicious Night Perfume,images\43969.jpg,1970-01-01 00:00:00,,,
28458,Urban Yoga Women Blue Capris,images\28458.jpg,1970-01-01 00:00:00,,,
22162,Timberland Men Black Casual Shoes,images\22162.jpg,1970-01-01 00:00:00,,,
16357,Peter England Men Stripes Blue Shirt,images\16357.jpg,1970-01-01 00:00:00,,,
46427,Timex Men Black Dial Watch,images\46427.jpg,1970-01-01 00:00:00,,,
7700,Jealous 21 Women's All Girls Dying Jealousy Pink Top,images\7700.jpg,1970-01-01 00:00:00,,,
27410,Jockey Women Assorted Lounge Pants,images\27410.jpg,1970-01-01 00:00:00,,,
2272,Nike Mens Blue Polo T-shirt,images\2272.jpg,1970-01-01 00:00:00,,,
43155,Fastrack Women Black Dial Watch,images\43155.jpg,1970-01-01 00:00:00,,,
42087,ADIDAS Men White Aztek Shoes,images\42087.jpg,1970-01-01 00:00:00,,,
8748,Indigo Nation Men Plain Orange Shirts,images\8748.jpg,1970-01-01 00:00:00,,,
55030,Lakme Absolute Matte Milan Red Lipstick 48,images\55030.jpg,1970-01-01 00:00:00,,,
17043,Gas Men Skate 003 Casual Shoe,images\17043.jpg,1970-01-01 00:00:00,,,
50784,Clarks Women Cream Coloured Onslow Beat Leather Wedges,images\50784.jpg,1970-01-01 00:00:00,,,
2888,Catwalk Women Wedding Heeled Bronze Heels,images\2888.jpg,1970-01-01 00:00:00,,,
23276,Maxima Ssteele Men Black Watch,images\23276.jpg,1970-01-01 00:00:00,,,
6414,Lotto Men's Thong Blue White Flip Flop,images\6414.jpg,1970-01-01 00:00:00,,,
18837,Peter England Men Formal Brown Belt,images\18837.jpg,1970-01-01 00:00:00,,,
35313,Fabindia Women Anusuya Silver Earrings,images\35313.jpg,1970-01-01 00:00:00,,,
51656,Fossil Men Black Dial Chronograph Watch CH2737,images\51656.jpg,1970-01-01 00:00:00,,,
16191,Puma Men Graphic White TShirt,images\16191.jpg,1970-01-01 00:00:00,,,
30661,Park Avenue Men Black Sunglasses,images\30661.jpg,1970-01-01 00:00:00,,,
43393,Lino Perros Men Brown Wallet,images\43393.jpg,1970-01-01 00:00:00,,,
26704,Nike Men White T-Lite 9 SL Shoes,images\26704.jpg,1970-01-01 00:00:00,,,
12531,Puma Women Solid Pink Sweatshirts,images\12531.jpg,1970-01-01 00:00:00,,,
42241,Sepia Women Purple Top,images\42241.jpg,1970-01-01 00:00:00,,,
56473,Streetwear Grape Shimmer Nail Polish 41,images\56473.jpg,1970-01-01 00:00:00,,,
25181,Lino Perros Women Leatherite Brown Handbag,images\25181.jpg,1970-01-01 00:00:00,,,
24053,Locomotive Men Printed Charcoal T-shirt,images\24053.jpg,1970-01-01 00:00:00,,,
10266,Clarks Men Goto Hi Cola Suede Brown Shoes,images\10266.jpg,1970-01-01 00:00:00,,,
40516,Titan Men White Dial Watch,images\40516.jpg,1970-01-01 00:00:00,,,
15714,Nike Men Free Run+ 2 Black Sports Shoes,images\15714.jpg,1970-01-01 00:00:00,,,
21521,Kiara Women Rose Pink Handbag,images\21521.jpg,1970-01-01 00:00:00,,,
4343,Fila Men Leonard Red Shoes,images\4343.jpg,1970-01-01 00:00:00,,,
5291,Lee Cooper Men Black Semi Formal Shoe,images\5291.jpg,1970-01-01 00:00:00,,,
53101,Fabindia Silver Drop Earrings,images\53101.jpg,1970-01-01 00:00:00,,,
32304,Q&Q Women White Dial Watch,images\32304.jpg,1970-01-01 00:00:00,,,
57793,Lotus Herbals Natural Blend Botanical Compact 550,images\57793.jpg,1970-01-01 00:00:00,,,
10054,Reebok Kids Kkr Boy's Premium Blue Jerseys,images\10054.jpg,1970-01-01 00:00:00,,,
4171,Reebok Men's Easytone Inspire White Shoe,images\4171.jpg,1970-01-01 00:00:00,,,
45256,Casio Edifice Men Analog Watch EF-130D-1A5VDF(ED419),images\45256.jpg,1970-01-01 00:00:00,,,
59609,FNF Khaki Collection for Wedding Sari,images\59609.jpg,1970-01-01 00:00:00,,,
15526,Rockport Women Jeanie Oneband Brown Flats,images\15526.jpg,1970-01-01 00:00:00,,,
21713,Fossil Men Blue Dial Chronograph Watch CH2752,images\21713.jpg,1970-01-01 00:00:00,,,
44384,Spinz Women Enchante Deo,images\44384.jpg,1970-01-01 00:00:00,,,
37676,American Tourister Unisex Black Backpack,images\37676.jpg,1970-01-01 00:00:00,,,
6626,ADIDAS Men's Canon Dialect Blue Yellow Shoe,images\6626.jpg,1970-01-01 00:00:00,,,
47501,Footfun Kids Unisex Red Shoes,images\47501.jpg,1970-01-01 00:00:00,,,
17271,U.S. Polo Assn. Men Stripes DK.Grey Polo Tshirt,images\17271.jpg,1970-01-01 00:00:00,,,
23044,Arrow Woman Brown Jeggings,images\23044.jpg,1970-01-01 00:00:00,,,
22196,Timberland Men Black Casual Shoes,images\22196.jpg,1970-01-01 00:00:00,,,
51464,Tonga Women Olive Top,images\51464.jpg,1970-01-01 00:00:00,,,
54116,Rocia Women Maroon Sandals,images\54116.jpg,1970-01-01 00:00:00,,,
30453,Deni Yo Men White Jeans,images\30453.jpg,1970-01-01 00:00:00,,,
2286,Nike Men Black Sweatshirt,images\2286.jpg,1970-01-01 00:00:00,,,
23878,Fila Women Sleeker Green Check Casual Shoes,images\23878.jpg,1970-01-01 00:00:00,,,
48549,Wrangler Women Black Belt,images\48549.jpg,1970-01-01 00:00:00,,,
42073,American Tourister Men Black Wallet,images\42073.jpg,1970-01-01 00:00:00,,,
31581,Mark Taylor Men Printed Blue T-shirt,images\31581.jpg,1970-01-01 00:00:00,,,
3354,Myntra Men's I Give 100 Percent Work White T-shirt,images\3354.jpg,1970-01-01 00:00:00,,,
26536,ID Men White Shoes,images\26536.jpg,1970-01-01 00:00:00,,,
12703,Nike Women Downshifter White Sports Shoes,images\12703.jpg,1970-01-01 00:00:00,,,
24605,Vishudh Women Pink Churidar Kurta with Dupatta,images\24605.jpg,1970-01-01 00:00:00,,,
10430,Flying Machine Men Ydc Blue Shirts,images\10430.jpg,1970-01-01 00:00:00,,,
56225,SDL by Sweet Dreams Men Black & Grey Pyjama Set,images\56225.jpg,1970-01-01 00:00:00,,,
39388,Peter England Men Black Jeans,images\39388.jpg,1970-01-01 00:00:00,,,
14090,Flying Machine Men Stripes Blue Polo Tshirts,images\14090.jpg,1970-01-01 00:00:00,,,
53757,Puma Women Speeder Wns Ind White Sports Shoes,images\53757.jpg,1970-01-01 00:00:00,,,
37212,United Colors of Benetton Men Pink Shirt,images\37212.jpg,1970-01-01 00:00:00,,,
4515,Puma Men's Tarun White Silver Red Shoe,images\4515.jpg,1970-01-01 00:00:00,,,
45632,Park Avenue Men Grey Melange Briefs,images\45632.jpg,1970-01-01 00:00:00,,,
51000,Enamor Maroon Bra FB06,images\51000.jpg,1970-01-01 00:00:00,,,
7390,Red Tape Men Brown Shoes,images\7390.jpg,1970-01-01 00:00:00,,,
35545,Enroute Teens Brown Sandals,images\35545.jpg,1970-01-01 00:00:00,,,
6242,Lee Women's Rihana Purple T-shirt,images\6242.jpg,1970-01-01 00:00:00,,,
47165,Peter England Men Black Belt,images\47165.jpg,1970-01-01 00:00:00,,,
17615,Doodle Boys living Upto White Tshirt,images\17615.jpg,1970-01-01 00:00:00,,,
48911,Lucera Women Silver Pendant with Chain,images\48911.jpg,1970-01-01 00:00:00,,,
29926,Police Men Black Dial Watch PL12778MSU-61,images\29926.jpg,1970-01-01 00:00:00,,,
42417,American Tourister Unisex Purple Messenger Bag,images\42417.jpg,1970-01-01 00:00:00,,,
3730,CSK Mens Fangear Yellow Jersey,images\3730.jpg,1970-01-01 00:00:00,,,
26152,John Miller Men Striped Grey Trousers,images\26152.jpg,1970-01-01 00:00:00,,,
12367,Reid & Taylor Men White Shirt,images\12367.jpg,1970-01-01 00:00:00,,,
54572,Sushilas Women Multi Coloured Kurta,images\54572.jpg,1970-01-01 00:00:00,,,
27080,Catwalk Women Silver Flats,images\27080.jpg,1970-01-01 00:00:00,,,
30037,SKAGEN DENMARK Men Silver-Toned Dial Watch 233LSS,images\30037.jpg,1970-01-01 00:00:00,,,
46285,109F Women Multi Coloured Dress,images\46285.jpg,1970-01-01 00:00:00,,,
12969,ADIDAS Men Snova Glide Blue Sports Shoes,images\12969.jpg,1970-01-01 00:00:00,,,
35777,Force 10 Men Black & Green Sports Shoes,images\35777.jpg,1970-01-01 00:00:00,,,
51232,Satya Paul Women Green Printed Kaftan,images\51232.jpg,1970-01-01 00:00:00,,,
17427,CASIO G-Shock Men White Analogue & Digital Watch G274,images\17427.jpg,1970-01-01 00:00:00,,,
9804,John Miller Men Black Checks Shirts,images\9804.jpg,1970-01-01 00:00:00,,,
23612,Nike Fragrances Women Sensual Touch Perfume,images\23612.jpg,1970-01-01 00:00:00,,,
6070,UCB Women's Young Pigment Blue T-shirt,images\6070.jpg,1970-01-01 00:00:00,,,
47357,Baggit Women Purple Phulrani Brush Mobile Pouch,images\47357.jpg,1970-01-01 00:00:00,,,
26360,Arrow Woman Grey T-shirt,images\26360.jpg,1970-01-01 00:00:00,,,
12155,Aurelia Women Solid Beige Leggings,images\12155.jpg,1970-01-01 00:00:00,,,
42625,Estelle Women Earrings,images\42625.jpg,1970-01-01 00:00:00,,,
3502,ADIDAS Women's Black T-shirt,images\3502.jpg,1970-01-01 00:00:00,,,
30205,Nike Women Track Tote Pink Handbag,images\30205.jpg,1970-01-01 00:00:00,,,
9038,Buckaroo Men Medina Brown Formal Shoes,images\9038.jpg,1970-01-01 00:00:00,,,
54740,Vans Men Black Era Shoes,images\54740.jpg,1970-01-01 00:00:00,,,
13087,Timberland Unisex Casual Brown Casual Shoes,images\13087.jpg,1970-01-01 00:00:00,,,
10602,Nike Men Football Soccer Red Jerseys,images\10602.jpg,1970-01-01 00:00:00,,,
40172,Fastrack Men UV protected Sporty Wrap Sunglasses,images\40172.jpg,1970-01-01 00:00:00,,,
33480,Baggit Women Purple Belt,images\33480.jpg,1970-01-01 00:00:00,,,
59863,Olay Women Total Effects Anti-Ageing Eye Cream,images\59863.jpg,1970-01-01 00:00:00,,,
32552,Playboy Men Black Shoes,images\32552.jpg,1970-01-01 00:00:00,,,
21979,Murcia Women Casual Black Clutch,images\21979.jpg,1970-01-01 00:00:00,,,
56017,Colorbar Soft Touch Wood Heart Lipstick 039,images\56017.jpg,1970-01-01 00:00:00,,,
20097,Diva Women Printed White Kurta,images\20097.jpg,1970-01-01 00:00:00,,,
53565,Q&Q Men Black Dial Watch,images\53565.jpg,1970-01-01 00:00:00,,,
15370,Urban Yoga Women Solid Pink Sweatshirts,images\15370.jpg,1970-01-01 00:00:00,,,
39986,Gas Men Mila Navy Blue Shoes,images\39986.jpg,1970-01-01 00:00:00,,,
21145,s.Oliver Women Printed Black Shirt,images\21145.jpg,1970-01-01 00:00:00,,,
4727,Disney Kids Boy's Regatta Annual Blue Teen Kidswear,images\4727.jpg,1970-01-01 00:00:00,,,
45400,Rocia Women Maroon Sandals,images\45400.jpg,1970-01-01 00:00:00,,,
38434,Baggit Women Blue Handbag,images\38434.jpg,1970-01-01 00:00:00,,,
53905,Kiara Women Beige Handbag,images\53905.jpg,1970-01-01 00:00:00,,,
1609,Reebok Women Boat-Neck Wildberry Sweatshirt,images\1609.jpg,1970-01-01 00:00:00,,,
57599,Lotus Herbals Moistpetals Berry Punch Lipstick 121,images\57599.jpg,1970-01-01 00:00:00,,,
25985,J.Del Pozo Halloween Women Perfume,images\25985.jpg,1970-01-01 00:00:00,,,
59403,Tokyo Talkies Women White T-shirt,images\59403.jpg,1970-01-01 00:00:00,,,
21519,Kiara Women Glossy White Handbag,images\21519.jpg,1970-01-01 00:00:00,,,
53139,Catwalk Women Blue & White Sandals,images\53139.jpg,1970-01-01 00:00:00,,,
29774,Wrangler Men Purple Striped Shirt,images\29774.jpg,1970-01-01 00:00:00,,,
3962,Jealous 21 Women Black Shimmery Falling Neck Top,images\3962.jpg,1970-01-01 00:00:00,,,
18033,Lino Perros Women Solid Brown Handbag,images\18033.jpg,1970-01-01 00:00:00,,,
17847,Nike Men Air Impetus II White Sports Shoe,images\17847.jpg,1970-01-01 00:00:00,,,
9464,John Miller Men  White Shirt,images\9464.jpg,1970-01-01 00:00:00,,,
48743,Revv Men Steel Bangle,images\48743.jpg,1970-01-01 00:00:00,,,
16995,Rocia Women Casual Black Sandal,images\16995.jpg,1970-01-01 00:00:00,,,
12509,Red Tape Men Casual Brown Casual Shoes,images\12509.jpg,1970-01-01 00:00:00,,,
17249,U.S. Polo Assn. Men Printed Limoges Blue Tshirt,images\17249.jpg,1970-01-01 00:00:00,,,
47539,Portia Women White Flats,images\47539.jpg,1970-01-01 00:00:00,,,
29546,Classic Polo Men Black T-shirt,images\29546.jpg,1970-01-01 00:00:00,,,
42877,French Connection Women Maroon Wallet,images\42877.jpg,1970-01-01 00:00:00,,,
9656,Indigo Nation Men Bling Technification Red Black Shirts,images\9656.jpg,1970-01-01 00:00:00,,,
23840,ADIDAS Men Brown Shoes,images\23840.jpg,1970-01-01 00:00:00,,,
43199,Fastrack Men Gunmetal-Toned Dial Watch NA3015AL01,images\43199.jpg,1970-01-01 00:00:00,,,
18201,Nike Men Casual Olive Jacket,images\18201.jpg,1970-01-01 00:00:00,,,
35925,Peperone Women Yellow Clutch,images\35925.jpg,1970-01-01 00:00:00,,,
8784,Fastrack Unisex Brown Sunglasses,images\8784.jpg,1970-01-01 00:00:00,,,
4975,Gini and Jony Boy's Kent Pack of 3 Tee Kidswear,images\4975.jpg,1970-01-01 00:00:00,,,
56679,Portia Women Brown Sandals,images\56679.jpg,1970-01-01 00:00:00,,,
24259,Numero Uno Men Navy Blue Shoes,images\24259.jpg,1970-01-01 00:00:00,,,
38606,Nike Men Printed Boxed White T-shirt,images\38606.jpg,1970-01-01 00:00:00,,,
59631,FNF Red & Gold Collection for Wedding Sari,images\59631.jpg,1970-01-01 00:00:00,,,
4149,Nike Women Free White Pink Shoe,images\4149.jpg,1970-01-01 00:00:00,,,
10850,Wrangler Men Famous Filafil Blue T-Shirts,images\10850.jpg,1970-01-01 00:00:00,,,
26956,Jealous 21 Women Black Top,images\26956.jpg,1970-01-01 00:00:00,,,
29122,Puma Unisex Cat Logo Black Cap,images\29122.jpg,1970-01-01 00:00:00,,,
51038,Enamor Women Lupine Coloured Briefs,images\51038.jpg,1970-01-01 00:00:00,,,
30833,Fabindia Women Beige Kurta,images\30833.jpg,1970-01-01 00:00:00,,,
48929,Lucera Women Silver Ring,images\48929.jpg,1970-01-01 00:00:00,,,
27884,Scullers For Her Blue Shirt,images\27884.jpg,1970-01-01 00:00:00,,,
55498,Revlon ColorBurst Strawberry Lip Gloss 06,images\55498.jpg,1970-01-01 00:00:00,,,
3708,Classic Polo Men's Navy Grey Stripe T-shirt,images\3708.jpg,1970-01-01 00:00:00,,,
48115,Fossil Women Black Midnight  Belt,images\48115.jpg,1970-01-01 00:00:00,,,
18665,Fila Men Syncro White Shoes,images\18665.jpg,1970-01-01 00:00:00,,,
47961,French Connection Women Grey Clutch,images\47961.jpg,1970-01-01 00:00:00,,,
10408,United Colors of Benetton Women Solid Black Tops,images\10408.jpg,1970-01-01 00:00:00,,,
14894,United Colors of Benetton Women Solid Black Bags,images\14894.jpg,1970-01-01 00:00:00,,,
15946,Turtle Men Solid Black Ties,images\15946.jpg,1970-01-01 00:00:00,,,
1863,Inkfruit Men Night Wolf T-shirt,images\1863.jpg,1970-01-01 00:00:00,,,
59255,Titan Men Black Watch,images\59255.jpg,1970-01-01 00:00:00,,,
20893,Basics Men Black Casual Shoes,images\20893.jpg,1970-01-01 00:00:00,,,
58989,Cavallini Men Deo,images\58989.jpg,1970-01-01 00:00:00,,,
38050,Q&Q Men Black Digital Watch M119J003Y,images\38050.jpg,1970-01-01 00:00:00,,,
39182,Aneri Women Magenta & Black Kurta,images\39182.jpg,1970-01-01 00:00:00,,,
41098,Allen Solly Woman Cream Top,images\41098.jpg,1970-01-01 00:00:00,,,
21941,Murcia Women Casual Black Handbag,images\21941.jpg,1970-01-01 00:00:00,,,
56813,Aneri Women Multi Coloured Kurti,images\56813.jpg,1970-01-01 00:00:00,,,
59067,Peri Peri Women Black Bra,images\59067.jpg,1970-01-01 00:00:00,,,
15348,Nike Men Special Edition 3 Star Polo Black Tshirts,images\15348.jpg,1970-01-01 00:00:00,,,
12951,Basics Men Blue Slim Fit Checked Shirt,images\12951.jpg,1970-01-01 00:00:00,,,
6048,UCB Men Ben Logo Black Shirt,images\6048.jpg,1970-01-01 00:00:00,,,
13883,Scullers Men Check Purple Shirts,images\13883.jpg,1970-01-01 00:00:00,,,
19585,United Colors of Benetton Women Solid Blue Top,images\19585.jpg,1970-01-01 00:00:00,,,
6874,Forever New Women Pink Sleeveless Dress,images\6874.jpg,1970-01-01 00:00:00,,,
18457,Nautica Blue Men Perfumes,images\18457.jpg,1970-01-01 00:00:00,,,
9000,Puma Men Archive Boot WTR Brown Casual Shoes,images\9000.jpg,1970-01-01 00:00:00,,,
48327,Pitaraa Women Green Sling Bag,images\48327.jpg,1970-01-01 00:00:00,,,
35589,Gliders Men Yellow Sandals,images\35589.jpg,1970-01-01 00:00:00,,,
31915,Fabindia Women Green Silk Clutch,images\31915.jpg,1970-01-01 00:00:00,,,
28004,Jockey ZONE Men Black Modern Trunks US19,images\28004.jpg,1970-01-01 00:00:00,,,
27870,Scullers For Her Women White Striped Shirt,images\27870.jpg,1970-01-01 00:00:00,,,
19743,United colors of benetton Women Blue Cap,images\19743.jpg,1970-01-01 00:00:00,,,
49033,Lucera Women Silver Ring,images\49033.jpg,1970-01-01 00:00:00,,,
8314,Locomotive Men Check Lafayette Blue Shirts,images\8314.jpg,1970-01-01 00:00:00,,,
31129,Giny and Jony Girls Printed White & Pink Dress,images\31129.jpg,1970-01-01 00:00:00,,,
43509,French Connection Women Grey Melange Dress,images\43509.jpg,1970-01-01 00:00:00,,,
18691,Hanes Men Black Modern Duo Dry Cotton Stretch Trunks,images\18691.jpg,1970-01-01 00:00:00,,,
47995,Helix Men Black Watch,images\47995.jpg,1970-01-01 00:00:00,,,
38296,Reid & Taylor Men Brown Wallet,images\38296.jpg,1970-01-01 00:00:00,,,
14860,United Colors of Benetton Women Solid Grey Charcoal Wallets,images\14860.jpg,1970-01-01 00:00:00,,,
39344,Mr. Men Green T-shirt,images\39344.jpg,1970-01-01 00:00:00,,,
1897,FIFA Men Germany Blue Jersey,images\1897.jpg,1970-01-01 00:00:00,,,
52649,Mod'acc Women Orange Handbag,images\52649.jpg,1970-01-01 00:00:00,,,
57109,Elle Women Blue Tunic,images\57109.jpg,1970-01-01 00:00:00,,,
36902,Fossil Men Silver-Toned Dial Chronograph Watch FS4643,images\36902.jpg,1970-01-01 00:00:00,,,
25529,Wrangler Men Griffith White Shirt,images\25529.jpg,1970-01-01 00:00:00,,,
39176,Aneri Women Purple Kurta,images\39176.jpg,1970-01-01 00:00:00,,,
40982,Gini and Jony Boys Core White T-shirt,images\40982.jpg,1970-01-01 00:00:00,,,
58141,Rreverie Silver Earrings,images\58141.jpg,1970-01-01 00:00:00,,,
57935,Clarks Men Black Leather Closed Sandals,images\57935.jpg,1970-01-01 00:00:00,,,
59093,Peri Peri Women White Bra,images\59093.jpg,1970-01-01 00:00:00,,,
41850,Genesis Men Pack of 3 Socks,images\41850.jpg,1970-01-01 00:00:00,,,
21189,Quiksilver Unisex Blue Backpack,images\21189.jpg,1970-01-01 00:00:00,,,
16539,Basics Men White Slim Fit Striped Shirt,images\16539.jpg,1970-01-01 00:00:00,,,
46249,Fusion Beats Women Dark Pink Tunic,images\46249.jpg,1970-01-01 00:00:00,,,
13877,Scullers Men Solid Maroon Shirts,images\13877.jpg,1970-01-01 00:00:00,,,
28236,Secret Temptation Women Mystery Deo,images\28236.jpg,1970-01-01 00:00:00,,,
8126,Fastrack Men Non Leather Brown Belts,images\8126.jpg,1970-01-01 00:00:00,,,
19571,United Colors of Benetton Men Printed Black TShirt,images\19571.jpg,1970-01-01 00:00:00,,,
12199,Basics Men Blue Polo T-shirt,images\12199.jpg,1970-01-01 00:00:00,,,
7952,Puma Men's Knit Polo Black  Polo T-shirt,images\7952.jpg,1970-01-01 00:00:00,,,
6880,Forever New Women Long Black Jacket,images\6880.jpg,1970-01-01 00:00:00,,,
11378,United Colors of Benetton Men Summer White Shirts,images\11378.jpg,1970-01-01 00:00:00,,,
45894,Maxima Men Black Dial Watch,images\45894.jpg,1970-01-01 00:00:00,,,
39512,Peter England Unisex Black Backpack,images\39512.jpg,1970-01-01 00:00:00,,,
52823,Adrika Green Earrings,images\52823.jpg,1970-01-01 00:00:00,,,
41408,Wrangler Women Red Stay Gold Tee Top,images\41408.jpg,1970-01-01 00:00:00,,,
33028,Mother Earth Women Printed Blue Kurta,images\33028.jpg,1970-01-01 00:00:00,,,
25971,Femella Women Black Dress,images\25971.jpg,1970-01-01 00:00:00,,,
58525,Wildcraft Unisex Green Chalk Bag,images\58525.jpg,1970-01-01 00:00:00,,,
37488,Esprit Women Silver Dial Watch,images\37488.jpg,1970-01-01 00:00:00,,,
2844,Mr.Men Men's Mr.Busy Navy T-shirt,images\2844.jpg,1970-01-01 00:00:00,,,
50748,Red Chief Men Brown Shoes,images\50748.jpg,1970-01-01 00:00:00,,,
28652,Nike Men Tiempo Natural IV Black Sports Shoes,images\28652.jpg,1970-01-01 00:00:00,,,
29780,Basics Men Black Trousers,images\29780.jpg,1970-01-01 00:00:00,,,
22368,Ed Hardy Men Diving Dragon Peach T-Shirt,images\22368.jpg,1970-01-01 00:00:00,,,
3996,Spalding Men Black Flip Flops,images\3996.jpg,1970-01-01 00:00:00,,,
19929,Reid & Taylor Men Formal Blue Tie+Cufflink+Pocket square - Combo Pack,images\19929.jpg,1970-01-01 00:00:00,,,
2078,ADIDAS Women Fitted Black T-shirt,images\2078.jpg,1970-01-01 00:00:00,,,
9490,Puma Unisex Deck Black Backpacks,images\9490.jpg,1970-01-01 00:00:00,,,
49665,United Colors of Benetton Men Sunglass,images\49665.jpg,1970-01-01 00:00:00,,,
8542,Crocs Women Abf Single Flip Slippers,images\8542.jpg,1970-01-01 00:00:00,,,
16961,Image Men Sunglasses,images\16961.jpg,1970-01-01 00:00:00,,,
19115,Campbell Men Pack of 3 Solid Tshirts,images\19115.jpg,1970-01-01 00:00:00,,,
28460,Urban Yoga Women Pink Shorts,images\28460.jpg,1970-01-01 00:00:00,,,
23088,Arrow Sport Men Dk.Grey Brown Trousers,images\23088.jpg,1970-01-01 00:00:00,,,
43951,Catwalk Women Bronze Heels,images\43951.jpg,1970-01-01 00:00:00,,,
55834,Colorbar Miss Reflective Body Shimmer 001,images\55834.jpg,1970-01-01 00:00:00,,,
42883,French Connection Women Black Sling Bag,images\42883.jpg,1970-01-01 00:00:00,,,
48585,Lucera Women Silver Bracelet,images\48585.jpg,1970-01-01 00:00:00,,,
34803,Flying Machine Men Woven Green Belt,images\34803.jpg,1970-01-01 00:00:00,,,
27428,Jockey Women Black V-neck T-Shirt,images\27428.jpg,1970-01-01 00:00:00,,,
55008,Lakme Sheer Satin Lip Gloss 41,images\55008.jpg,1970-01-01 00:00:00,,,
19327,Myntra Men Solid Blue Sweatshirt,images\19327.jpg,1970-01-01 00:00:00,,,
3398,Murcia Women Black Handbag,images\3398.jpg,1970-01-01 00:00:00,,,
39720,Arrow Woman Olive Jumpsuit,images\39720.jpg,1970-01-01 00:00:00,,,
10098,Fastrack Men Analogue Plastic White Watch,images\10098.jpg,1970-01-01 00:00:00,,,
5853,ADIDAS Women Blue Handbag,images\5853.jpg,1970-01-01 00:00:00,,,
11976,Fila Men Paramount Plus Black Shoes,images\11976.jpg,1970-01-01 00:00:00,,,
36768,Maxima Men Gold Dial Watch,images\36768.jpg,1970-01-01 00:00:00,,,
44348,Indian Terrain Men Brown Check Shirt,images\44348.jpg,1970-01-01 00:00:00,,,
14438,Enroute Women Casual Yellow Heels,images\14438.jpg,1970-01-01 00:00:00,,,
46282,109F Women Yellow Tunic,images\46282.jpg,1970-01-01 00:00:00,,,
47350,Baggit Women Green Bag,images\47350.jpg,1970-01-01 00:00:00,,,
23615,Nike Fragrances Women Basic Perfume,images\23615.jpg,1970-01-01 00:00:00,,,
17420,Casio Enticer Men Black Dial Analogue Watch A479,images\17420.jpg,1970-01-01 00:00:00,,,
9803,Scullers For Her Women Scullers Top Navy Blue Tops,images\9803.jpg,1970-01-01 00:00:00,,,
3505,ADIDAS Women Adi Light White Fresh Shoe,images\3505.jpg,1970-01-01 00:00:00,,,
42622,Estelle Women Earrings,images\42622.jpg,1970-01-01 00:00:00,,,
12152,Aurelia Women Printed Purple Kurti,images\12152.jpg,1970-01-01 00:00:00,,,
26367,Arrow Woman Lavender Shirt,images\26367.jpg,1970-01-01 00:00:00,,,
18468,Reebok Reelive Women Perfumes,images\18468.jpg,1970-01-01 00:00:00,,,
13080,Numero Uno Men Black Casual Shoes,images\13080.jpg,1970-01-01 00:00:00,,,
48318,Pitaraa Silver Omelette Thin Bracelet,images\48318.jpg,1970-01-01 00:00:00,,,
30202,Nike Unisex Classic Turf Navy Blue Backpack,images\30202.jpg,1970-01-01 00:00:00,,,
33487,Doodle Kids Boy Check Red Shirt,images\33487.jpg,1970-01-01 00:00:00,,,
40175,Fastrack Men Revo Coated Sporty Wrap Sunglasses,images\40175.jpg,1970-01-01 00:00:00,,,
10605,Esprit Women Houston Funny Pink Watches,images\10605.jpg,1970-01-01 00:00:00,,,
56010,Colorbar Velvet Matte Hot Hot Hot Red Lipstick 01R,images\56010.jpg,1970-01-01 00:00:00,,,
32555,Playboy Men White Shoes,images\32555.jpg,1970-01-01 00:00:00,,,
53562,Q&Q Unisex Blue Dial Watch,images\53562.jpg,1970-01-01 00:00:00,,,
40949,Gini and Jony Boys Around the World White T-shirt,images\40949.jpg,1970-01-01 00:00:00,,,
45407,Rocia Women Brown Sandals,images\45407.jpg,1970-01-01 00:00:00,,,
4720,Disney Kids Girl's Fun In The Fair Yellow Teen Kidswear,images\4720.jpg,1970-01-01 00:00:00,,,
21142,s.Oliver Women Grey Top,images\21142.jpg,1970-01-01 00:00:00,,,
39981,Gas Men Jack Grey Shoes,images\39981.jpg,1970-01-01 00:00:00,,,
59058,Global Desi Women Black Kurti,images\59058.jpg,1970-01-01 00:00:00,,,
15377,Fila Men Lobato Navy Blue Casual Shoes,images\15377.jpg,1970-01-01 00:00:00,,,
10437,Flying Machine Men HS Green Shirts,images\10437.jpg,1970-01-01 00:00:00,,,
24602,BIba Women Blue Printed Kurta,images\24602.jpg,1970-01-01 00:00:00,,,
32767,John Miller Men Striped White Shirt,images\32767.jpg,1970-01-01 00:00:00,,,
56222,SDL by Sweet Dreams Men Blue & Grey Pyjama Set,images\56222.jpg,1970-01-01 00:00:00,,,
37215,United Colors of Benetton Men Grey Shirt,images\37215.jpg,1970-01-01 00:00:00,,,
14097,Flying Machine Men Blue Polo Tshirts,images\14097.jpg,1970-01-01 00:00:00,,,
53750,ADIDAS Women Dark Grey Track Pant,images\53750.jpg,1970-01-01 00:00:00,,,
52682,Morellato Men Silver Dial Watch,images\52682.jpg,1970-01-01 00:00:00,,,
15145,Arrow Sport Men Printed Navy Blue Shirts,images\15145.jpg,1970-01-01 00:00:00,,,
45635,Park Avenue Men White Briefs FB003,images\45635.jpg,1970-01-01 00:00:00,,,
4512,Lotto Women Osaka Grey Violet Shoe,images\4512.jpg,1970-01-01 00:00:00,,,
7397,Red Tape Men's Black Formal Shoe,images\7397.jpg,1970-01-01 00:00:00,,,
35542,Enroute Kids Girls Pink Sandals,images\35542.jpg,1970-01-01 00:00:00,,,
26969,Jealous 21 Women Printed White & Blue Top,images\26969.jpg,1970-01-01 00:00:00,,,
51007,Enamor Black Full Figure Bra,images\51007.jpg,1970-01-01 00:00:00,,,
48916,Lucera Women Silver Pendant,images\48916.jpg,1970-01-01 00:00:00,,,
17612,Doodle Cute Girls  Grey Tshirt,images\17612.jpg,1970-01-01 00:00:00,,,
47162,Peter England Men Brown Belt,images\47162.jpg,1970-01-01 00:00:00,,,
6245,UCB Men's Contrast Logo Grey T-shirt,images\6245.jpg,1970-01-01 00:00:00,,,
19788,U.S. Polo Assn. Men Solid Green Tshirt,images\19788.jpg,1970-01-01 00:00:00,,,
12360,Reid & Taylor Men Solid Black Shirts,images\12360.jpg,1970-01-01 00:00:00,,,
26155,John Miller Men Striped Grey Trousers,images\26155.jpg,1970-01-01 00:00:00,,,
3737,Lotto Unisex Kochi Tuskers Sovenior Purple Orange Cap,images\3737.jpg,1970-01-01 00:00:00,,,
42410,Basics Men White Hip Brief,images\42410.jpg,1970-01-01 00:00:00,,,
29921,Police Men Black Dial Chronograph Watch PL12777JS-02M,images\29921.jpg,1970-01-01 00:00:00,,,
27087,Aneri Women Egyptian Black Kurta,images\27087.jpg,1970-01-01 00:00:00,,,
54575,Sushilas Women Printed Maroon Kurta,images\54575.jpg,1970-01-01 00:00:00,,,
32303,Q&Q Men Black Dial Watch,images\32303.jpg,1970-01-01 00:00:00,,,
56646,Mumbai Slang Women White Kurti,images\56646.jpg,1970-01-01 00:00:00,,,
5898,Puma Men Tekkies Jam Blue Shoe,images\5898.jpg,1970-01-01 00:00:00,,,
57794,Lotus Herbals Pomegranate & Plum Energizing Skin Polisher,images\57794.jpg,1970-01-01 00:00:00,,,
10053,Gini And Jony Vini Romper Pink T-Shirts,images\10053.jpg,1970-01-01 00:00:00,,,
24266,Quiksilver Men Red T-shirt,images\24266.jpg,1970-01-01 00:00:00,,,
38639,Nike Men Blue Cricket Blue Polo Tshirt,images\38639.jpg,1970-01-01 00:00:00,,,
15521,Rockport Men Jelbalp Black Flip Flops,images\15521.jpg,1970-01-01 00:00:00,,,
45251,Casio Youth Series Men Digital Watch W-734-1AVDF(D090),images\45251.jpg,1970-01-01 00:00:00,,,
37671,American Tourister Unisex Black Backpack,images\37671.jpg,1970-01-01 00:00:00,,,
44383,Spinz Women Exotic Deo,images\44383.jpg,1970-01-01 00:00:00,,,
23043,Arrow Woman Blue Jeggings,images\23043.jpg,1970-01-01 00:00:00,,,
17276,U.S. Polo Assn. Men Printed Mustard Tshirt,images\17276.jpg,1970-01-01 00:00:00,,,
47506,Facit Men Blue Innerwear Vest,images\47506.jpg,1970-01-01 00:00:00,,,
6621,ADIDAS Men's Boris Black Shoe,images\6621.jpg,1970-01-01 00:00:00,,,
51463,Tonga Women Black Top,images\51463.jpg,1970-01-01 00:00:00,,,
42848,French Connection Women Brown Wallet,images\42848.jpg,1970-01-01 00:00:00,,,
22191,Timberland Men Light Brown Casual Shoes,images\22191.jpg,1970-01-01 00:00:00,,,
9669,Indigo Nation Men Checks Blue Shirts,images\9669.jpg,1970-01-01 00:00:00,,,
54111,Rocia Women Copper Flats,images\54111.jpg,1970-01-01 00:00:00,,,
12704,Nike Men Air Relentness Grey Sports Shoes,images\12704.jpg,1970-01-01 00:00:00,,,
26531,Gas Men Arunta Olive Casual Shoes,images\26531.jpg,1970-01-01 00:00:00,,,
31586,Mark Taylor Men Printed Yellow T-shirt,images\31586.jpg,1970-01-01 00:00:00,,,
3353,Myntra Men's I am a nice guy Navy Blue T-shirt,images\3353.jpg,1970-01-01 00:00:00,,,
42074,American Tourister Men Black Coin Passcase Wallet,images\42074.jpg,1970-01-01 00:00:00,,,
47734,Murcia Women Grey Handbag,images\47734.jpg,1970-01-01 00:00:00,,,
6413,Lotto Unisex Canvas Pink Shoe,images\6413.jpg,1970-01-01 00:00:00,,,
18830,Peter England Men Formal Black Belt,images\18830.jpg,1970-01-01 00:00:00,,,
28699,W Women Printed  Light Pink Kurta,images\28699.jpg,1970-01-01 00:00:00,,,
23271,Maxima Ssteele Men White Watch,images\23271.jpg,1970-01-01 00:00:00,,,
17044,Gas Men Aventura Sandal,images\17044.jpg,1970-01-01 00:00:00,,,
50783,Clarks Women Black Onslow Beat Leather Wedges,images\50783.jpg,1970-01-01 00:00:00,,,
51651,Fossil Men Grey Dial Chronograph Watch FS4584,images\51651.jpg,1970-01-01 00:00:00,,,
16196,Puma Men Heroes Red Jackets,images\16196.jpg,1970-01-01 00:00:00,,,
35314,Fabindia Women Anusuya Silver Earrings,images\35314.jpg,1970-01-01 00:00:00,,,
43394,Lino Perros Men Brown Wallet,images\43394.jpg,1970-01-01 00:00:00,,,
17878,Levis Men Comfort Style Maroon Innerwear Vest,images\17878.jpg,1970-01-01 00:00:00,,,
30666,Park Avenue Men Black Sunglasses,images\30666.jpg,1970-01-01 00:00:00,,,
3161,Nike Men's Air Citius MSL White Grey Shoe,images\3161.jpg,1970-01-01 00:00:00,,,
8589,Scullers Men Scul Blue Shirts,images\8589.jpg,1970-01-01 00:00:00,,,
12536,Puma Women Solid Black Sweatshirts,images\12536.jpg,1970-01-01 00:00:00,,,
26703,Nike Men White Court Shuttle Shoes,images\26703.jpg,1970-01-01 00:00:00,,,
25186,Lino Perros Women Leatherette Brown Handbag,images\25186.jpg,1970-01-01 00:00:00,,,
56474,Streetwear Fiery Femme Nail Polish # 18,images\56474.jpg,1970-01-01 00:00:00,,,
1636,Nike Men Air Zoom Century Shoes,images\1636.jpg,1970-01-01 00:00:00,,,
40511,Titan Men White Dial Watch,images\40511.jpg,1970-01-01 00:00:00,,,
10261,John Miller Men Slim Brown Trousers,images\10261.jpg,1970-01-01 00:00:00,,,
24054,Locomotive Men Printed Blue T-shirt,images\24054.jpg,1970-01-01 00:00:00,,,
4344,Fila Men's Abascuss White Blue Shoe,images\4344.jpg,1970-01-01 00:00:00,,,
21526,Kiara Women Glossy Red Handbag,images\21526.jpg,1970-01-01 00:00:00,,,
15713,Nike Men Air Relentless Black Sports Shoes,images\15713.jpg,1970-01-01 00:00:00,,,
53106,Fabindia Silver Earrings,images\53106.jpg,1970-01-01 00:00:00,,,
5296,Puma Men Black Floater,images\5296.jpg,1970-01-01 00:00:00,,,
24868,Reid & Taylor Men Casual Black Wallet,images\24868.jpg,1970-01-01 00:00:00,,,
41605,Basics Men Grey Shirt,images\41605.jpg,1970-01-01 00:00:00,,,
25340,Levis Men Beige Boxer Trunks,images\25340.jpg,1970-01-01 00:00:00,,,
11175,Scullers Men Stripes White Sweaters,images\11175.jpg,1970-01-01 00:00:00,,,
57760,Lotus Herbals Tea Tree Face Wash,images\57760.jpg,1970-01-01 00:00:00,,,
24292,Quiksilver Men High Black Socks,images\24292.jpg,1970-01-01 00:00:00,,,
33225,Sepia Women Pink Dress,images\33225.jpg,1970-01-01 00:00:00,,,
11949,Ganuchi Men Casual Brown Casual Shoes,images\11949.jpg,1970-01-01 00:00:00,,,
36757,Maxima Women Black Watch,images\36757.jpg,1970-01-01 00:00:00,,,
37685,American Tourister Unisex Black Backpack,images\37685.jpg,1970-01-01 00:00:00,,,
5050,Fila Men's Passion Black red Canvas Shoe,images\5050.jpg,1970-01-01 00:00:00,,,
44377,Jovan Men White Musk Deo,images\44377.jpg,1970-01-01 00:00:00,,,
58728,Puma Women Pink T-shirt,images\58728.jpg,1970-01-01 00:00:00,,,
50545,Chromozome Men Pack of Two Briefs,images\50545.jpg,1970-01-01 00:00:00,,,
17282,U.S. Polo Assn. Men Printed Black Tshirt,images\17282.jpg,1970-01-01 00:00:00,,,
34000,Femella Women Black Top,images\34000.jpg,1970-01-01 00:00:00,,,
7707,Jealous 21 Women's Abbie Black Jegging,images\7707.jpg,1970-01-01 00:00:00,,,
46420,Timex Men Cream Dial Chronograph Watch,images\46420.jpg,1970-01-01 00:00:00,,,
16350,Peter England Men Stripes Cream Shirt,images\16350.jpg,1970-01-01 00:00:00,,,
51497,Denizen Women Navy Blue Jeans,images\51497.jpg,1970-01-01 00:00:00,,,
22165,Timberland Men Brown Casual Shoes,images\22165.jpg,1970-01-01 00:00:00,,,
43152,Fastrack Men Black Watch,images\43152.jpg,1970-01-01 00:00:00,,,
2275,Nike Mens Challenger Graphic White T-shirt,images\2275.jpg,1970-01-01 00:00:00,,,
27417,Jockey Women Blue Relaxed Capris,images\27417.jpg,1970-01-01 00:00:00,,,
55037,Lakme Absolute Matte Bitter Chocolate Lipstick 53,images\55037.jpg,1970-01-01 00:00:00,,,
19318,Nike Unisex Classic Base Blue Backpack,images\19318.jpg,1970-01-01 00:00:00,,,
49468,Vans Men Red Old Skool Shoes,images\49468.jpg,1970-01-01 00:00:00,,,
42080,American Tourister Men Black Travel Wallet,images\42080.jpg,1970-01-01 00:00:00,,,
22959,Reebok Men White Fusion Sports Shoes,images\22959.jpg,1970-01-01 00:00:00,,,
34232,Proline Men Grey T-shirt,images\34232.jpg,1970-01-01 00:00:00,,,
23285,Maxima Men White Watch,images\23285.jpg,1970-01-01 00:00:00,,,
50777,Clarks Men Dino Limit Brown Formal Shoes,images\50777.jpg,1970-01-01 00:00:00,,,
16162,Enroute Men Leather Black Sandals,images\16162.jpg,1970-01-01 00:00:00,,,
22357,John Players Men Solid Black Shirt,images\22357.jpg,1970-01-01 00:00:00,,,
19916,Wildcraft Unisex Black & Grey Printed Laptop Backpack,images\19916.jpg,1970-01-01 00:00:00,,,
7535,Nike Men's Blue Polo T-shirt,images\7535.jpg,1970-01-01 00:00:00,,,
46612,Catwalk Women Brown Wedges,images\46612.jpg,1970-01-01 00:00:00,,,
27625,Scullers Men Grey Shorts,images\27625.jpg,1970-01-01 00:00:00,,,
13410,United Colors of Benetton Men Solid Blue Shirts,images\13410.jpg,1970-01-01 00:00:00,,,
48788,Lucera Women Silver Pendant,images\48788.jpg,1970-01-01 00:00:00,,,
43360,Reebok Men White Ultimate Vibe Sports Shoes,images\43360.jpg,1970-01-01 00:00:00,,,
2047,ADIDAS Men's Navy Blue T-shirt,images\2047.jpg,1970-01-01 00:00:00,,,
30692,Catwalk Women Brown Heels,images\30692.jpg,1970-01-01 00:00:00,,,
55205,Lakme Lip Love Dark Desire Lipstick B122A,images\55205.jpg,1970-01-01 00:00:00,,,
25172,Lino Perros Women Leatherite Brown Handbag,images\25172.jpg,1970-01-01 00:00:00,,,
56480,Streetwear Chocolat Nail Polish 20,images\56480.jpg,1970-01-01 00:00:00,,,
11347,Lee Men Elvira Rinse Blue Chicago Fit Jeans,images\11347.jpg,1970-01-01 00:00:00,,,
41437,Lee Cooper Men White Sports Shoes,images\41437.jpg,1970-01-01 00:00:00,,,
33017,Mother Earth Women Striped Green Kurta,images\33017.jpg,1970-01-01 00:00:00,,,
10295,Clarks Men Brown Leather Casual Shoes,images\10295.jpg,1970-01-01 00:00:00,,,
57552,Lotus Herbals Floralstay Copper Toast Lip Color 424,images\57552.jpg,1970-01-01 00:00:00,,,
44979,Maxima Attivo Men Steel-Toned Dial Watch 15933LMGB,images\44979.jpg,1970-01-01 00:00:00,,,
45097,Bwitch Pink Ruby Bra,images\45097.jpg,1970-01-01 00:00:00,,,
36565,United Colors of Benetton Women Deo,images\36565.jpg,1970-01-01 00:00:00,,,
14635,United Colors of Benetton Men Solid Black Mufflers,images\14635.jpg,1970-01-01 00:00:00,,,
5262,Wildcraft Unisex Blue & Grey Printed Backpack,images\5262.jpg,1970-01-01 00:00:00,,,
8925,Puma Men High Shine Black Belt,images\8925.jpg,1970-01-01 00:00:00,,,
16506,Locomotive Men Washed Blue Jeans,images\16506.jpg,1970-01-01 00:00:00,,,
22733,Nike Men Dunk High Grey Casual Shoes,images\22733.jpg,1970-01-01 00:00:00,,,
35784,Enroute Women Black Shoes,images\35784.jpg,1970-01-01 00:00:00,,,
7151,Scullers For Her Women Rivited Check Black Shirts,images\7151.jpg,1970-01-01 00:00:00,,,
46276,109F Women Cream Printed Top,images\46276.jpg,1970-01-01 00:00:00,,,
13848,United Colors of Benetton Men Solid Blue Polo Tshirts,images\13848.jpg,1970-01-01 00:00:00,,,
6083,UCB Women's Halftone Print Pink T-shirt,images\6083.jpg,1970-01-01 00:00:00,,,
28209,Ray-Ban Men High Street Black Sunglasses,images\28209.jpg,1970-01-01 00:00:00,,,
50313,Park Avenue Men Brown Tie,images\50313.jpg,1970-01-01 00:00:00,,,
8119,Fastrack Men Canvas Red Stitches Grey Belts,images\8119.jpg,1970-01-01 00:00:00,,,
31324,Aurelia Women Printed Blue Kurta,images\31324.jpg,1970-01-01 00:00:00,,,
13074,Numero Uno Men Brown Casual Shoes,images\13074.jpg,1970-01-01 00:00:00,,,
43704,Royal Diadem Green Earring & Pendant Set,images\43704.jpg,1970-01-01 00:00:00,,,
33473,Baggit Women Choti Jhuti Brown Belt,images\33473.jpg,1970-01-01 00:00:00,,,
58942,Tommy Hilfiger Women Silver-Toned Dial  Watch TH1780453-D,images\58942.jpg,1970-01-01 00:00:00,,,
20858,United Colors of Benetton Women Casual Olive Sunglasses,images\20858.jpg,1970-01-01 00:00:00,,,
40181,Fastrack Men Revo Coated Sporty Wrap Sunglasses,images\40181.jpg,1970-01-01 00:00:00,,,
57136,Elle Women Black Trousers,images\57136.jpg,1970-01-01 00:00:00,,,
25516,Doodle Kids Boys Airfeild Red T-Shirt,images\25516.jpg,1970-01-01 00:00:00,,,
39149,Aneri Women Red Kurtas,images\39149.jpg,1970-01-01 00:00:00,,,
59890,Femella Women Multi Coloured Tunic,images\59890.jpg,1970-01-01 00:00:00,,,
53596,Q&Q Men Navy Blue Digital Watch,images\53596.jpg,1970-01-01 00:00:00,,,
20064,United Colors Of Benetton Women Blue Muffler,images\20064.jpg,1970-01-01 00:00:00,,,
5606,ADIDAS Men Kendall Black Floater,images\5606.jpg,1970-01-01 00:00:00,,,
44521,Coolers Men Black Sandals,images\44521.jpg,1970-01-01 00:00:00,,,
36101,OTLS Men Josh Brown Wallet,images\36101.jpg,1970-01-01 00:00:00,,,
52444,Red Rose White & Purple Nightdress,images\52444.jpg,1970-01-01 00:00:00,,,
39975,Gas Men Olive Swansea Shoes,images\39975.jpg,1970-01-01 00:00:00,,,
57304,Rocia Women Brown Wedges,images\57304.jpg,1970-01-01 00:00:00,,,
33641,Lotto Men Black Koro G Slippers,images\33641.jpg,1970-01-01 00:00:00,,,
41261,Arrow Men Brown Wallet,images\41261.jpg,1970-01-01 00:00:00,,,
25724,Wrangler Men Leather Brown Belt,images\25724.jpg,1970-01-01 00:00:00,,,
11511,Catwalk Women Lifestyle Gold Toned Ballerinas,images\11511.jpg,1970-01-01 00:00:00,,,
5434,Nike Men's Kill Man Red T-shirt,images\5434.jpg,1970-01-01 00:00:00,,,
44713,Lotto Men Black Flip Flops,images\44713.jpg,1970-01-01 00:00:00,,,
14063,Flying Machine Men Solid Blue Polo Tshirts,images\14063.jpg,1970-01-01 00:00:00,,,
20256,Wrangler Men Wing Green T-shirt,images\20256.jpg,1970-01-01 00:00:00,,,
52676,Morellato Women White Dial Watch,images\52676.jpg,1970-01-01 00:00:00,,,
36333,Playboy Men White & Red Socks,images\36333.jpg,1970-01-01 00:00:00,,,
7363,Red Tape Men Black Semi Formal Shoes,images\7363.jpg,1970-01-01 00:00:00,,,
46044,Estelle Gold Earrings,images\46044.jpg,1970-01-01 00:00:00,,,
16734,Lotto Men Emeriti Maroon Slipper,images\16734.jpg,1970-01-01 00:00:00,,,
22501,Catwalk Women Beige Casual Shoes,images\22501.jpg,1970-01-01 00:00:00,,,
49830,iPanema Women Pink Flip Flops,images\49830.jpg,1970-01-01 00:00:00,,,
47196,Franco Leone Men Brown Sandals,images\47196.jpg,1970-01-01 00:00:00,,,
34464,ADIDAS Unisex Red Organizer Bag,images\34464.jpg,1970-01-01 00:00:00,,,
12394,Reid & Taylor Men Solid Black Socks,images\12394.jpg,1970-01-01 00:00:00,,,
46878,Lino Perros Men Pack of 2 Socks,images\46878.jpg,1970-01-01 00:00:00,,,
31116,Gini and Jony Boys Grey Shorts,images\31116.jpg,1970-01-01 00:00:00,,,
43536,French Connection Women Peach Top,images\43536.jpg,1970-01-01 00:00:00,,,
28807,Denizen Men Check Brown Shirt,images\28807.jpg,1970-01-01 00:00:00,,,
2611,Carlton London Women Stylish Gold Flats,images\2611.jpg,1970-01-01 00:00:00,,,
13246,Palm Tree Kids Boy Washed Blue Jeans,images\13246.jpg,1970-01-01 00:00:00,,,
54581,Sushilas Women Printed Green Kurta,images\54581.jpg,1970-01-01 00:00:00,,,
3763,Status Quo Men's London Icon Grey T-shirt,images\3763.jpg,1970-01-01 00:00:00,,,
29975,Aspen Women Black Dial Watch,images\29975.jpg,1970-01-01 00:00:00,,,
26101,John Miller Men Striped White Shirt,images\26101.jpg,1970-01-01 00:00:00,,,
54521,F Sports Men White Voyager Sports Shoes,images\54521.jpg,1970-01-01 00:00:00,,,
9259,Mark Taylor Men Blue Striped Shirt,images\9259.jpg,1970-01-01 00:00:00,,,
30064,Ed Hardy Men Grey Dial Watch,images\30064.jpg,1970-01-01 00:00:00,,,
16794,Highlander Men Stripes Navy Blue Shirt,images\16794.jpg,1970-01-01 00:00:00,,,
51053,Enamor Women Green Bikini Brief,images\51053.jpg,1970-01-01 00:00:00,,,
49890,Q&Q Kids Girls Blue Analog Watch,images\49890.jpg,1970-01-01 00:00:00,,,
47136,Be For Bag Women Blue Tote Bag,images\47136.jpg,1970-01-01 00:00:00,,,
6211,UCB Women's Print Boat Blue Top,images\6211.jpg,1970-01-01 00:00:00,,,
48942,Lucera Women Silver Ring,images\48942.jpg,1970-01-01 00:00:00,,,
23473,Lino Perros Men Red Check Scarf,images\23473.jpg,1970-01-01 00:00:00,,,
50181,Peperone Women Beige Handbag,images\50181.jpg,1970-01-01 00:00:00,,,
17646,Converse Unisex Green Flip Flops,images\17646.jpg,1970-01-01 00:00:00,,,
30858,Fabindia Women Striped Black Kurta,images\30858.jpg,1970-01-01 00:00:00,,,
1808,Quechua Aluminium Print Water Bottle,images\1808.jpg,1970-01-01 00:00:00,,,
37241,United Colors of Benetton Men Black Shoes,images\37241.jpg,1970-01-01 00:00:00,,,
5494,Mr.Men Men's Charcoal Polo T-shirt,images\5494.jpg,1970-01-01 00:00:00,,,
45661,Park Avenue Men Grey Melange Square Neck Vest,images\45661.jpg,1970-01-01 00:00:00,,,
36393,Reid & Taylor Men Blue Socks,images\36393.jpg,1970-01-01 00:00:00,,,
4546,Nike Men's Air Max Black Shoe,images\4546.jpg,1970-01-01 00:00:00,,,
21324,Louis Philippe Men Aviator Sunglasses LP201-C1,images\21324.jpg,1970-01-01 00:00:00,,,
15111,Arrow Men Stripes Coffee Brown Trousers,images\15111.jpg,1970-01-01 00:00:00,,,
38209,Polaroid Women Sunglasses,images\38209.jpg,1970-01-01 00:00:00,,,
40313,Warner Bros Kids White sandals,images\40313.jpg,1970-01-01 00:00:00,,,
10463,Flying Machine Men Grey Polo Tshirts,images\10463.jpg,1970-01-01 00:00:00,,,
24656,ADIDAS Originals Boys White Pack of 3 Casual Socks,images\24656.jpg,1970-01-01 00:00:00,,,
25784,Arrow Men Light Brown Suspenders,images\25784.jpg,1970-01-01 00:00:00,,,
56276,Biara Women Skin Bra,images\56276.jpg,1970-01-01 00:00:00,,,
37073,Lino Perros Women Purple Handbag,images\37073.jpg,1970-01-01 00:00:00,,,
44581,Lee Rinse Navy Blue Slim Fit Jeans,images\44581.jpg,1970-01-01 00:00:00,,,
53536,Amante Women Pack of 3 Assorted Briefs PFCP11,images\53536.jpg,1970-01-01 00:00:00,,,
21116,s.Oliver Women Faded Lilac Top,images\21116.jpg,1970-01-01 00:00:00,,,
15323,Nike Men Solid Grey Jacket,images\15323.jpg,1970-01-01 00:00:00,,,
56878,HM Women Silver Heels,images\56878.jpg,1970-01-01 00:00:00,,,
4774,ADIDAS Women 3S Pink Track Pants,images\4774.jpg,1970-01-01 00:00:00,,,
57196,Elle Women Red Tunic,images\57196.jpg,1970-01-01 00:00:00,,,
40121,ADIDAS Unisex Pack of 3 Socks,images\40121.jpg,1970-01-01 00:00:00,,,
32501,Scullers Men Black Shirt,images\32501.jpg,1970-01-01 00:00:00,,,
56044,Colorbar Full Finish Longwear Kiss Me Lipstick 07,images\56044.jpg,1970-01-01 00:00:00,,,
11783,Lee Men Printed Grey Tshirts,images\11783.jpg,1970-01-01 00:00:00,,,
12106,W Women Printed White Kurtis,images\12106.jpg,1970-01-01 00:00:00,,,
26333,DKNY Women White Dial Watch NY4934,images\26333.jpg,1970-01-01 00:00:00,,,
3551,Skechers Men's Charcoal Lifestyle Shoe,images\3551.jpg,1970-01-01 00:00:00,,,
42676,Alma Women Black Kurta,images\42676.jpg,1970-01-01 00:00:00,,,
2483,Puma Women Spagetti Dahlia Purple Top,images\2483.jpg,1970-01-01 00:00:00,,,
30256,Red Tape Men Black Semi Formal Shoes,images\30256.jpg,1970-01-01 00:00:00,,,
54713,Shree Women Cream-Coloured & Pink Printed Salwar Suit with Dupatta,images\54713.jpg,1970-01-01 00:00:00,,,
51261,Park Avenue Men Black & Brown Reversible Belt,images\51261.jpg,1970-01-01 00:00:00,,,
9857,Status Quo Men Green Polo Tshirts,images\9857.jpg,1970-01-01 00:00:00,,,
47304,Baggit Women Green purse,images\47304.jpg,1970-01-01 00:00:00,,,
6023,UCB Men's Johny Collar With Two Tone Green T-shirt,images\6023.jpg,1970-01-01 00:00:00,,,
21572,Lino Perros Men Pack of Five Striped Socks,images\21572.jpg,1970-01-01 00:00:00,,,
15747,Nike Men Ballista SL White Sports Shoes,images\15747.jpg,1970-01-01 00:00:00,,,
32959,Angry Birds Men Purple T-shirt,images\32959.jpg,1970-01-01 00:00:00,,,
52080,Myntra Men Navy Blue T-shirt,images\52080.jpg,1970-01-01 00:00:00,,,
59468,Lucera Silver Ring,images\59468.jpg,1970-01-01 00:00:00,,,
45037,Maxima Attivo Men White Dial Watch,images\45037.jpg,1970-01-01 00:00:00,,,
4310,Tantra Kid's Unisex Papa's Joy Green Kidswear,images\4310.jpg,1970-01-01 00:00:00,,,
37417,Murcia Women Jute Silver Handbag,images\37417.jpg,1970-01-01 00:00:00,,,
53152,Mark Taylor Men Brown Shirt,images\53152.jpg,1970-01-01 00:00:00,,,
14695,Basics Men Black Trousers,images\14695.jpg,1970-01-01 00:00:00,,,
32165,Playboy Women Playmate Pink Ankle Socks,images\32165.jpg,1970-01-01 00:00:00,,,
56420,Biara Women White Bra,images\56420.jpg,1970-01-01 00:00:00,,,
10235,Carrera Men Hexagaon Dial Black Watches,images\10235.jpg,1970-01-01 00:00:00,,,
1662,Nike Men Blue Windrunner Jacket,images\1662.jpg,1970-01-01 00:00:00,,,
40545,Titan Raga Women Gold Watch,images\40545.jpg,1970-01-01 00:00:00,,,
48728,Lucera Women Silver Earrings,images\48728.jpg,1970-01-01 00:00:00,,,
30632,Nike Men Challenger Spiked Yellowish Green T-shirt,images\30632.jpg,1970-01-01 00:00:00,,,
27685,Murcia Women Purple Handbag,images\27685.jpg,1970-01-01 00:00:00,,,
18058,Lino Perros Women Solid Purple Wallet,images\18058.jpg,1970-01-01 00:00:00,,,
3135,Catwalk Women Heeded Golden Strap Black Heels,images\3135.jpg,1970-01-01 00:00:00,,,
42212,Sepia Women Pink Tunic,images\42212.jpg,1970-01-01 00:00:00,,,
23225,Aneri Women Tibett Pink Kurta,images\23225.jpg,1970-01-01 00:00:00,,,
17010,Rocia Women Brown Heels,images\17010.jpg,1970-01-01 00:00:00,,,
18864,Puma Men Sports Division Black Sweatshirt,images\18864.jpg,1970-01-01 00:00:00,,,
34292,Fabindia Women Multi Coloured Chanderi Dupatta,images\34292.jpg,1970-01-01 00:00:00,,,
6447,Lotto Women's Cross Color Black Pink Flip Flop,images\6447.jpg,1970-01-01 00:00:00,,,
7595,Nike Women Ten Blue White Shoe,images\7595.jpg,1970-01-01 00:00:00,,,
3909,Urban Yoga Women Yoga Red Capri,images\3909.jpg,1970-01-01 00:00:00,,,
51605,Kraus Jeans Women Black Trousers,images\51605.jpg,1970-01-01 00:00:00,,,
13682,ADIDAS Women Duramo 3 Sports Shoes,images\13682.jpg,1970-01-01 00:00:00,,,
54145,Rocia Women Brown Flats,images\54145.jpg,1970-01-01 00:00:00,,,
3307,Asics Men's Gel Phoenix 3 Black Silver Shoe,images\3307.jpg,1970-01-01 00:00:00,,,
42020,ADIDAS Men Brown Mudslide Shoes,images\42020.jpg,1970-01-01 00:00:00,,,
55097,Pond's Gold Radiance Precious Youth Serum,images\55097.jpg,1970-01-01 00:00:00,,,
12750,Nike Unisex Swoosh Black Backpacks,images\12750.jpg,1970-01-01 00:00:00,,,
47552,Portia Women Brown Heels,images\47552.jpg,1970-01-01 00:00:00,,,
54979,Femella Women White Printed Shirt,images\54979.jpg,1970-01-01 00:00:00,,,
6675,Nike Men's Free White Grey Shoe,images\6675.jpg,1970-01-01 00:00:00,,,
17222,United Colors of Benetton Men Funky Eyewear Blue Sunglasses,images\17222.jpg,1970-01-01 00:00:00,,,
51437,Myntra Women Multi Coloured Printed Top,images\51437.jpg,1970-01-01 00:00:00,,,
35172,Wildcraft Unisex Cruiser Red Backpack,images\35172.jpg,1970-01-01 00:00:00,,,
46480,Timex Women Steel Watch,images\46480.jpg,1970-01-01 00:00:00,,,
45205,CASIO ENTICER Women Black Dial Analogue Watch A660,images\45205.jpg,1970-01-01 00:00:00,,,
4122,Puma Unisex Lo Punk Black Yellow Shoe,images\4122.jpg,1970-01-01 00:00:00,,,
21740,Vans Unisex Authentic Lo Pro Brown Casual Shoes,images\21740.jpg,1970-01-01 00:00:00,,,
15575,Chhota Bheem Kids Boys Best Friends Group TShirt,images\15575.jpg,1970-01-01 00:00:00,,,
53360,Puma Woman Pink Big Cat Wallet,images\53360.jpg,1970-01-01 00:00:00,,,
37625,Madagascar3 Boys White Printed T-Shirt,images\37625.jpg,1970-01-01 00:00:00,,,
56612,Streetwear True Color Claret Tint Blusher,images\56612.jpg,1970-01-01 00:00:00,,,
32357,Q&Q Men Black Dial Watch,images\32357.jpg,1970-01-01 00:00:00,,,
33285,Arrow Sport Men Striped Blue Polo T-shirt,images\33285.jpg,1970-01-01 00:00:00,,,
40777,Quiksilver Men White Flip Flops,images\40777.jpg,1970-01-01 00:00:00,,,
10007,Nike Women As Trophy Swo White T-Shirts,images\10007.jpg,1970-01-01 00:00:00,,,
21586,Locomotive Men Washed Grey Jeans,images\21586.jpg,1970-01-01 00:00:00,,,
52074,Myntra Men Yellow & Blue T-shirt,images\52074.jpg,1970-01-01 00:00:00,,,
14661,Basics Men Navy Slim Fit Checked Shirt,images\14661.jpg,1970-01-01 00:00:00,,,
20454,Baggit Women Poppins Doko Teal Blue Belt,images\20454.jpg,1970-01-01 00:00:00,,,
32191,ADIDAS Men Phantom Blue Sports Shoes,images\32191.jpg,1970-01-01 00:00:00,,,
52848,Adrika Women Green Earrings,images\52848.jpg,1970-01-01 00:00:00,,,
39579,Catwalk Women Multi Colour Flats,images\39579.jpg,1970-01-01 00:00:00,,,
25126,Lino Perros Women Black Clutch,images\25126.jpg,1970-01-01 00:00:00,,,
57506,Lee Cooper Men Brown Sandals,images\57506.jpg,1970-01-01 00:00:00,,,
33043,Mother Earth Women Printed Blue Kurta,images\33043.jpg,1970-01-01 00:00:00,,,
43334,Murcia Women Maroon Handbag,images\43334.jpg,1970-01-01 00:00:00,,,
27671,Murcia Women Pink Handbag,images\27671.jpg,1970-01-01 00:00:00,,,
54383,Baggit Women Green Wallet,images\54383.jpg,1970-01-01 00:00:00,,,
13444,United Colors of Benetton Women Printed Yellow Tops,images\13444.jpg,1970-01-01 00:00:00,,,
55251,Lakme Absolute Moonlit Highlighter Face Brightener 9G,images\55251.jpg,1970-01-01 00:00:00,,,
31714,Fabindia Women Anusuya Silver Earrings,images\31714.jpg,1970-01-01 00:00:00,,,
8529,Nike Men Nike Lunarfly+  2 Navy Blue Sports Shoes,images\8529.jpg,1970-01-01 00:00:00,,,
28639,Nike Men White T-shirt,images\28639.jpg,1970-01-01 00:00:00,,,
50723,Doodle Girls Blue Printed Dress,images\50723.jpg,1970-01-01 00:00:00,,,
47794,Murcia Women Brown Handbag,images\47794.jpg,1970-01-01 00:00:00,,,
34266,Fabindia Women Brown Silk Dupatta,images\34266.jpg,1970-01-01 00:00:00,,,
18890,Arrow Woman Tyra Purple Shirt,images\18890.jpg,1970-01-01 00:00:00,,,
7561,Nike Men's As Spher White T-shirt,images\7561.jpg,1970-01-01 00:00:00,,,
19942,Nike Unisex Casual Black Duffle Bag,images\19942.jpg,1970-01-01 00:00:00,,,
46646,Rasasi Men Deserve Deo,images\46646.jpg,1970-01-01 00:00:00,,,
16136,Tokyo Talkies Women Printed Blue Top,images\16136.jpg,1970-01-01 00:00:00,,,
27443,Jockey Women Pink T-Shirt,images\27443.jpg,1970-01-01 00:00:00,,,
13676,ADIDAS Men Titan Sports Shoes,images\13676.jpg,1970-01-01 00:00:00,,,
43106,Reebok Men Reespark Deo,images\43106.jpg,1970-01-01 00:00:00,,,
2221,ADIDAS Classic Blue White Backpack,images\2221.jpg,1970-01-01 00:00:00,,,
55063,Lakme Enrich Satins Lipstick 421,images\55063.jpg,1970-01-01 00:00:00,,,
26591,Puma Men Aqua Cat II Power Red Flip Flops,images\26591.jpg,1970-01-01 00:00:00,,,
6681,Nike Women's Izanami White Blue Shoe,images\6681.jpg,1970-01-01 00:00:00,,,
34054,Palm Tree Boys Washed Blue 3/4 Length Pants,images\34054.jpg,1970-01-01 00:00:00,,,
22131,Provogue Men Black Formal Shoes,images\22131.jpg,1970-01-01 00:00:00,,,
7753,Fila Men's Victory Black Shoe,images\7753.jpg,1970-01-01 00:00:00,,,
35186,Wildcraft Unisex Grey & Black Backpack,images\35186.jpg,1970-01-01 00:00:00,,,
46474,Timex Men Black Dial Watch L506,images\46474.jpg,1970-01-01 00:00:00,,,
36703,Yves Saint Laurent Men Body Kouros Perfume,images\36703.jpg,1970-01-01 00:00:00,,,
15581,Proline Men Purple Polo T-shirt,images\15581.jpg,1970-01-01 00:00:00,,,
14453,Enroute Women Casual Black Flats,images\14453.jpg,1970-01-01 00:00:00,,,
53394,Alma Women Blue and Sea Green Printed Kurta,images\53394.jpg,1970-01-01 00:00:00,,,
20666,Classic Polo Men Striped Grey Tshirt,images\20666.jpg,1970-01-01 00:00:00,,,
5004,Gini and Jony Girl's Delma Blue Kidswear,images\5004.jpg,1970-01-01 00:00:00,,,
25314,Casio Youth Series Men Digital Watch AE-1100W-1BVDF(D086),images\25314.jpg,1970-01-01 00:00:00,,,
11121,Puma Women Minicats Knit Blue Cap,images\11121.jpg,1970-01-01 00:00:00,,,
33271,Gini and Jony Girls Red Skirt,images\33271.jpg,1970-01-01 00:00:00,,,
40783,Quiksilver Men Black Flip Flops,images\40783.jpg,1970-01-01 00:00:00,,,
5838,ADIDAS Men's Graphic White T-shirt,images\5838.jpg,1970-01-01 00:00:00,,,
57734,Lotus Herbals Fruity Fusion Lip Balm,images\57734.jpg,1970-01-01 00:00:00,,,
31142,John Miller Men Check Orange Shirt,images\31142.jpg,1970-01-01 00:00:00,,,
3797,Converse Men Black & Red Shoes,images\3797.jpg,1970-01-01 00:00:00,,,
29981,Aspen Women Blue Dial Watch,images\29981.jpg,1970-01-01 00:00:00,,,
19728,United Colors of Benetton Women Solid Purple Shirt,images\19728.jpg,1970-01-01 00:00:00,,,
55407,Revlon ColorStay Overtime Relentless Raisin Lip Gloss 270,images\55407.jpg,1970-01-01 00:00:00,,,
27027,Jealous 21 Women Blue Shorts,images\27027.jpg,1970-01-01 00:00:00,,,
13212,ASICS Women Gel Spree Running Grey Sports Shoes,images\13212.jpg,1970-01-01 00:00:00,,,
28853,Proline Men Purple T-shirt,images\28853.jpg,1970-01-01 00:00:00,,,
43562,Puma Men White Pack of 3 Socks,images\43562.jpg,1970-01-01 00:00:00,,,
50949,Lee Women Navy Blue Roxy Fit Jeans,images\50949.jpg,1970-01-01 00:00:00,,,
30090,Ed Hardy Men Silver Dial Watch,images\30090.jpg,1970-01-01 00:00:00,,,
2645,Murcia Women Big Canvas Tote Bag,images\2645.jpg,1970-01-01 00:00:00,,,
16760,Spice Art Women Leatherette  Black Handbags,images\16760.jpg,1970-01-01 00:00:00,,,
49864,Q&Q Kids Unisex Purple Digital Watch,images\49864.jpg,1970-01-01 00:00:00,,,
22555,Reebok Men Reespeed Deo,images\22555.jpg,1970-01-01 00:00:00,,,
46010,Fabindia Maroon Printed Saree,images\46010.jpg,1970-01-01 00:00:00,,,
34430,Myntra Women Face Blue T-shirt,images\34430.jpg,1970-01-01 00:00:00,,,
23487,Arrow Men Grey Scarf,images\23487.jpg,1970-01-01 00:00:00,,,
50175,Rocia Women Black & Brown Flats,images\50175.jpg,1970-01-01 00:00:00,,,
58318,Jockey LCESCBRA Men White Pack of 3 Socks 2004,images\58318.jpg,1970-01-01 00:00:00,,,
14037,Flying Machine Men Check Blue Shirts,images\14037.jpg,1970-01-01 00:00:00,,,
20202,Wrangler Men Glow Grey Sweatshirt,images\20202.jpg,1970-01-01 00:00:00,,,
5460,Nike Women's Double Team Lite Black Shoe,images\5460.jpg,1970-01-01 00:00:00,,,
44747,Globalite Men Black Sparta Shoes,images\44747.jpg,1970-01-01 00:00:00,,,
36367,Reid & Taylor Men Red Tie,images\36367.jpg,1970-01-01 00:00:00,,,
52622,Mod-acc Women Purple Handbag,images\52622.jpg,1970-01-01 00:00:00,,,
57350,Amante Black T-Shirt Bra BGSB01,images\57350.jpg,1970-01-01 00:00:00,,,
10497,Flying Machine Women RN HS White Tshirts,images\10497.jpg,1970-01-01 00:00:00,,,
25770,Lino Perros Men Black Suspenders,images\25770.jpg,1970-01-01 00:00:00,,,
11545,W Women Printed Green Kurtas,images\11545.jpg,1970-01-01 00:00:00,,,
56282,Biara Black Everyday Support Bra,images\56282.jpg,1970-01-01 00:00:00,,,
37087,Lino Perros Women Brown Mobile Pouch,images\37087.jpg,1970-01-01 00:00:00,,,
20030,United Colors of Benetton Men Solid Blue Shirt,images\20030.jpg,1970-01-01 00:00:00,,,
39921,Tortoise Unisex Brown Leather Duffel Bag,images\39921.jpg,1970-01-01 00:00:00,,,
52410,Red Rose Women Black Nightdress,images\52410.jpg,1970-01-01 00:00:00,,,
4780,ADIDAS Women's Balance Pink T-shirt,images\4780.jpg,1970-01-01 00:00:00,,,
57162,Elle Women Teal T-shirt,images\57162.jpg,1970-01-01 00:00:00,,,
58916,Hakashi Men Black Silk Tie,images\58916.jpg,1970-01-01 00:00:00,,,
33427,Baggit Women Modishx Enzyme Blue Sling Bag,images\33427.jpg,1970-01-01 00:00:00,,,
41007,Gini and Jony Girls Woven Navy Blue Shorts,images\41007.jpg,1970-01-01 00:00:00,,,
25542,Wrangler Women Striper Tank Yellow Top,images\25542.jpg,1970-01-01 00:00:00,,,
11777,Lee Men Printed Red Tshirts,images\11777.jpg,1970-01-01 00:00:00,,,
7939,Puma Men's Graphic Optic Black Silver T-shirt,images\7939.jpg,1970-01-01 00:00:00,,,
55635,Catwalk Women Gold Heels,images\55635.jpg,1970-01-01 00:00:00,,,
42682,Alma Women Cream & Blue Kurta,images\42682.jpg,1970-01-01 00:00:00,,,
2477,Nike Men's LunarFly Blue Shoe,images\2477.jpg,1970-01-01 00:00:00,,,
27215,Doodle Kids Boy Striped Blue Shorts,images\27215.jpg,1970-01-01 00:00:00,,,
7105,Wildcraft Unisex Green Backpack,images\7105.jpg,1970-01-01 00:00:00,,,
16552,Basics Men Grey Printed Polo T-shirt,images\16552.jpg,1970-01-01 00:00:00,,,
8971,Puma Men Drift Cat III CF Black Sports Shoes,images\8971.jpg,1970-01-01 00:00:00,,,
22767,BIBA Women Solid Green Kurta,images\22767.jpg,1970-01-01 00:00:00,,,
50347,Aurelia Women Red Kurta,images\50347.jpg,1970-01-01 00:00:00,,,
34602,Hanes Men Brown Boxer Brief,images\34602.jpg,1970-01-01 00:00:00,,,
59665,FNF Pink & Yellow Printed Evening Wear Sari,images\59665.jpg,1970-01-01 00:00:00,,,
14498,Flying Machine Men Casual Black Casual Shoes,images\14498.jpg,1970-01-01 00:00:00,,,
10804,Wrangler Men Rider Solid White Shirts,images\10804.jpg,1970-01-01 00:00:00,,,
4921,Gini and Jony Girl's Viona Pack of 3 Tee Kidswear,images\4921.jpg,1970-01-01 00:00:00,,,
32368,Q&Q Men Black Dial Watch,images\32368.jpg,1970-01-01 00:00:00,,,
39780,Peter England Men Yellow Casual Shirts,images\39780.jpg,1970-01-01 00:00:00,,,
40748,Roxy Women Pink Flip Flops,images\40748.jpg,1970-01-01 00:00:00,,,
38652,Nike Women Double Team Lite Black Shoes,images\38652.jpg,1970-01-01 00:00:00,,,
18255,Aneri Women Multi Coloured Kurta,images\18255.jpg,1970-01-01 00:00:00,,,
27488,Jockey Women Red Bikini Briefs,images\27488.jpg,1970-01-01 00:00:00,,,
9602,Scullers Men Scul White & Red Shirt,images\9602.jpg,1970-01-01 00:00:00,,,
23814,Puma Men Neo Low Black Casual Shoes,images\23814.jpg,1970-01-01 00:00:00,,,
48525,French Connection Women White & Blue  Striped Dress,images\48525.jpg,1970-01-01 00:00:00,,,
3338,ADIDAS Men's Mumbai Indians White Polo T-shirt,images\3338.jpg,1970-01-01 00:00:00,,,
35971,Flying Machine Men Tee Black T-shirt,images\35971.jpg,1970-01-01 00:00:00,,,
19387,ADIDAS Men Dumont Beige Sports Shoes,images\19387.jpg,1970-01-01 00:00:00,,,
54946,Do u speak green Men Cream T-shirt,images\54946.jpg,1970-01-01 00:00:00,,,
23028,Arrow Men Blue Striped Shirt,images\23028.jpg,1970-01-01 00:00:00,,,
42823,Little Miss Intimates Women Grey Brief,images\42823.jpg,1970-01-01 00:00:00,,,
51408,Myntra Men Blue and White Check Shirt,images\51408.jpg,1970-01-01 00:00:00,,,
55894,Colorbar Blue Lagoon Nail Lacquer 05,images\55894.jpg,1970-01-01 00:00:00,,,
7798,Proline Men White Polo T-shirt,images\7798.jpg,1970-01-01 00:00:00,,,
9430,Lee Cooper Men Nnado Black Formal Shoes,images\9430.jpg,1970-01-01 00:00:00,,,
17813,Lee Cooper Men  Brown Casual Shoe,images\17813.jpg,1970-01-01 00:00:00,,,
48717,Lucera Women Silver Earrings,images\48717.jpg,1970-01-01 00:00:00,,,
6478,ADIDAS Men Top Grey Jacket,images\6478.jpg,1970-01-01 00:00:00,,,
19989,United Colors of Benetton Women Printed White T-shirt,images\19989.jpg,1970-01-01 00:00:00,,,
3936,Jealous 21 Women's Black Miss T-shirt,images\3936.jpg,1970-01-01 00:00:00,,,
15778,Facit Men Mid- Rise BF Grey Briefs,images\15778.jpg,1970-01-01 00:00:00,,,
59457,Lucera Silver Ring,images\59457.jpg,1970-01-01 00:00:00,,,
45008,Maxima Men Digital Multifunction Watch,images\45008.jpg,1970-01-01 00:00:00,,,
37428,Murcia Women Red Handbag,images\37428.jpg,1970-01-01 00:00:00,,,
52883,FNF Printed Blue Sari,images\52883.jpg,1970-01-01 00:00:00,,,
45834,Vishudh Women Red Kurta,images\45834.jpg,1970-01-01 00:00:00,,,
33088,Catwalk Women Gold Flats,images\33088.jpg,1970-01-01 00:00:00,,,
38460,Baggit Women Green Pinto Checksy Mobile Pouch,images\38460.jpg,1970-01-01 00:00:00,,,
12139,Aurelia Women Solid Purple Kurtas,images\12139.jpg,1970-01-01 00:00:00,,,
42649,Alma Women Black Kurta,images\42649.jpg,1970-01-01 00:00:00,,,
8186,Locomotive Men Check Lai Grey Shirts,images\8186.jpg,1970-01-01 00:00:00,,,
9054,ADIDAS Women Duramo 3 White Sports Shoes,images\9054.jpg,1970-01-01 00:00:00,,,
30269,Speedo Men Sheet Sunglasses,images\30269.jpg,1970-01-01 00:00:00,,,
48373,French Connection Men White & Purple Check Shirt,images\48373.jpg,1970-01-01 00:00:00,,,
18403,Skechers Men Tone-Ups Black Shoe,images\18403.jpg,1970-01-01 00:00:00,,,
6820,Timberland Women's Estela Umbrella Green Flip Flop,images\6820.jpg,1970-01-01 00:00:00,,,
12905,Puma Women Casual Purple Casual Shoes,images\12905.jpg,1970-01-01 00:00:00,,,
9868,Status Quo Men Navy Blue Polo Tshirts,images\9868.jpg,1970-01-01 00:00:00,,,
28296,Fastrack Men Sunglasses,images\28296.jpg,1970-01-01 00:00:00,,,
57995,Latin Quarters Women & White Black Dress,images\57995.jpg,1970-01-01 00:00:00,,,
5699,Skechers Men's Striking Black Shoe,images\5699.jpg,1970-01-01 00:00:00,,,
40922,Gini and Jony Boys Rodeo Blue Jacket,images\40922.jpg,1970-01-01 00:00:00,,,
38838,Latin Quarters Women Pink & Black Printed Dress,images\38838.jpg,1970-01-01 00:00:00,,,
59033,Carlton London Women Black Heels,images\59033.jpg,1970-01-01 00:00:00,,,
21129,s.Oliver Women Printed Red Top,images\21129.jpg,1970-01-01 00:00:00,,,
56847,John Players Men Blue Jeans,images\56847.jpg,1970-01-01 00:00:00,,,
37870,Hidekraft Men Black Wallet,images\37870.jpg,1970-01-01 00:00:00,,,
38004,Q&Q Women Blue Watch,images\38004.jpg,1970-01-01 00:00:00,,,
21915,Biba Women Orange & Purple Printed Churidar Kurta with Dupatta,images\21915.jpg,1970-01-01 00:00:00,,,
25589,Vishudh Women Green Churidar Kurta with Dupatta,images\25589.jpg,1970-01-01 00:00:00,,,
4579,Nike Women Zoo Blue Shoe,images\4579.jpg,1970-01-01 00:00:00,,,
38236,Polaroid Unisex Sunglasses,images\38236.jpg,1970-01-01 00:00:00,,,
24669,Converse Men Red Casual Shoes,images\24669.jpg,1970-01-01 00:00:00,,,
56249,SDL by Sweet Dreams Men White Pyjama Set,images\56249.jpg,1970-01-01 00:00:00,,,
15912,Black Coffee Men Stripes Blue Shirt,images\15912.jpg,1970-01-01 00:00:00,,,
49093,Deborah 24 Ore Lip Liner 220,images\49093.jpg,1970-01-01 00:00:00,,,
31189,Cabarelli Men Brown Wallet,images\31189.jpg,1970-01-01 00:00:00,,,
18631,Puma Men GP Speed Navy Blue Tshirts,images\18631.jpg,1970-01-01 00:00:00,,,
9266,Scullers Men Scul Blue Shirts,images\9266.jpg,1970-01-01 00:00:00,,,
50982,Enamor Women Maroon Robe,images\50982.jpg,1970-01-01 00:00:00,,,
28898,Enamor Women Red Brief,images\28898.jpg,1970-01-01 00:00:00,,,
48141,Fossil Women Brown Wallet,images\48141.jpg,1970-01-01 00:00:00,,,
29176,United Colors of Benetton Boys Khaki Shorts,images\29176.jpg,1970-01-01 00:00:00,,,
26902,Jealous 21 Women Printed Lavender Top,images\26902.jpg,1970-01-01 00:00:00,,,
35529,Enroute Teens Orange Sandals,images\35529.jpg,1970-01-01 00:00:00,,,
47109,Marvel Boys White Shoes,images\47109.jpg,1970-01-01 00:00:00,,,
17679,Catwalk Women Buckel Pink Flats,images\17679.jpg,1970-01-01 00:00:00,,,
30867,Fabindia Women Blue Kurta,images\30867.jpg,1970-01-01 00:00:00,,,
7906,Proline Men Black & Navy Striped Polo T-shirt,images\7906.jpg,1970-01-01 00:00:00,,,
19525,United Colors of Benetton Men Check Grey Sweater,images\19525.jpg,1970-01-01 00:00:00,,,
8172,Catwalk Women Slim Casual Beige Wedges,images\8172.jpg,1970-01-01 00:00:00,,,
48387,French Connection Men Blue Jeans,images\48387.jpg,1970-01-01 00:00:00,,,
22758,BIBA Women Printed Blue Kurta,images\22758.jpg,1970-01-01 00:00:00,,,
50378,Vishudh Women Red & White Salwar and Dupatta,images\50378.jpg,1970-01-01 00:00:00,,,
28262,18+ Men Thrill Deo,images\28262.jpg,1970-01-01 00:00:00,,,
57961,Prafful Women Black & Grren Sari,images\57961.jpg,1970-01-01 00:00:00,,,
58115,Rreverie Women Silver Pendant,images\58115.jpg,1970-01-01 00:00:00,,,
37884,Happy Socks Unisex Black Socks,images\37884.jpg,1970-01-01 00:00:00,,,
20833,Clarks Men Black Formal Shoes,images\20833.jpg,1970-01-01 00:00:00,,,
39122,Aneri Women Blue Leggings,images\39122.jpg,1970-01-01 00:00:00,,,
41038,Nautica Men Brown Dial Watch,images\41038.jpg,1970-01-01 00:00:00,,,
58327,Lotto Women Lavender Flip Flops,images\58327.jpg,1970-01-01 00:00:00,,,
14008,Nike Men Printed White Tshirts,images\14008.jpg,1970-01-01 00:00:00,,,
44778,Lotto Men Grey Skateboard Shoes,images\44778.jpg,1970-01-01 00:00:00,,,
36358,Reid & Taylor Men Red Tie,images\36358.jpg,1970-01-01 00:00:00,,,
14834,United Colors of Benetton Men Solid Black Belts,images\14834.jpg,1970-01-01 00:00:00,,,
39310,Red Chief Men Khaki Casual Shoes,images\39310.jpg,1970-01-01 00:00:00,,,
49067,Lino Perros Women Olive Handbag,images\49067.jpg,1970-01-01 00:00:00,,,
8340,Doodle Boy's Volleyball Champion Black White Kidswear,images\8340.jpg,1970-01-01 00:00:00,,,
46813,Gini and Jony Girls Pink Skirt,images\46813.jpg,1970-01-01 00:00:00,,,
19717,United Colors of Benetton Men Check Blue Shirt,images\19717.jpg,1970-01-01 00:00:00,,,
55438,Revlon Mauve Colorburst Lipstick 005,images\55438.jpg,1970-01-01 00:00:00,,,
27018,Jealous 21 Women Washed Blue Jeans,images\27018.jpg,1970-01-01 00:00:00,,,
50976,Enamor Petal Pink Bra,images\50976.jpg,1970-01-01 00:00:00,,,
29182,United Colors of Benetton Women White Tunics,images\29182.jpg,1970-01-01 00:00:00,,,
31941,Nike Women Air Rift Grey Shoes,images\31941.jpg,1970-01-01 00:00:00,,,
7308,UCB Women's Sleeveless Light Blue Top,images\7308.jpg,1970-01-01 00:00:00,,,
30893,Fabindia Women Printed White & Blue Patiala,images\30893.jpg,1970-01-01 00:00:00,,,
28050,Jockey ELANCE Men Charcoal Pack of 2 Briefs 1009,images\28050.jpg,1970-01-01 00:00:00,,,
48989,Lucera Women Silver Ring,images\48989.jpg,1970-01-01 00:00:00,,,
11922,Franco Leone Men Formal Black Formal Shoes,images\11922.jpg,1970-01-01 00:00:00,,,
59691,Avirate Purple Bra,images\59691.jpg,1970-01-01 00:00:00,,,
58743,Puma Men Olive T-shirt,images\58743.jpg,1970-01-01 00:00:00,,,
5807,ADIDAS Women's Tunic Blue T-shirt,images\5807.jpg,1970-01-01 00:00:00,,,
13649,ADIDAS Black Hydroterra Shandal Casual Shoes,images\13649.jpg,1970-01-01 00:00:00,,,
34857,Vans Men Classic Slip-On Black Shoes,images\34857.jpg,1970-01-01 00:00:00,,,
22932,Fastrack Unisex Black Dial Watch 9912PP13,images\22932.jpg,1970-01-01 00:00:00,,,
8724,Indigo Nation Men Checks Red Shirts,images\8724.jpg,1970-01-01 00:00:00,,,
35985,Flying Machine Women Poppy Red T-shirt,images\35985.jpg,1970-01-01 00:00:00,,,
47599,Portia Women Black Flats,images\47599.jpg,1970-01-01 00:00:00,,,
28434,DKNY Women White Dial Watch NY8299,images\28434.jpg,1970-01-01 00:00:00,,,
55860,Colorbar Pro Dazzling Mauve Nail Lacquer 008,images\55860.jpg,1970-01-01 00:00:00,,,
19141,Lotto Men Revorb Black Sandals,images\19141.jpg,1970-01-01 00:00:00,,,
49631,Mineral Cream Dress,images\49631.jpg,1970-01-01 00:00:00,,,
8516,Nike Unisex Ultimatum Max Black Backpacks,images\8516.jpg,1970-01-01 00:00:00,,,
28606,Nike Men Air Twilight Black Shoes,images\28606.jpg,1970-01-01 00:00:00,,,
34259,Proline Men Grey Tracksuit,images\34259.jpg,1970-01-01 00:00:00,,,
46679,Rasasi Women Pack of 3 Perfumes,images\46679.jpg,1970-01-01 00:00:00,,,
16109,M tv Men My Fab Eyewear Brown Sunglasses,images\16109.jpg,1970-01-01 00:00:00,,,
25925,Femella Women Purple T-Shirt,images\25925.jpg,1970-01-01 00:00:00,,,
5209,Superman Men's Job Round Neck White T-shirt,images\5209.jpg,1970-01-01 00:00:00,,,
33840,Puma Men Hypermoto Ducati Black Shoes,images\33840.jpg,1970-01-01 00:00:00,,,
58571,Puma Men Black Shorts,images\58571.jpg,1970-01-01 00:00:00,,,
52877,FNF Multi Coloured Sari,images\52877.jpg,1970-01-01 00:00:00,,,
39546,Numero Uno Men Yellow Flip Flops,images\39546.jpg,1970-01-01 00:00:00,,,
25119,Lino Perros Women Gems Black Clutch,images\25119.jpg,1970-01-01 00:00:00,,,
44912,Puma Men Black Track Pants,images\44912.jpg,1970-01-01 00:00:00,,,
57539,Flying Machine Men Olive Belt,images\57539.jpg,1970-01-01 00:00:00,,,
38494,Gini and Jony Boys United Green T-shirt,images\38494.jpg,1970-01-01 00:00:00,,,
20037,United Colors Of Benetton Women Black Tights,images\20037.jpg,1970-01-01 00:00:00,,,
44572,Coolers Men Black Sports Sandals,images\44572.jpg,1970-01-01 00:00:00,,,
37080,Lino Perros Women Blue Handbag,images\37080.jpg,1970-01-01 00:00:00,,,
57959,Prafful Turquoise Blue Printed Sari,images\57959.jpg,1970-01-01 00:00:00,,,
4787,ADIDAS Men's Bas Esx Black Short,images\4787.jpg,1970-01-01 00:00:00,,,
52417,Red Rose Women Red Pyjama Set,images\52417.jpg,1970-01-01 00:00:00,,,
39926,Tortoise Unisex Brown Laptop Bag,images\39926.jpg,1970-01-01 00:00:00,,,
58911,Hakashi Men Grey Silk Tie,images\58911.jpg,1970-01-01 00:00:00,,,
24497,Mother Earth Women Black Printed Kurta,images\24497.jpg,1970-01-01 00:00:00,,,
57165,Elle Women Magenta Clash Top,images\57165.jpg,1970-01-01 00:00:00,,,
11770,Lee Men Printed Blue Tshirts,images\11770.jpg,1970-01-01 00:00:00,,,
41000,Gini and Jony Girls Woven Blue Shorts,images\41000.jpg,1970-01-01 00:00:00,,,
42685,Alma Women White Printed Kurta,images\42685.jpg,1970-01-01 00:00:00,,,
55632,Catwalk Women Black Flats,images\55632.jpg,1970-01-01 00:00:00,,,
13027,Inc 5 Women Casual Gold Flats,images\13027.jpg,1970-01-01 00:00:00,,,
27212,Doodle Kids Boy Striped Blue Shirt,images\27212.jpg,1970-01-01 00:00:00,,,
43757,Royal Diadem Set of 2 White Bangles,images\43757.jpg,1970-01-01 00:00:00,,,
22760,BIBA Women Solid Navy Blue Kurta,images\22760.jpg,1970-01-01 00:00:00,,,
16555,Basics Men Navy Printed Polo T-shirt,images\16555.jpg,1970-01-01 00:00:00,,,
8976,Puma Men SL Tech Lo SF White Sports Shoes,images\8976.jpg,1970-01-01 00:00:00,,,
7102,Wildcraft Unisex Orange & Grey Backpack,images\7102.jpg,1970-01-01 00:00:00,,,
34605,Hanes Men Black Boxer Brief,images\34605.jpg,1970-01-01 00:00:00,,,
50340,Aurelia Women Brown Printed Kurti,images\50340.jpg,1970-01-01 00:00:00,,,
55400,Revlon Grow Luscious Graphite Eye Liner,images\55400.jpg,1970-01-01 00:00:00,,,
3790,Converse Men's AS Canvas HI Black Shoe,images\3790.jpg,1970-01-01 00:00:00,,,
8378,Doodle Girl's Princess Lime Kidswear,images\8378.jpg,1970-01-01 00:00:00,,,
30097,Ed Hardy Men Black Dial Watch,images\30097.jpg,1970-01-01 00:00:00,,,
2642,Carlton London Men Semi Formal Black Shoe,images\2642.jpg,1970-01-01 00:00:00,,,
43565,Puma Unisex Black Echo Backpack,images\43565.jpg,1970-01-01 00:00:00,,,
28854,Proline Men Mauve T-shirt,images\28854.jpg,1970-01-01 00:00:00,,,
13215,ASICS Men Gel Enduro 7 Running Silver Sports Shoes,images\13215.jpg,1970-01-01 00:00:00,,,
27020,Jealous 21 Women Navy Blue Jeans,images\27020.jpg,1970-01-01 00:00:00,,,
46017,Fabindia Women Orange Printed Kurta,images\46017.jpg,1970-01-01 00:00:00,,,
7330,Red Tape Men Strappy Black Floater,images\7330.jpg,1970-01-01 00:00:00,,,
49863,Q&Q Kids Girls Pink Digital Watch,images\49863.jpg,1970-01-01 00:00:00,,,
16767,Spice Art Women Spacious Brown Handbag,images\16767.jpg,1970-01-01 00:00:00,,,
31979,Nike Men Lunarswift +3 Grey Sports Shoes,images\31979.jpg,1970-01-01 00:00:00,,,
50172,Rocia Women Multi- Coloured Shoes,images\50172.jpg,1970-01-01 00:00:00,,,
28068,Jockey ELANCE Men Navy Blue Elance Brief 1015,images\28068.jpg,1970-01-01 00:00:00,,,
23480,Arrow Men Grey Check Scarf,images\23480.jpg,1970-01-01 00:00:00,,,
44740,Globalite Men White Terra Shoes,images\44740.jpg,1970-01-01 00:00:00,,,
5467,Nike Men's Elite Black Shoe,images\5467.jpg,1970-01-01 00:00:00,,,
20205,Wrangler Men Flock Print Grey Sweatshirt,images\20205.jpg,1970-01-01 00:00:00,,,
14030,Nike Women Printed White Tshirts,images\14030.jpg,1970-01-01 00:00:00,,,
36360,Reid & Taylor Men Gold Tie,images\36360.jpg,1970-01-01 00:00:00,,,
45692,TOUS Women Leau Eau De Parfum 90 ml,images\45692.jpg,1970-01-01 00:00:00,,,
57357,Amante Black Printed Push-Up Bra BGSS01,images\57357.jpg,1970-01-01 00:00:00,,,
10490,Flying Machine Men HS Blue Shirts,images\10490.jpg,1970-01-01 00:00:00,,,
33612,Lino Perros Women Green Wallet,images\33612.jpg,1970-01-01 00:00:00,,,
39328,Gini and Jony Girls Green Shorts,images\39328.jpg,1970-01-01 00:00:00,,,
41232,Puma Men White Aquil Sports Shoes,images\41232.jpg,1970-01-01 00:00:00,,,
11542,W Women Printed  Beige Kurtas,images\11542.jpg,1970-01-01 00:00:00,,,
56285,Biara Women Black Bra,images\56285.jpg,1970-01-01 00:00:00,,,
25777,Arrow Men Brown Suspenders,images\25777.jpg,1970-01-01 00:00:00,,,
2226,ADIDAS Women Black Tracksuit,images\2226.jpg,1970-01-01 00:00:00,,,
43101,Reebok Men Reeplay Perfume & Deodorant Set,images\43101.jpg,1970-01-01 00:00:00,,,
18299,Aneri Women Zeenat Black Kurta,images\18299.jpg,1970-01-01 00:00:00,,,
13671,Levis Kids Blue Solid Jean,images\13671.jpg,1970-01-01 00:00:00,,,
27444,Jockey Women Black T-shirt,images\27444.jpg,1970-01-01 00:00:00,,,
26596,Puma Men Jago Ripstop Black Sports Shoes,images\26596.jpg,1970-01-01 00:00:00,,,
55064,Lakme Enrich Satins Lipstick 265,images\55064.jpg,1970-01-01 00:00:00,,,
50516,Chromozome Men Navy Blue Trunks,images\50516.jpg,1970-01-01 00:00:00,,,
6686,UCB Men's Big Ben Logo Red T-shirt,images\6686.jpg,1970-01-01 00:00:00,,,
34053,Gini and Jony Boys Yellow 3/4 Length Pants,images\34053.jpg,1970-01-01 00:00:00,,,
46473,Timex Men Sliver Dial Watch,images\46473.jpg,1970-01-01 00:00:00,,,
7754,Fila Men's Agony Black Red Shoe,images\7754.jpg,1970-01-01 00:00:00,,,
55858,Colorbar Pro Flirt Nail Lacquer 013,images\55858.jpg,1970-01-01 00:00:00,,,
35181,Wildcraft Unisex Blue Backpack,images\35181.jpg,1970-01-01 00:00:00,,,
22136,Provouge Men Black Formal Shoes,images\22136.jpg,1970-01-01 00:00:00,,,
16303,Peter England Men Check Navy Blue Shirt,images\16303.jpg,1970-01-01 00:00:00,,,
15586,Proline Men Green Printed Sweatshirt,images\15586.jpg,1970-01-01 00:00:00,,,
36704,Burberry London Men Special Edition Perfume,images\36704.jpg,1970-01-01 00:00:00,,,
5003,Gini and Jony Girl's Arella Blue Kidswear,images\5003.jpg,1970-01-01 00:00:00,,,
14454,Enroute Women Casual Taupe Casual Heels,images\14454.jpg,1970-01-01 00:00:00,,,
53393,Alma Women Printed Beige Kurta,images\53393.jpg,1970-01-01 00:00:00,,,
11126,Urban Yoga Women Solid Blue Track Pants,images\11126.jpg,1970-01-01 00:00:00,,,
25313,Casio Youth Series Men Digital Watch AE-1100W-1AVDF(D085),images\25313.jpg,1970-01-01 00:00:00,,,
57733,Lotus Herbals Cocoa Lip Balm,images\57733.jpg,1970-01-01 00:00:00,,,
40784,Quiksilver Men Blue Flip Flops,images\40784.jpg,1970-01-01 00:00:00,,,
36536,United Colors of Benetton Women Blue Sling Bag,images\36536.jpg,1970-01-01 00:00:00,,,
52073,Myntra Men Grey & Red T-shirt,images\52073.jpg,1970-01-01 00:00:00,,,
58549,Miami Blues Women Sunglasses,images\58549.jpg,1970-01-01 00:00:00,,,
14666,Basics Men Red Slim Fit Checked Shirt,images\14666.jpg,1970-01-01 00:00:00,,,
33878,Citizen Men Silver Dial Watch,images\33878.jpg,1970-01-01 00:00:00,,,
44116,Boss Men Made For Summer Perfume,images\44116.jpg,1970-01-01 00:00:00,,,
5231,Classic Polo Men's Cari Navy Polo T-shirt,images\5231.jpg,1970-01-01 00:00:00,,,
25121,Lino Perros Women Gem Ring Black Clutch,images\25121.jpg,1970-01-01 00:00:00,,,
32196,Fabindia Men Printed Blue Kurta,images\32196.jpg,1970-01-01 00:00:00,,,
33044,Mother Earth Women Printed Blue Kurta,images\33044.jpg,1970-01-01 00:00:00,,,
57501,Lee Cooper Men Light cocoa Sandals,images\57501.jpg,1970-01-01 00:00:00,,,
54384,Baggit Women Olive Green Handbag,images\54384.jpg,1970-01-01 00:00:00,,,
13443,United Colors of Benetton Women Solid White Tops,images\13443.jpg,1970-01-01 00:00:00,,,
2014,ADIDAS Men's Classic Yellow Polo T-shirt,images\2014.jpg,1970-01-01 00:00:00,,,
43333,Murcia Women Brown Handbag,images\43333.jpg,1970-01-01 00:00:00,,,
49609,Catwalk Women Brown Heels,images\49609.jpg,1970-01-01 00:00:00,,,
31713,Fabindia Women Anusuya Silver Earrings,images\31713.jpg,1970-01-01 00:00:00,,,
12591,Tantra Unisex Printed Blue Tshirts,images\12591.jpg,1970-01-01 00:00:00,,,
55256,Lakme Absolute Forever Silk Blacklast Eye Liner,images\55256.jpg,1970-01-01 00:00:00,,,
18897,Arrow Woman Solid Green Dress,images\18897.jpg,1970-01-01 00:00:00,,,
34261,Gini and Jony Boys Printed Red T-shirt,images\34261.jpg,1970-01-01 00:00:00,,,
50724,Doodle Girls Blue Washed Dress,images\50724.jpg,1970-01-01 00:00:00,,,
2828,Lee Cooper Men's LC Casual Denim Blue Shoe,images\2828.jpg,1970-01-01 00:00:00,,,
22304,Inc. 5 Women Casual Beige Heels,images\22304.jpg,1970-01-01 00:00:00,,,
16131,Tokyo Talkies Women Printed Red T-shirt,images\16131.jpg,1970-01-01 00:00:00,,,
46641,Rasasi Women Hope Deo,images\46641.jpg,1970-01-01 00:00:00,,,
7566,Nike Men's As Kobe Comic Black T-shirt,images\7566.jpg,1970-01-01 00:00:00,,,
19945,Nike Women Casual Purple Handbag,images\19945.jpg,1970-01-01 00:00:00,,,
13685,ADIDAS Men Dash Casual Shoes,images\13685.jpg,1970-01-01 00:00:00,,,
54142,Rocia Women Beige Sandals,images\54142.jpg,1970-01-01 00:00:00,,,
26562,Lee Cooper Men Brown Shoes,images\26562.jpg,1970-01-01 00:00:00,,,
55090,Pond's Flawless White Visible Lightening Daily Cream,images\55090.jpg,1970-01-01 00:00:00,,,
12757,Spykar Men Printed Blue T-Shirts,images\12757.jpg,1970-01-01 00:00:00,,,
42027,ADIDAS Women Sukoi Black Sports Shoes,images\42027.jpg,1970-01-01 00:00:00,,,
3300,Asics Men's Gel Cushioning Black Yellow Shoe,images\3300.jpg,1970-01-01 00:00:00,,,
17225,United Colors of Benetton Men Funky Eyewear Blue Sunglasses,images\17225.jpg,1970-01-01 00:00:00,,,
6672,Nike Women Dunk Skinny White Red Shoe,images\6672.jpg,1970-01-01 00:00:00,,,
47555,Portia Women White Heels,images\47555.jpg,1970-01-01 00:00:00,,,
46487,Timex Men Sliver Dial Chronograph Watch,images\46487.jpg,1970-01-01 00:00:00,,,
51430,Myntra Men Navy Blue & Orange Check Shirt,images\51430.jpg,1970-01-01 00:00:00,,,
15572,Chhota Bheem Kids Boys Warrior Bheem TShirt,images\15572.jpg,1970-01-01 00:00:00,,,
21747,Vans Unisex  Era Black Casual Shoes,images\21747.jpg,1970-01-01 00:00:00,,,
4125,Lotto Men Kochi Tuskers Authentic Orange Jersey,images\4125.jpg,1970-01-01 00:00:00,,,
45202,Casio Enticer Men Black Marine Sports Watch MTD-1069D-1AVDF(A657),images\45202.jpg,1970-01-01 00:00:00,,,
37622,Madagascar3 Boys Red Printed T-Shirt,images\37622.jpg,1970-01-01 00:00:00,,,
20695,Buckaroo Men Bello Blue Casual Shoes,images\20695.jpg,1970-01-01 00:00:00,,,
53367,Puma Unisex Pink Backpack,images\53367.jpg,1970-01-01 00:00:00,,,
32350,Q&Q Men Black Dial Watch,images\32350.jpg,1970-01-01 00:00:00,,,
56615,Streetwear Stay On Mineral Rose Swirl Blusher,images\56615.jpg,1970-01-01 00:00:00,,,
4919,Gini and Jony Girl's Veeya Pink Kidswear,images\4919.jpg,1970-01-01 00:00:00,,,
10000,Palm Tree Girls Sp Jace Sko White Skirts,images\10000.jpg,1970-01-01 00:00:00,,,
4317,Tantra Kid's Unisex Kya Boss Red Kidswear,images\4317.jpg,1970-01-01 00:00:00,,,
45030,Maxima Men Black Watch,images\45030.jpg,1970-01-01 00:00:00,,,
15740,Nike Women Air Relentless Grey Sports Shoes,images\15740.jpg,1970-01-01 00:00:00,,,
52087,Myntra Women Yellow T-shirt,images\52087.jpg,1970-01-01 00:00:00,,,
21575,Lino Perros Men Pack of Five Striped Socks,images\21575.jpg,1970-01-01 00:00:00,,,
37410,Murcia Women Envelope Green Handbag,images\37410.jpg,1970-01-01 00:00:00,,,
56427,Streetwear Groovy Baby Eye Shadow,images\56427.jpg,1970-01-01 00:00:00,,,
32162,Playboy Women Playmate Black Ankle Socks,images\32162.jpg,1970-01-01 00:00:00,,,
40542,Titan Women Gold Watch,images\40542.jpg,1970-01-01 00:00:00,,,
38458,Baggit Women Orange Sling Bag,images\38458.jpg,1970-01-01 00:00:00,,,
27682,Murcia Women Black Handbag,images\27682.jpg,1970-01-01 00:00:00,,,
9408,Fastrack Women Sunglasses,images\9408.jpg,1970-01-01 00:00:00,,,
30635,Nike Men Basic Crew Blue T-shirt,images\30635.jpg,1970-01-01 00:00:00,,,
42215,Sepia Women Teal Top,images\42215.jpg,1970-01-01 00:00:00,,,
3132,DUSG Men's Tadoba Organic Cotton Cappuccino T-shirt,images\3132.jpg,1970-01-01 00:00:00,,,
34295,Fabindia Orange Silk Dupatta,images\34295.jpg,1970-01-01 00:00:00,,,
18863,Puma Men Heritage Red Sweatshirt,images\18863.jpg,1970-01-01 00:00:00,,,
6440,Lotto Men's Calcetto Black Brown Shoe,images\6440.jpg,1970-01-01 00:00:00,,,
17017,Rocia Women Casual Brown Sandal,images\17017.jpg,1970-01-01 00:00:00,,,
23222,Aneri Women Freya Red Kurta,images\23222.jpg,1970-01-01 00:00:00,,,
51602,Wrangler Women Blue Molly Jeans,images\51602.jpg,1970-01-01 00:00:00,,,
7592,Nike Men's Dunk Low Blue Shoe,images\7592.jpg,1970-01-01 00:00:00,,,
53531,Amante Women Pink Bikini Briefs PCLR02,images\53531.jpg,1970-01-01 00:00:00,,,
44586,Lee Men Tino Blue Jeans,images\44586.jpg,1970-01-01 00:00:00,,,
37074,Lino Perros Women Black Handbag,images\37074.jpg,1970-01-01 00:00:00,,,
4773,ADIDAS Women 3S Blue Capri,images\4773.jpg,1970-01-01 00:00:00,,,
15324,Nike Men Printed White Sweatshirts,images\15324.jpg,1970-01-01 00:00:00,,,
21111,s.Oliver Women Check Purple Top,images\21111.jpg,1970-01-01 00:00:00,,,
40126,Gini and Jony Boys Boxer White Shorts,images\40126.jpg,1970-01-01 00:00:00,,,
24463,Numero Uno Men Brown Casual Shoes,images\24463.jpg,1970-01-01 00:00:00,,,
10656,Doodle Girl Little frock Pink Tops,images\10656.jpg,1970-01-01 00:00:00,,,
37848,Hidekraft Men Black Wallet,images\37848.jpg,1970-01-01 00:00:00,,,
57191,Elle Women White Top,images\57191.jpg,1970-01-01 00:00:00,,,
56043,Colorbar Keep Blushing Full Finish Longwear Lipstick 08,images\56043.jpg,1970-01-01 00:00:00,,,
11784,Lee Women Solid Black Tshirts,images\11784.jpg,1970-01-01 00:00:00,,,
32506,Franco Leone Men Brown Sandals,images\32506.jpg,1970-01-01 00:00:00,,,
49299,Arrow Women Pack Of 5 Socks,images\49299.jpg,1970-01-01 00:00:00,,,
42671,Alma Women Green Kurta,images\42671.jpg,1970-01-01 00:00:00,,,
3556,Skechers Men Dark Brown Lifestyle Shoe,images\3556.jpg,1970-01-01 00:00:00,,,
26334,DKNY Women Black Dial Watch NY4951,images\26334.jpg,1970-01-01 00:00:00,,,
12101,W Women Printed Pink Kurtas,images\12101.jpg,1970-01-01 00:00:00,,,
54714,Shree Women Charcoal Grey & Sea Green Printed Salwar Suit with Dupatta,images\54714.jpg,1970-01-01 00:00:00,,,
6818,Timberland Men's Grn Thng Red Flip Flop,images\6818.jpg,1970-01-01 00:00:00,,,
2484,Puma Women Spagetti White Top,images\2484.jpg,1970-01-01 00:00:00,,,
30251,Numero Uno Men Green Flip Flops,images\30251.jpg,1970-01-01 00:00:00,,,
22794,Manchester United Men Navy Blue Tshirt,images\22794.jpg,1970-01-01 00:00:00,,,
8982,Puma Men Evo Ducati Lo White Casual Shoes,images\8982.jpg,1970-01-01 00:00:00,,,
51266,Parx Men Black Belt,images\51266.jpg,1970-01-01 00:00:00,,,
6024,UCB Women's Boat Neck Chest Print Green T-shirt,images\6024.jpg,1970-01-01 00:00:00,,,
47303,Baggit Women Black Purse,images\47303.jpg,1970-01-01 00:00:00,,,
26106,John Miller Men Striped Purple Shirt,images\26106.jpg,1970-01-01 00:00:00,,,
12333,Spykar Women Ep Jeans Blue Jeans,images\12333.jpg,1970-01-01 00:00:00,,,
3764,Status Quo Men's London Icon Navy T-shirt,images\3764.jpg,1970-01-01 00:00:00,,,
30063,Ed Hardy Men Grey Watch,images\30063.jpg,1970-01-01 00:00:00,,,
48179,Fossil Women Green Handbag,images\48179.jpg,1970-01-01 00:00:00,,,
54526,F Sports Men White Zero Gravity Sports Shoes,images\54526.jpg,1970-01-01 00:00:00,,,
18609,Puma Men Polo Red Tshirt,images\18609.jpg,1970-01-01 00:00:00,,,
35511,Bata Men Lite Black Flip Flops,images\35511.jpg,1970-01-01 00:00:00,,,
49897,Q&Q Kids Girls White Dial Watch,images\49897.jpg,1970-01-01 00:00:00,,,
16793,Highlander Men Check Blue Shirt,images\16793.jpg,1970-01-01 00:00:00,,,
51054,Enamor Lavender Bra,images\51054.jpg,1970-01-01 00:00:00,,,
50186,Paridhan Women Orange Printed Handbag,images\50186.jpg,1970-01-01 00:00:00,,,
17641,Puma Unisex Cat White Headband,images\17641.jpg,1970-01-01 00:00:00,,,
23474,Lino Perros Men Grey Check Scarf,images\23474.jpg,1970-01-01 00:00:00,,,
48945,Revv Men Steel Ring,images\48945.jpg,1970-01-01 00:00:00,,,
6216,Lee Men's Printed Black T-shirt,images\6216.jpg,1970-01-01 00:00:00,,,
47131,Be For Bag Women Pink Bag,images\47131.jpg,1970-01-01 00:00:00,,,
37246,United Colors of Benetton Men Charcoal Shoes,images\37246.jpg,1970-01-01 00:00:00,,,
5493,Mr.Men Men's Cool Soft Grey T-shirt,images\5493.jpg,1970-01-01 00:00:00,,,
15116,Arrow Men TR Finish Grey Trousers,images\15116.jpg,1970-01-01 00:00:00,,,
59239,Titan Men White Watch,images\59239.jpg,1970-01-01 00:00:00,,,
21323,Louis Philippe Men Sunglasses LP045-C5,images\21323.jpg,1970-01-01 00:00:00,,,
36394,Reid & Taylor Men Reid & Taylor Blue Socks,images\36394.jpg,1970-01-01 00:00:00,,,
4541,Classic Polo Men's White T-shirt with Navy Stripes,images\4541.jpg,1970-01-01 00:00:00,,,
24651,Lino Perros Women Casual Handbag,images\24651.jpg,1970-01-01 00:00:00,,,
10464,Flying Machine Men Mauvemist Pink Tshirts,images\10464.jpg,1970-01-01 00:00:00,,,
40314,Warner Bros Kids Unisex White sandals,images\40314.jpg,1970-01-01 00:00:00,,,
56271,Biara Women Nude Bra,images\56271.jpg,1970-01-01 00:00:00,,,
25783,Arrow Men Black & Beige Suspenders,images\25783.jpg,1970-01-01 00:00:00,,,
27649,Superman Men Printed Blue T-shirt,images\27649.jpg,1970-01-01 00:00:00,,,
16932,Spykar Men Off White Polo Tshirt,images\16932.jpg,1970-01-01 00:00:00,,,
49636,Mineral Blue & White Skirt,images\49636.jpg,1970-01-01 00:00:00,,,
19146,United Colors of Benetton Men Solid Grey Sweatshirt,images\19146.jpg,1970-01-01 00:00:00,,,
55269,Lakme Absolute Shine Line Black Eye Liner,images\55269.jpg,1970-01-01 00:00:00,,,
2817,Lee Cooper Men's Casual Leather Black Shoe,images\2817.jpg,1970-01-01 00:00:00,,,
7559,Nike Men's Black Polo T-shirt,images\7559.jpg,1970-01-01 00:00:00,,,
25922,Femella Women Navy Blue T-shirt,images\25922.jpg,1970-01-01 00:00:00,,,
36509,United Colors of Benetton Women Brown Handbag,images\36509.jpg,1970-01-01 00:00:00,,,
58576,Puma Women Yellow T-shirt,images\58576.jpg,1970-01-01 00:00:00,,,
14659,Probase Men Solid LT.Khaki Trousers,images\14659.jpg,1970-01-01 00:00:00,,,
33847,Puma Men Future Cat White Shoes,images\33847.jpg,1970-01-01 00:00:00,,,
39541,Bwitch Maroon Bra,images\39541.jpg,1970-01-01 00:00:00,,,
38493,Gini and Jony Boys Core Blue T-shirt,images\38493.jpg,1970-01-01 00:00:00,,,
40589,Aurelia Women Printed White Kurta,images\40589.jpg,1970-01-01 00:00:00,,,
44915,Puma Men Blue T-shirt,images\44915.jpg,1970-01-01 00:00:00,,,
59696,Avirate Cream Brief,images\59696.jpg,1970-01-01 00:00:00,,,
11925,Skechers Women Tone Black Sandals,images\11925.jpg,1970-01-01 00:00:00,,,
58744,Puma Men Burgundy T-shirt,images\58744.jpg,1970-01-01 00:00:00,,,
41669,Catwalk Women Silver Heels,images\41669.jpg,1970-01-01 00:00:00,,,
39773,Peter England Men Navy Blue Casual Shirt,images\39773.jpg,1970-01-01 00:00:00,,,
11119,Indigo Nation Men Solid White Shirts,images\11119.jpg,1970-01-01 00:00:00,,,
5800,ADIDAS Men's Chat Black T-shirt,images\5800.jpg,1970-01-01 00:00:00,,,
33249,Arrow Men Blue Striped Shirt,images\33249.jpg,1970-01-01 00:00:00,,,
2219,ADIDAS Men's Black Shoe,images\2219.jpg,1970-01-01 00:00:00,,,
34850,ADIDAS Men Falcon Elite White Sports Shoes,images\34850.jpg,1970-01-01 00:00:00,,,
54189,Jockey MC Men Red Pack of 2 Briefs 8003,images\54189.jpg,1970-01-01 00:00:00,,,
35982,Flying Machine Women Grey T-shirt,images\35982.jpg,1970-01-01 00:00:00,,,
8723,Indigo Nation Men Striped Yellow Shirt,images\8723.jpg,1970-01-01 00:00:00,,,
22935,Fastrack Women Red Casual Watch,images\22935.jpg,1970-01-01 00:00:00,,,
28433,DKNY Women Beige Dial Watch NY8308,images\28433.jpg,1970-01-01 00:00:00,,,
55867,Colorbar Oh My Magenta 2 Nail Lacquer 85V,images\55867.jpg,1970-01-01 00:00:00,,,
22109,Reebok Men White Acciomax II Sports Shoes,images\22109.jpg,1970-01-01 00:00:00,,,
5458,Nike Men Training Knit Navy Blue Track Pant,images\5458.jpg,1970-01-01 00:00:00,,,
58320,Jockey LCESCBRA Men White Pack of 3 Socks 2004,images\58320.jpg,1970-01-01 00:00:00,,,
57368,Amante Women Brown Briefs PCLR02,images\57368.jpg,1970-01-01 00:00:00,,,
14833,United Colors of Benetton Men Solid Brown Belts,images\14833.jpg,1970-01-01 00:00:00,,,
39317,Gini and Jony Boys Printed White T-shirt,images\39317.jpg,1970-01-01 00:00:00,,,
25748,Lino Perros Men Leather Brown Belt,images\25748.jpg,1970-01-01 00:00:00,,,
46814,Gini and Jony Girls Pink Skirt,images\46814.jpg,1970-01-01 00:00:00,,,
49060,Flying Machine Men Black Shoes,images\49060.jpg,1970-01-01 00:00:00,,,
50971,Enamor White Classique Bra,images\50971.jpg,1970-01-01 00:00:00,,,
16758,Spice Art Women Double Handle Shimmer Handbags,images\16758.jpg,1970-01-01 00:00:00,,,
31946,Nike Men Avid Grey Shoes,images\31946.jpg,1970-01-01 00:00:00,,,
28057,Jockey ELANCE Men Black Pack of 2 Briefs 1010,images\28057.jpg,1970-01-01 00:00:00,,,
30894,Fabindia Women Printed White & Blue Patiala,images\30894.jpg,1970-01-01 00:00:00,,,
34408,Myntra Men Black Printed T-shirt,images\34408.jpg,1970-01-01 00:00:00,,,
8175,Catwalk Women Casual Brown Flats,images\8175.jpg,1970-01-01 00:00:00,,,
7901,Proline Men's Printed Chalk Cream Brown T-shirt,images\7901.jpg,1970-01-01 00:00:00,,,
19522,United Colors of Benetton Men Check Navy Blue Sweater,images\19522.jpg,1970-01-01 00:00:00,,,
13018,Inc 5 Women Casual Black Flats,images\13018.jpg,1970-01-01 00:00:00,,,
48380,French Connection Men Charcoal Trousers,images\48380.jpg,1970-01-01 00:00:00,,,
43768,Royal Diadem Black Earrings,images\43768.jpg,1970-01-01 00:00:00,,,
8949,Indigo Nation Men ID Printed Grey Trousers,images\8949.jpg,1970-01-01 00:00:00,,,
13824,Proline Men White & Maroon Colourblocked Beanie,images\13824.jpg,1970-01-01 00:00:00,,,
28265,Gatsby Men Classic Deo,images\28265.jpg,1970-01-01 00:00:00,,,
58112,Rreverie Dark Brown & Turquoise Earrings,images\58112.jpg,1970-01-01 00:00:00,,,
20008,United Colors of Benetton Men Printed Orange TShirt,images\20008.jpg,1970-01-01 00:00:00,,,
57966,Prafful Multi Coloured Sari,images\57966.jpg,1970-01-01 00:00:00,,,
52428,Red Rose Women Peach Nightdress,images\52428.jpg,1970-01-01 00:00:00,,,
37883,Happy Socks Unisex Multi Color Socks,images\37883.jpg,1970-01-01 00:00:00,,,
56088,Colorbar Star Shine Shock-o-Late Lip Gloss 04,images\56088.jpg,1970-01-01 00:00:00,,,
39125,Aneri Women Purple Leggings,images\39125.jpg,1970-01-01 00:00:00,,,
37279,Tantra Women Pink Curly Heart T-shirt,images\37279.jpg,1970-01-01 00:00:00,,,
15129,Arrow Sport Men Solid DK.Grey Trousers,images\15129.jpg,1970-01-01 00:00:00,,,
45659,Park Avenue Men White Innerwear Vest,images\45659.jpg,1970-01-01 00:00:00,,,
38231,Polaroid Women Sunglasses,images\38231.jpg,1970-01-01 00:00:00,,,
15915,Black Coffee Men Check Purple Slim Fit Shirt,images\15915.jpg,1970-01-01 00:00:00,,,
11589,W Women Printed Red Kurta,images\11589.jpg,1970-01-01 00:00:00,,,
26139,John Miller Men Grey Trousers,images\26139.jpg,1970-01-01 00:00:00,,,
51857,Highlander Men  Blue & Beige Check  Shirt,images\51857.jpg,1970-01-01 00:00:00,,,
49094,Deborah Kajal 119,images\49094.jpg,1970-01-01 00:00:00,,,
48146,Fossil Women Black and Brown Wallet,images\48146.jpg,1970-01-01 00:00:00,,,
2689,Inkfruit Women Happy Dolphin Purple T-shirt,images\2689.jpg,1970-01-01 00:00:00,,,
9261,Mark Taylor Men Red Striped Shirt,images\9261.jpg,1970-01-01 00:00:00,,,
50985,Enamor Women White Brief,images\50985.jpg,1970-01-01 00:00:00,,,
54519,F Sports Men Navy Blue Vito Shoes,images\54519.jpg,1970-01-01 00:00:00,,,
18636,Puma Men V.11 Speed  White Tshirts,images\18636.jpg,1970-01-01 00:00:00,,,
26905,Jealous 21 Women Off White Top,images\26905.jpg,1970-01-01 00:00:00,,,
29171,United Colors of Benetton Kids Girls Washed Blue Skirt,images\29171.jpg,1970-01-01 00:00:00,,,
22599,Nike Women Yellow T-shirt,images\22599.jpg,1970-01-01 00:00:00,,,
30860,Fabindia Women Printed Maroon Kurta,images\30860.jpg,1970-01-01 00:00:00,,,
6229,Lee Men's Shot Black T-shirt,images\6229.jpg,1970-01-01 00:00:00,,,
3569,ADIDAS Mens Lightbone Brown Sandal,images\3569.jpg,1970-01-01 00:00:00,,,
8181,Locomotive Men Check Ladislav Purple Shirts,images\8181.jpg,1970-01-01 00:00:00,,,
18404,Skechers Men USA Brown Shoe,images\18404.jpg,1970-01-01 00:00:00,,,
6827,Timberland Women Belle Isld Boat Ball Black Floater,images\6827.jpg,1970-01-01 00:00:00,,,
48374,French Connection Men Purple & Black Striped Shirt,images\48374.jpg,1970-01-01 00:00:00,,,
9053,ADIDAS Men Duramo 3 M Grey Sports Shoes,images\9053.jpg,1970-01-01 00:00:00,,,
51259,Park Avenue Men Black Belt,images\51259.jpg,1970-01-01 00:00:00,,,
29343,Probase Men Printed White T-shirt,images\29343.jpg,1970-01-01 00:00:00,,,
12902,Puma Women Cabana Racer SL Black Casual Shoes,images\12902.jpg,1970-01-01 00:00:00,,,
28291,Fastrack Men Black Sunglasses,images\28291.jpg,1970-01-01 00:00:00,,,
23679,Red Tape Men Mocassins Black Casual Shoes,images\23679.jpg,1970-01-01 00:00:00,,,
40925,Gini and Jony Boys Comics Blue Jeans,images\40925.jpg,1970-01-01 00:00:00,,,
57992,Latin Quarters Women Purple Shirt,images\57992.jpg,1970-01-01 00:00:00,,,
36199,Gini Jony Boys Polo Black T-Shirt,images\36199.jpg,1970-01-01 00:00:00,,,
59034,Carlton London Women Black Heels,images\59034.jpg,1970-01-01 00:00:00,,,
38003,Q&Q Men Black Watch,images\38003.jpg,1970-01-01 00:00:00,,,
40119,ADIDAS Women Orange T-shirt,images\40119.jpg,1970-01-01 00:00:00,,,
10669,Doodle Boy Road Trip Grey Tshirts,images\10669.jpg,1970-01-01 00:00:00,,,
37877,Happy Socks Unisex Cream Socks,images\37877.jpg,1970-01-01 00:00:00,,,
21912,Biba Women Orange & Purple Churidar Kurta with Dupatta,images\21912.jpg,1970-01-01 00:00:00,,,
32539,Playboy Men Malibu Perfume,images\32539.jpg,1970-01-01 00:00:00,,,
48710,Lucera Women Silver Earrings,images\48710.jpg,1970-01-01 00:00:00,,,
9437,Nike Unisex Brasilia 5 Me Black Backpacks,images\9437.jpg,1970-01-01 00:00:00,,,
17814,Lee Cooper Men  Black Casual Shoe,images\17814.jpg,1970-01-01 00:00:00,,,
17028,GAS Men Grey Pine Flip Flops,images\17028.jpg,1970-01-01 00:00:00,,,
3931,Jealous 21 Women's Black Butterfly T-shirt,images\3931.jpg,1970-01-01 00:00:00,,,
29727,Kiara Women Leatherette Light Green Handbag,images\29727.jpg,1970-01-01 00:00:00,,,
35378,Senorita Women Green Flats,images\35378.jpg,1970-01-01 00:00:00,,,
4328,Tantra Kid's Unisex Cute Mom Red Kidswear,images\4328.jpg,1970-01-01 00:00:00,,,
20498,Baggit Women Galaxy Exel Navy Blue Handbag,images\20498.jpg,1970-01-01 00:00:00,,,
56418,Biara Women Black Bra,images\56418.jpg,1970-01-01 00:00:00,,,
52884,FNF Orange Printed Sari,images\52884.jpg,1970-01-01 00:00:00,,,
38467,Baggit Women Purple Wallet,images\38467.jpg,1970-01-01 00:00:00,,,
21778,Fossil Men Maxim Brown Belt,images\21778.jpg,1970-01-01 00:00:00,,,
59662,FNF Multi Colour Evening Wear Sari,images\59662.jpg,1970-01-01 00:00:00,,,
10803,Wrangler Men Dodge Broad Accent Check White Shirts,images\10803.jpg,1970-01-01 00:00:00,,,
53358,Puma Men Black Twinkle Belt,images\53358.jpg,1970-01-01 00:00:00,,,
4926,Gini and Jony Girl's Valencia Green Blue Infant Kidswear,images\4926.jpg,1970-01-01 00:00:00,,,
38655,Nike Men Air Impetus II White Sports Shoes,images\38655.jpg,1970-01-01 00:00:00,,,
48522,French Connection Women Blue Jumpsuit,images\48522.jpg,1970-01-01 00:00:00,,,
23813,Puma Men Jiff Black Flip Flops,images\23813.jpg,1970-01-01 00:00:00,,,
9605,Scullers Men Scul Green White Shirts,images\9605.jpg,1970-01-01 00:00:00,,,
19380,Crusoe Men Grey Boxers 1017,images\19380.jpg,1970-01-01 00:00:00,,,
12768,Mother Earth Women Plain Mangalgiri Green Tunics,images\12768.jpg,1970-01-01 00:00:00,,,
34098,Doodle Boys Check Multi Coloured Shirt,images\34098.jpg,1970-01-01 00:00:00,,,
54941,Do u speak green Women Teal Top,images\54941.jpg,1970-01-01 00:00:00,,,
55893,Colorbar Apple Martini Nail Lacquer 06,images\55893.jpg,1970-01-01 00:00:00,,,
42824,Little Miss Intimates Women Red Brief,images\42824.jpg,1970-01-01 00:00:00,,,
14462,Enroute Women Casual Gold Peep Toes,images\14462.jpg,1970-01-01 00:00:00,,,
36732,Spykar Women Liana Blue Jeans,images\36732.jpg,1970-01-01 00:00:00,,,
5809,Puma Women Black Capris,images\5809.jpg,1970-01-01 00:00:00,,,
57705,Lotus Herbals Sandalwood Sun Screen,images\57705.jpg,1970-01-01 00:00:00,,,
33240,Arrow Men Blue Striped Shirt,images\33240.jpg,1970-01-01 00:00:00,,,
32392,Arrow Woman Grey Shirt,images\32392.jpg,1970-01-01 00:00:00,,,
41660,Mark Taylor Men Blue Striped Shirt,images\41660.jpg,1970-01-01 00:00:00,,,
11110,Indigo Nation Men Check White Shirts,images\11110.jpg,1970-01-01 00:00:00,,,
25325,Casio Edifice Men Multi-Dial Watch EF-334D-1AVDF(ED420),images\25325.jpg,1970-01-01 00:00:00,,,
55052,Lakme Enrich Satins Lipstick 134,images\55052.jpg,1970-01-01 00:00:00,,,
12795,Nike Men Brazil Yellow Tshirts,images\12795.jpg,1970-01-01 00:00:00,,,
2210,ADIDAS Men 3 Stripe Black Polo T-shirt,images\2210.jpg,1970-01-01 00:00:00,,,
43137,David Beckham Men Intense Instinct Perfume,images\43137.jpg,1970-01-01 00:00:00,,,
34859,Vans Unisex Classic Slip-On White Shoes,images\34859.jpg,1970-01-01 00:00:00,,,
27472,Jockey Essence Black Bra 2001,images\27472.jpg,1970-01-01 00:00:00,,,
22100,Vishudh Women Printed Blue Kurta,images\22100.jpg,1970-01-01 00:00:00,,,
16335,Peter England Men Stripes Navy Blue Shirt,images\16335.jpg,1970-01-01 00:00:00,,,
50520,Chromozome Men Grey Melange Innerwear Vest,images\50520.jpg,1970-01-01 00:00:00,,,
34065,Gini and Jony Girls Black Dress,images\34065.jpg,1970-01-01 00:00:00,,,
47597,Portia Women Beige Wedges,images\47597.jpg,1970-01-01 00:00:00,,,
31725,Fabindia Women Anusuya Silver Pendant,images\31725.jpg,1970-01-01 00:00:00,,,
8518,Nike Women Nike Purple Tote Purple Bags,images\8518.jpg,1970-01-01 00:00:00,,,
26792,Arrow Men Blue Striped Slim Fit Shirt,images\26792.jpg,1970-01-01 00:00:00,,,
55260,Lakme Forever Silk Jaded Mint Eye Liner,images\55260.jpg,1970-01-01 00:00:00,,,
13475,Rocia Women Brown Flats,images\13475.jpg,1970-01-01 00:00:00,,,
27640,Reebok Men Grey Premier Trinity Sports Shoes,images\27640.jpg,1970-01-01 00:00:00,,,
43305,United Colors of Benetton Women Pink Shirt,images\43305.jpg,1970-01-01 00:00:00,,,
22332,John Players Men Solid Maroon Polo T-Shirt,images\22332.jpg,1970-01-01 00:00:00,,,
16107,M tv Women My Fab Eyewear Black Sunglasses,images\16107.jpg,1970-01-01 00:00:00,,,
46677,Rasasi Women Pack of 3 Perfumes,images\46677.jpg,1970-01-01 00:00:00,,,
7550,Nike Men's Teal Blue Polo T-shirt,images\7550.jpg,1970-01-01 00:00:00,,,
19973,United Colors of Benetton Men Solid Grey Cap,images\19973.jpg,1970-01-01 00:00:00,,,
6482,ADIDAS Men's Strip Polo Black Green T-shirt,images\6482.jpg,1970-01-01 00:00:00,,,
34257,Proline Men Charcoal Tracksuit,images\34257.jpg,1970-01-01 00:00:00,,,
50712,Chromozome Men Red Trunks,images\50712.jpg,1970-01-01 00:00:00,,,
28608,Nike Men Dart VII Leather White Sports Shoes,images\28608.jpg,1970-01-01 00:00:00,,,
20465,Baggit Women Red Famous Taj Wallet,images\20465.jpg,1970-01-01 00:00:00,,,
14650,Probase Men Face Print Blue Tshirts,images\14650.jpg,1970-01-01 00:00:00,,,
36500,Folklore Women Brown Kurta,images\36500.jpg,1970-01-01 00:00:00,,,
15782,Facit Men Navy Blue String Bikini Briefs,images\15782.jpg,1970-01-01 00:00:00,,,
52045,Just Natural Unisex Black and Grey Reversible Rain Jacket,images\52045.jpg,1970-01-01 00:00:00,,,
40580,W Women White Top,images\40580.jpg,1970-01-01 00:00:00,,,
33072,U.S.Polo Assn Men Blue Polo T-shirt,images\33072.jpg,1970-01-01 00:00:00,,,
25117,Lino Perros Women Beaded Pink Clutch,images\25117.jpg,1970-01-01 00:00:00,,,
52879,FNF Magenta Printed Sari,images\52879.jpg,1970-01-01 00:00:00,,,
41452,Lee Cooper Men White Shoes,images\41452.jpg,1970-01-01 00:00:00,,,
27224,Doodle Kids Girl Printed White Dress,images\27224.jpg,1970-01-01 00:00:00,,,
30293,Myntra Men Love Off White T-shirt,images\30293.jpg,1970-01-01 00:00:00,,,
3594,Converse Men's Chuck Taylor Print OX White Canvas Shoe,images\3594.jpg,1970-01-01 00:00:00,,,
7908,Proline Men Cream & Purple Striped Polo T-shirt,images\7908.jpg,1970-01-01 00:00:00,,,
34633,Lotto Men Dolce Vita II Black Sports Shoes,images\34633.jpg,1970-01-01 00:00:00,,,
50376,Woodland Men Black Shoes,images\50376.jpg,1970-01-01 00:00:00,,,
9892,Indian Terrain Men Laffer Off-White Trousers,images\9892.jpg,1970-01-01 00:00:00,,,
23684,Newhide Brown Men Antique Wallet,images\23684.jpg,1970-01-01 00:00:00,,,
22756,BIBA Women Solid Red Kurta,images\22756.jpg,1970-01-01 00:00:00,,,
8940,Indigo Nation Men Reversible Bling Red Shirts,images\8940.jpg,1970-01-01 00:00:00,,,
7134,Urban Yoga Men Bottom Navy Yoga Pants,images\7134.jpg,1970-01-01 00:00:00,,,
36164,Status Quo Men Grey T-shirt,images\36164.jpg,1970-01-01 00:00:00,,,
39910,ADIDAS Men Blue & Red F10 Sports Shoes,images\39910.jpg,1970-01-01 00:00:00,,,
52421,Red Rose Women Multi Coloured Nightdress,images\52421.jpg,1970-01-01 00:00:00,,,
20001,United Colors of Benetton Men Printed Green T-shirt,images\20001.jpg,1970-01-01 00:00:00,,,
44544,Coolers Men Black Sandals,images\44544.jpg,1970-01-01 00:00:00,,,
56081,Colorbar Clear Glaze Star Shine Lip Gloss 015,images\56081.jpg,1970-01-01 00:00:00,,,
11746,Lee Men Yellow Polo T-shirt,images\11746.jpg,1970-01-01 00:00:00,,,
25573,FILA Men Trempet White Sports Shoes,images\25573.jpg,1970-01-01 00:00:00,,,
41036,Nautica Men Black Dial Chronograph Watch,images\41036.jpg,1970-01-01 00:00:00,,,
33416,Baggit Women Purple Wallet,images\33416.jpg,1970-01-01 00:00:00,,,
10694,Doodle Girl Be Born Pink Tops,images\10694.jpg,1970-01-01 00:00:00,,,
57153,Elle Women Peach T-shirt,images\57153.jpg,1970-01-01 00:00:00,,,
4583,Wildcraft Unisex Grey Backpack,images\4583.jpg,1970-01-01 00:00:00,,,
36356,Reid & Taylor Men Yellow Patterned Tie,images\36356.jpg,1970-01-01 00:00:00,,,
44776,Lotto Men Black Dolce Vita Shoes,images\44776.jpg,1970-01-01 00:00:00,,,
5451,Nike Men's Tempo Blue Short,images\5451.jpg,1970-01-01 00:00:00,,,
37284,Tantra Women Purple Shopping T-shirt,images\37284.jpg,1970-01-01 00:00:00,,,
20233,Wrangler Women Felt Grey Sweater,images\20233.jpg,1970-01-01 00:00:00,,,
58329,Lotto Men Red Flip Flops,images\58329.jpg,1970-01-01 00:00:00,,,
14006,Nike Men Solid Black Jerseys,images\14006.jpg,1970-01-01 00:00:00,,,
11574,W Women Printed Grey Kurtas,images\11574.jpg,1970-01-01 00:00:00,,,
25741,Wrangler Women Leather Brown Wallet,images\25741.jpg,1970-01-01 00:00:00,,,
24693,Locomotive Men Grey Printed T-Shirt,images\24693.jpg,1970-01-01 00:00:00,,,
57361,Amante Pink Printed Full-Coverage Bra BGTC01,images\57361.jpg,1970-01-01 00:00:00,,,
33624,Lino Perros Women Brown Wallet,images\33624.jpg,1970-01-01 00:00:00,,,
50978,Enamor Masai Lift Bra,images\50978.jpg,1970-01-01 00:00:00,,,
2674,Inkfruit Men's State Trance Black T-shirt,images\2674.jpg,1970-01-01 00:00:00,,,
43553,Puma Men Black Complete Running Cap,images\43553.jpg,1970-01-01 00:00:00,,,
13223,Palm Tree Kids Boys Washed Blue Shorts,images\13223.jpg,1970-01-01 00:00:00,,,
27016,Jealous 21 Women Washed Blue Jeans,images\27016.jpg,1970-01-01 00:00:00,,,
19719,United Colors of Benetton Men Stripes Grey Shirt,images\19719.jpg,1970-01-01 00:00:00,,,
55436,Revlon Raspberry Colorburst Lipstick 045,images\55436.jpg,1970-01-01 00:00:00,,,
49069,Lino Perros Women Pink Handbag,images\49069.jpg,1970-01-01 00:00:00,,,
31173,Gini and Jony Girls Printed White Top,images\31173.jpg,1970-01-01 00:00:00,,,
17683,Catwalk Women Ballerina Black Casual Shoe,images\17683.jpg,1970-01-01 00:00:00,,,
34401,Myntra Men Black Printed T-shirt,images\34401.jpg,1970-01-01 00:00:00,,,
46021,Fabindia Women Orange Kurti,images\46021.jpg,1970-01-01 00:00:00,,,
7306,UCB Women's Sleeveless Off White Dress,images\7306.jpg,1970-01-01 00:00:00,,,
49855,Q&Q Kids Unisex Black Digital Watch,images\49855.jpg,1970-01-01 00:00:00,,,
22564,Lino Perros Black Women Casual Sling Bag,images\22564.jpg,1970-01-01 00:00:00,,,
16751,Spice Art Women Copper Leartherite Multi Clutch,images\16751.jpg,1970-01-01 00:00:00,,,
54722,Shree Women Yellow & Red Printed Salwar Suit with Dupatta,images\54722.jpg,1970-01-01 00:00:00,,,
30267,Speedo Men Sheet Sunglasses,images\30267.jpg,1970-01-01 00:00:00,,,
43795,Royal Diadem Magenta Earrings,images\43795.jpg,1970-01-01 00:00:00,,,
42647,Alma Women Purple Printed Kurta,images\42647.jpg,1970-01-01 00:00:00,,,
8188,Locomotive Men Solid Poplin Laidley Purple Shirts,images\8188.jpg,1970-01-01 00:00:00,,,
3560,Skechers Men Off White Lifestyle Casual Shoe,images\3560.jpg,1970-01-01 00:00:00,,,
12137,Aurelia Women Solid Navy Blue Kurtas,images\12137.jpg,1970-01-01 00:00:00,,,
6012,Highlander Men White Casual Checked Slim Fit Shirt,images\6012.jpg,1970-01-01 00:00:00,,,
47335,Baggit Women Green Handbag,images\47335.jpg,1970-01-01 00:00:00,,,
9866,Status Quo Men Pink Polo Tshirts,images\9866.jpg,1970-01-01 00:00:00,,,
17445,Casio Enticer Men Black Analogue Watches (BS063) BEM-501L-1AVDF,images\17445.jpg,1970-01-01 00:00:00,,,
50382,Vishudh Women Printed Cream Salwar and Dupatta,images\50382.jpg,1970-01-01 00:00:00,,,
23670,Spykar Men Green Printed T-shirts,images\23670.jpg,1970-01-01 00:00:00,,,
28298,Fastrack Men Sunglasses,images\28298.jpg,1970-01-01 00:00:00,,,
56849,John Players Men Navy Regular Fit Jeans,images\56849.jpg,1970-01-01 00:00:00,,,
4745,ADIDAS Men's Green Polo T-shirt,images\4745.jpg,1970-01-01 00:00:00,,,
15312,ADIDAS Women Neo Feather Blue Sandals,images\15312.jpg,1970-01-01 00:00:00,,,
21127,s.Oliver Women Printed Navy Blue Top,images\21127.jpg,1970-01-01 00:00:00,,,
38836,Latin Quarters Women Blue Dress,images\38836.jpg,1970-01-01 00:00:00,,,
53507,Amante Nude-Coloured Full-Coverage Bra BFOM12,images\53507.jpg,1970-01-01 00:00:00,,,
5697,Skechers Men Black Casual Shoes,images\5697.jpg,1970-01-01 00:00:00,,,
56075,Colorbar Plum Lip Liner/Crayon 004,images\56075.jpg,1970-01-01 00:00:00,,,
25587,Vishudh Women Black & Purple Printed Churidar Kurta with Dupatta,images\25587.jpg,1970-01-01 00:00:00,,,
32530,Tonino Lamborghini Men Pack of 2 Deos,images\32530.jpg,1970-01-01 00:00:00,,,
40110,ADIDAS Men Blue Tracksuit,images\40110.jpg,1970-01-01 00:00:00,,,
24455,Nike Women Court Majestic White Shoes,images\24455.jpg,1970-01-01 00:00:00,,,
10660,Doodle Girl Hot shorts ice wash Blue Shorts,images\10660.jpg,1970-01-01 00:00:00,,,
15120,Arrow Men Wooltouch Charcoal Trousers,images\15120.jpg,1970-01-01 00:00:00,,,
21315,Celine Dion Women Black Frame Sunglasses,images\21315.jpg,1970-01-01 00:00:00,,,
4577,Nike Men's Mercurial Vic Pink Shoe,images\4577.jpg,1970-01-01 00:00:00,,,
45650,Park Avenue Men Black Trunks,images\45650.jpg,1970-01-01 00:00:00,,,
44782,Lotto Men White Los Angeles II Sports Shoes,images\44782.jpg,1970-01-01 00:00:00,,,
53735,Puma Men Brown Vintage Ferrari Shoes,images\53735.jpg,1970-01-01 00:00:00,,,
11580,W Women Printed White Kurtas,images\11580.jpg,1970-01-01 00:00:00,,,
56247,SDL by Sweet Dreams Men Grey & Blue Pyjama Set,images\56247.jpg,1970-01-01 00:00:00,,,
57395,Amante Women Brown Briefs PGBR01,images\57395.jpg,1970-01-01 00:00:00,,,
10452,Flying Machine Men HS Grey Tshirts,images\10452.jpg,1970-01-01 00:00:00,,,
40322,ADIDAS Men White Sparta Sports Shoes,images\40322.jpg,1970-01-01 00:00:00,,,
38238,Polaroid Men Sunglasses,images\38238.jpg,1970-01-01 00:00:00,,,
9268,Scullers Men White Check Shirt,images\9268.jpg,1970-01-01 00:00:00,,,
2680,Inkfruit Men's Indian Rule Blue T-shirt,images\2680.jpg,1970-01-01 00:00:00,,,
30055,Skagen Men Black Dial Watch,images\30055.jpg,1970-01-01 00:00:00,,,
28896,Enamor Women Maroon Mid-Rise Bikini Brief,images\28896.jpg,1970-01-01 00:00:00,,,
54510,Lino Perros Women Brown Handbag,images\54510.jpg,1970-01-01 00:00:00,,,
12305,Genesis Men Check Navy Blue Shirts,images\12305.jpg,1970-01-01 00:00:00,,,
29944,Police Men Black Dial Watch PL13088JS-02,images\29944.jpg,1970-01-01 00:00:00,,,
3752,Status Quo Men's Music Revolution Green T-shirt,images\3752.jpg,1970-01-01 00:00:00,,,
31187,Cabarelli Men Accessory Gift Set,images\31187.jpg,1970-01-01 00:00:00,,,
17677,Catwalk Women Weaved Strap Tan Flats,images\17677.jpg,1970-01-01 00:00:00,,,
30869,Fabindia Women Printed Beige Kurta,images\30869.jpg,1970-01-01 00:00:00,,,
23442,Satya Paul Women Orange Printed Tunic,images\23442.jpg,1970-01-01 00:00:00,,,
6220,Lee Men's Believe Burnt Orange T-shirt,images\6220.jpg,1970-01-01 00:00:00,,,
22590,Nike Men Solid Grey Shorts,images\22590.jpg,1970-01-01 00:00:00,,,
29178,United Colors of Benetton Women Washed Blue Jeans,images\29178.jpg,1970-01-01 00:00:00,,,
14496,Flying Machine Men Casual Grey Casual Shoes,images\14496.jpg,1970-01-01 00:00:00,,,
15544,Catwalk Women Casual Black Heels,images\15544.jpg,1970-01-01 00:00:00,,,
4113,Fila Men's Bruno White Shoe,images\4113.jpg,1970-01-01 00:00:00,,,
45234,Casio Youth Series Men Analog-Digital Watch AW-80-1AVDFAD84,images\45234.jpg,1970-01-01 00:00:00,,,
40746,Roxy Women Black Cap,images\40746.jpg,1970-01-01 00:00:00,,,
32366,Q&Q Men Black Watch,images\32366.jpg,1970-01-01 00:00:00,,,
41694,Superman Men Black Printed Lounge Pants,images\41694.jpg,1970-01-01 00:00:00,,,
26554,ID Men Blue Shoes,images\26554.jpg,1970-01-01 00:00:00,,,
19389,ADIDAS Men Printed White Tshirt,images\19389.jpg,1970-01-01 00:00:00,,,
42011,Estd. 1977 Men Grey Sandals,images\42011.jpg,1970-01-01 00:00:00,,,
3336,ADIDAS Men's Mumbai Indians Rage Blue T-shirt,images\3336.jpg,1970-01-01 00:00:00,,,
54174,Femella Golden Necklace,images\54174.jpg,1970-01-01 00:00:00,,,
27486,Jockey Women Purple Bikini Briefs,images\27486.jpg,1970-01-01 00:00:00,,,
35143,Allen Solly Women Black Handbag,images\35143.jpg,1970-01-01 00:00:00,,,
7796,Proline Men Grey Polo T-shirt,images\7796.jpg,1970-01-01 00:00:00,,,
51406,Myntra Men Yellow Striped Shirt,images\51406.jpg,1970-01-01 00:00:00,,,
17213,United Colors of Benetton Women Funky Eyewear Purple Sunglasses,images\17213.jpg,1970-01-01 00:00:00,,,
34091,Doodle Girls Printed Grey Top,images\34091.jpg,1970-01-01 00:00:00,,,
54948,Do u speak green Men Grey Sweatshirt,images\54948.jpg,1970-01-01 00:00:00,,,
6644,Nike Women Transform III IN White Shoe,images\6644.jpg,1970-01-01 00:00:00,,,
47563,Portia Women Black Sandals,images\47563.jpg,1970-01-01 00:00:00,,,
42223,Sepia Women Blue Striped Top,images\42223.jpg,1970-01-01 00:00:00,,,
3104,Probase Men's Wtf Turquoise T-Shirt,images\3104.jpg,1970-01-01 00:00:00,,,
55294,Lakme Absolute Beigeshine Plump & Shine Lip Gloss,images\55294.jpg,1970-01-01 00:00:00,,,
54346,Levis Men 3 Pair Of Socks,images\54346.jpg,1970-01-01 00:00:00,,,
13481,Rocia Women Black Flats,images\13481.jpg,1970-01-01 00:00:00,,,
30603,Nike Boys Basketball Red Shorts,images\30603.jpg,1970-01-01 00:00:00,,,
3938,Jealous 21 Women's White Blue T-shirt,images\3938.jpg,1970-01-01 00:00:00,,,
51634,Fossil Women White Dial Chronograph Watch ES2783,images\51634.jpg,1970-01-01 00:00:00,,,
46683,Rasasi Men Romance Forever Perfume,images\46683.jpg,1970-01-01 00:00:00,,,
19987,United Colors of Benetton Women Solid Blue Top,images\19987.jpg,1970-01-01 00:00:00,,,
18855,Puma Men Athletic Stellar Blue Polo Tshirt,images\18855.jpg,1970-01-01 00:00:00,,,
6476,ADIDAS Men's Fit White T-shirt,images\6476.jpg,1970-01-01 00:00:00,,,
17021,Rocia Women Casual Black Sandal,images\17021.jpg,1970-01-01 00:00:00,,,
23214,Aneri Women Sagar Cream Kurta,images\23214.jpg,1970-01-01 00:00:00,,,
20491,Baggit Women Knotty Taj Maroon Handbag,images\20491.jpg,1970-01-01 00:00:00,,,
4321,Tantra Kid's Unisex Genius Red Kidswear,images\4321.jpg,1970-01-01 00:00:00,,,
45006,Maxima Men Attivo Digital Watch,images\45006.jpg,1970-01-01 00:00:00,,,
15776,Facit Men Trophy BF Blue Briefs,images\15776.jpg,1970-01-01 00:00:00,,,
59459,Lucera Silver Ring,images\59459.jpg,1970-01-01 00:00:00,,,
21543,Kiara Women Small Pocket Black Handbag,images\21543.jpg,1970-01-01 00:00:00,,,
40574,W Women White Kurta,images\40574.jpg,1970-01-01 00:00:00,,,
1653,Reebok Men's Ventilator Ubiq Shoe,images\1653.jpg,1970-01-01 00:00:00,,,
33086,Catwalk Women Red Flats,images\33086.jpg,1970-01-01 00:00:00,,,
10204,Murcia Women Hahk Purple Handbags,images\10204.jpg,1970-01-01 00:00:00,,,
56411,GAS Men Brown Savana Sandals,images\56411.jpg,1970-01-01 00:00:00,,,
48184,Fossil Women Brown Handbag,images\48184.jpg,1970-01-01 00:00:00,,,
50947,Lee Womens Blue Jeggings,images\50947.jpg,1970-01-01 00:00:00,,,
27029,Jealous 21 Women Blue Capris,images\27029.jpg,1970-01-01 00:00:00,,,
19726,United Colors of Benetton Women Solid Black Shirt,images\19726.jpg,1970-01-01 00:00:00,,,
55409,Revlon ColorStay Overtime Everlasting Rum Lipcolor 370,images\55409.jpg,1970-01-01 00:00:00,,,
46822,Catwalk Women Multicoloured Heels,images\46822.jpg,1970-01-01 00:00:00,,,
51895,Nyk Women Brown Wallet,images\51895.jpg,1970-01-01 00:00:00,,,
8371,Doodle Girl's Dont Worry Hippie Yellow Teen Kidswear,images\8371.jpg,1970-01-01 00:00:00,,,
3799,Tantra Kid's Cartoon Pink Kidswear,images\3799.jpg,1970-01-01 00:00:00,,,
49056,Lucera Women Silver Ring,images\49056.jpg,1970-01-01 00:00:00,,,
23489,FILA Men Forza 11 Black Sports Shoes,images\23489.jpg,1970-01-01 00:00:00,,,
28061,Jockey ELANCE Men Pack Of Two Grey Briefs 1010,images\28061.jpg,1970-01-01 00:00:00,,,
27815,Bulchee Men Brown And Black Reversible Belt,images\27815.jpg,1970-01-01 00:00:00,,,
31970,Nike Men Lengo Black Sports Shoes,images\31970.jpg,1970-01-01 00:00:00,,,
36369,Reid & Taylor Men Blue Tie,images\36369.jpg,1970-01-01 00:00:00,,,
44749,Globalite Men Grey Tracker Shoes,images\44749.jpg,1970-01-01 00:00:00,,,
58316,Jockey LCESCBRA Men White Pack of 3 Socks 2004,images\58316.jpg,1970-01-01 00:00:00,,,
14039,Flying Machine Men Check Green Shirts,images\14039.jpg,1970-01-01 00:00:00,,,
39321,Gini and Jony Girls Blue Capris,images\39321.jpg,1970-01-01 00:00:00,,,
10499,Flying Machine Women Aspen Yellow Tshirts,images\10499.jpg,1970-01-01 00:00:00,,,
14805,United Colors of Benetton Women Solid Black Handbags,images\14805.jpg,1970-01-01 00:00:00,,,
56882,HM Women Red Heels,images\56882.jpg,1970-01-01 00:00:00,,,
37089,Lino Perros Women Brown Handbag,images\37089.jpg,1970-01-01 00:00:00,,,
57950,Clarks Men Brown Formal Shoes,images\57950.jpg,1970-01-01 00:00:00,,,
41009,Gini and Jony Girls Woven Navy Blue Jeans,images\41009.jpg,1970-01-01 00:00:00,,,
39113,Angry Birds Men Red Printed T-shirt,images\39113.jpg,1970-01-01 00:00:00,,,
58918,Hakashi Men Red & Black Silk Tie,images\58918.jpg,1970-01-01 00:00:00,,,
33429,Baggit Women Naughty Lips Teal Handbag,images\33429.jpg,1970-01-01 00:00:00,,,
20802,Fila Men Racer White Sports Shoes,images\20802.jpg,1970-01-01 00:00:00,,,
9091,Buckaroo Men Amigo Maroon Casual Shoes,images\9091.jpg,1970-01-01 00:00:00,,,
2479,Puma Men's Foundation Grey Polo T-shirt,images\2479.jpg,1970-01-01 00:00:00,,,
8143,Fastrack Women Bikers Analog Steel Black Watch,images\8143.jpg,1970-01-01 00:00:00,,,
7937,Puma Men's Tech Graphic Green Black T-shirt,images\7937.jpg,1970-01-01 00:00:00,,,
19514,Wrangler Leather Men Black Wallets,images\19514.jpg,1970-01-01 00:00:00,,,
13812,Proline Navy Striped Sweater,images\13812.jpg,1970-01-01 00:00:00,,,
28253,Wild stone Men Smoke Deo,images\28253.jpg,1970-01-01 00:00:00,,,
50349,Aurelia Women Red Kurta,images\50349.jpg,1970-01-01 00:00:00,,,
22769,BIBA Women Printed Maroon Kurta,images\22769.jpg,1970-01-01 00:00:00,,,
33871,Citizen Men Black Dial Chronograph Watch,images\33871.jpg,1970-01-01 00:00:00,,,
58540,Miami Blues Men Sunglasses,images\58540.jpg,1970-01-01 00:00:00,,,
5238,Reebok Men's Lazor Brown Flip Flop,images\5238.jpg,1970-01-01 00:00:00,,,
25914,Femella Women Olive Leggings,images\25914.jpg,1970-01-01 00:00:00,,,
21588,Inesis Men Solid Grey Tshirt,images\21588.jpg,1970-01-01 00:00:00,,,
53994,Kiara Women White Handbag,images\53994.jpg,1970-01-01 00:00:00,,,
57508,Lee Cooper Men Brown Sandals,images\57508.jpg,1970-01-01 00:00:00,,,
44923,Jack & Jones Men Blue Jeans,images\44923.jpg,1970-01-01 00:00:00,,,
25128,Lino Perros Women Gems Silver Clutch,images\25128.jpg,1970-01-01 00:00:00,,,
52846,Adrika White Earrings,images\52846.jpg,1970-01-01 00:00:00,,,
39577,Catwalk Women Pink Flats,images\39577.jpg,1970-01-01 00:00:00,,,
8527,Nike Men Nike air embark Black Sandals,images\8527.jpg,1970-01-01 00:00:00,,,
49600,Catwalk Women White Flats,images\49600.jpg,1970-01-01 00:00:00,,,
12598,Tantra Unisex Printed Orange Tshirts,images\12598.jpg,1970-01-01 00:00:00,,,
19170,United Colors of Benetton Men Printed Olive TShirt,images\19170.jpg,1970-01-01 00:00:00,,,
16138,Tokyo Talkies Women Printed Grey Top,images\16138.jpg,1970-01-01 00:00:00,,,
34268,Fabindia Women Printed Purple Dupatta,images\34268.jpg,1970-01-01 00:00:00,,,
28637,Nike Men Air Relentless Black Sports Shoes,images\28637.jpg,1970-01-01 00:00:00,,,
2821,Lee Cooper Men Formal Leather Brown Sandal,images\2821.jpg,1970-01-01 00:00:00,,,
19342,United Colors of Benetton Women Solid Black Jacket,images\19342.jpg,1970-01-01 00:00:00,,,
13678,ADIDAS Women Blazer Sports Shoes,images\13678.jpg,1970-01-01 00:00:00,,,
18290,Aneri Women Shabarana Orange Kurta,images\18290.jpg,1970-01-01 00:00:00,,,
55851,Colorbar Pro Magnificent Sea Nail Lacquer 037,images\55851.jpg,1970-01-01 00:00:00,,,
35188,Wildcraft Women Pink Backpack,images\35188.jpg,1970-01-01 00:00:00,,,
43934,Catwalk Women Black Heels,images\43934.jpg,1970-01-01 00:00:00,,,
28405,Idee Men Black Sunglasses,images\28405.jpg,1970-01-01 00:00:00,,,
54983,Femella Women Pink Lounge Pants,images\54983.jpg,1970-01-01 00:00:00,,,
20668,Classic Polo Men Striped Maroon Tshirt,images\20668.jpg,1970-01-01 00:00:00,,,
11913,Franco Leone Men Casual Black Sandals,images\11913.jpg,1970-01-01 00:00:00,,,
5836,ADIDAS Men's Gdancin Pink T-shirt,images\5836.jpg,1970-01-01 00:00:00,,,
39745,Gini Jony Boys Blue Shorts,images\39745.jpg,1970-01-01 00:00:00,,,
33885,Citizen Men Steel Eco-Drive Watch,images\33885.jpg,1970-01-01 00:00:00,,,
37419,Murcia Women Office Red Handbag,images\37419.jpg,1970-01-01 00:00:00,,,
24832,Wildcraft Unisex Blue & Black Backpack,images\24832.jpg,1970-01-01 00:00:00,,,
45039,Maxima Men White Dial Attivo Watch,images\45039.jpg,1970-01-01 00:00:00,,,
15749,Highlander Men Solid Navy Blue Trousers,images\15749.jpg,1970-01-01 00:00:00,,,
59466,Lucera Silver Ring,images\59466.jpg,1970-01-01 00:00:00,,,
38451,Baggit Women Teal Selection Jack Sling Bag,images\38451.jpg,1970-01-01 00:00:00,,,
39583,Catwalk Women Red Flats,images\39583.jpg,1970-01-01 00:00:00,,,
19184,United Colors Of Benetton Men Red Check Shirt,images\19184.jpg,1970-01-01 00:00:00,,,
18056,Lino Perros Women Solid Brown Wallet,images\18056.jpg,1970-01-01 00:00:00,,,
48726,Lucera Women Silver Earrings,images\48726.jpg,1970-01-01 00:00:00,,,
9401,Nike Men Lunarswi + 2 Blue Sports Shoes,images\9401.jpg,1970-01-01 00:00:00,,,
17822,Lee Cooper Men  Black Formal Shoe,images\17822.jpg,1970-01-01 00:00:00,,,
3907,Urban Yoga Women's Fitted Yoga Cream Track Pant,images\3907.jpg,1970-01-01 00:00:00,,,
29711,John Miller Men Check Blue Shirt,images\29711.jpg,1970-01-01 00:00:00,,,
6449,Lotto Women's Cross Color Beige Black Flip Flop,images\6449.jpg,1970-01-01 00:00:00,,,
55099,Pond's Women Gold Radiance Youthful Glow Day Cream,images\55099.jpg,1970-01-01 00:00:00,,,
35940,Flying Machine Women Viscose Black Capris,images\35940.jpg,1970-01-01 00:00:00,,,
3309,Asics Men's Gel Challenger 8 Tennis White Blue Shoe,images\3309.jpg,1970-01-01 00:00:00,,,
23825,Puma Men Java Brown Flip Flops,images\23825.jpg,1970-01-01 00:00:00,,,
48514,French Connection Women Grey Top,images\48514.jpg,1970-01-01 00:00:00,,,
9633,Indigo Nation Men Price catch Blue White Shirts,images\9633.jpg,1970-01-01 00:00:00,,,
34892,Envirosax Women Multi Coloured Bag,images\34892.jpg,1970-01-01 00:00:00,,,
51439,Myntra Women Grey Top,images\51439.jpg,1970-01-01 00:00:00,,,
42812,Little Miss Intimates Women Grey Brief,images\42812.jpg,1970-01-01 00:00:00,,,
29523,Playboy Women White Dial Watch,images\29523.jpg,1970-01-01 00:00:00,,,
54977,Femella Women Blue Lounge Pants,images\54977.jpg,1970-01-01 00:00:00,,,
10835,Wrangler Men Black Polo Tshirts,images\10835.jpg,1970-01-01 00:00:00,,,
59654,FNF Purple Evening Wear Sari,images\59654.jpg,1970-01-01 00:00:00,,,
10009,Nike Men Town Round Red Neck T-Shirts,images\10009.jpg,1970-01-01 00:00:00,,,
38663,Nike Men Downshifter Black Sports Shoes,images\38663.jpg,1970-01-01 00:00:00,,,
40779,Quiksilver Men Brown Flip Flops,images\40779.jpg,1970-01-01 00:00:00,,,
32359,Q&Q Men Black Dial Watch,images\32359.jpg,1970-01-01 00:00:00,,,
4910,Levis Kids Girl's Dionne Pink Teens Kidswear,images\4910.jpg,1970-01-01 00:00:00,,,
43598,Angry Birds Men Charcoal T-shirt,images\43598.jpg,1970-01-01 00:00:00,,,
48170,Fossil Women Blue Floral Print Wallet,images\48170.jpg,1970-01-01 00:00:00,,,
9257,Mark Taylor Men Blue Striped Shirt,images\9257.jpg,1970-01-01 00:00:00,,,
18600,Puma Women Roque Grey Sandals,images\18600.jpg,1970-01-01 00:00:00,,,
8385,Doodle Girl's Hippie Chic Orange Teen Kidswear,images\8385.jpg,1970-01-01 00:00:00,,,
28095,Jockey MC Men Grey Melange Y Front Briefs 8003,images\28095.jpg,1970-01-01 00:00:00,,,
17648,Converse Unisex Black Flip Flops,images\17648.jpg,1970-01-01 00:00:00,,,
30856,Fabindia Women Green Bijli Print Khadi Kurta,images\30856.jpg,1970-01-01 00:00:00,,,
47138,Be For Bag Women Combo pack Tote Bags,images\47138.jpg,1970-01-01 00:00:00,,,
26933,Jealous 21 Women Black Top,images\26933.jpg,1970-01-01 00:00:00,,,
31984,ADIDAS Unisex Black Backpack,images\31984.jpg,1970-01-01 00:00:00,,,
29147,United Colors of Benetton Men Printed Green T-shirt,images\29147.jpg,1970-01-01 00:00:00,,,
59230,Titan Men Black Watch,images\59230.jpg,1970-01-01 00:00:00,,,
4548,Nike Women Sweet AC Black Shoe,images\4548.jpg,1970-01-01 00:00:00,,,
1806,Quechua Men Arpenaz Brown Sandal,images\1806.jpg,1970-01-01 00:00:00,,,
15923,ADIDAS Unisex ADP1810 Black Backpack,images\15923.jpg,1970-01-01 00:00:00,,,
56278,Biara Skin Coloured Everyday Support Bra MW 1002,images\56278.jpg,1970-01-01 00:00:00,,,
24658,ADIDAS Originals Men Pink Casual Socks,images\24658.jpg,1970-01-01 00:00:00,,,
38207,Polaroid Women Sunglasses,images\38207.jpg,1970-01-01 00:00:00,,,
56876,HM Women Blue Heels,images\56876.jpg,1970-01-01 00:00:00,,,
21118,s.Oliver Men Check Olive Shirt,images\21118.jpg,1970-01-01 00:00:00,,,
59002,Brut Men Alaska Deo,images\59002.jpg,1970-01-01 00:00:00,,,
53538,Amante Women Pack of 3 Assorted Briefs PFCP13,images\53538.jpg,1970-01-01 00:00:00,,,
36993,Lino Perros Women Black Handbag,images\36993.jpg,1970-01-01 00:00:00,,,
21924,Biba Women Black Printed Churidar Kurta with Dupatta,images\21924.jpg,1970-01-01 00:00:00,,,
38035,Q&Q Men White Watch,images\38035.jpg,1970-01-01 00:00:00,,,
57198,Elle Women Multi Coloured Top,images\57198.jpg,1970-01-01 00:00:00,,,
18432,Vital Gear Unisex Pink Daypack Backpack,images\18432.jpg,1970-01-01 00:00:00,,,
6811,Timberland Men's Ox Maroon Red Shoe,images\6811.jpg,1970-01-01 00:00:00,,,
48342,Pitaraa Silver Fish Scale Necklace,images\48342.jpg,1970-01-01 00:00:00,,,
9065,Mark Taylor Men Blue Striped Shirt,images\9065.jpg,1970-01-01 00:00:00,,,
30258,Red Tape Men Brown Shoes,images\30258.jpg,1970-01-01 00:00:00,,,
42678,Alma Women Navy Blue Printed Kurta,images\42678.jpg,1970-01-01 00:00:00,,,
49290,Arrow Men Black Pack of 5 Plating Design Socks,images\49290.jpg,1970-01-01 00:00:00,,,
12108,W Women Printed Pink Kurtis,images\12108.jpg,1970-01-01 00:00:00,,,
9859,Status Quo Men Pink Polo Tshirts,images\9859.jpg,1970-01-01 00:00:00,,,
12934,Classic Polo Men Rugby Scrum Blue Tshirts,images\12934.jpg,1970-01-01 00:00:00,,,
55293,Lakme Absolute Coralshine Plump & Shine Lip Gloss,images\55293.jpg,1970-01-01 00:00:00,,,
3103,Probase Men's Wtf Blue T-Shirt,images\3103.jpg,1970-01-01 00:00:00,,,
42224,Sepia Women White Top,images\42224.jpg,1970-01-01 00:00:00,,,
9439,Nike Unisex Brasilia 5 Me Blue Backpacks,images\9439.jpg,1970-01-01 00:00:00,,,
30604,Nike Men Classic Jersey Black Track Pants,images\30604.jpg,1970-01-01 00:00:00,,,
54341,Levis Men Pack of 3 Socks,images\54341.jpg,1970-01-01 00:00:00,,,
13486,United Colors of Benetton Men Stripes White Shirts,images\13486.jpg,1970-01-01 00:00:00,,,
19980,United Colors of Benetton Men Printed Yellow TShirt,images\19980.jpg,1970-01-01 00:00:00,,,
46684,Rasasi Men Fighting Temptation Perfume,images\46684.jpg,1970-01-01 00:00:00,,,
51633,Fossil Women White Dial Chronograph Watch ES2790,images\51633.jpg,1970-01-01 00:00:00,,,
29729,Kiara Women Leatherette Green Handbag,images\29729.jpg,1970-01-01 00:00:00,,,
23213,Aneri Women Gauri White Kurta,images\23213.jpg,1970-01-01 00:00:00,,,
17026,Gas Men Beach Flip Flops,images\17026.jpg,1970-01-01 00:00:00,,,
18852,Puma Men Head Navy Blue Tshirt,images\18852.jpg,1970-01-01 00:00:00,,,
6471,ADIDAS Women's Polo Grey T-shirt,images\6471.jpg,1970-01-01 00:00:00,,,
37421,Murcia Women Office Black Handbag,images\37421.jpg,1970-01-01 00:00:00,,,
20496,Baggit Women Samson Cobra Pink Wallet,images\20496.jpg,1970-01-01 00:00:00,,,
21544,Kiara Women Small Pocket Blue Handbag,images\21544.jpg,1970-01-01 00:00:00,,,
15771,Facit Men Trophy BF Red Briefs,images\15771.jpg,1970-01-01 00:00:00,,,
45001,Maxima Men Black Digital Watch,images\45001.jpg,1970-01-01 00:00:00,,,
4326,Tantra Kid's Unisex Got It Pink Kidswear,images\4326.jpg,1970-01-01 00:00:00,,,
10203,Murcia Women Hahk Red Handbags,images\10203.jpg,1970-01-01 00:00:00,,,
24036,Locomotive Men Printed Red T-shirt,images\24036.jpg,1970-01-01 00:00:00,,,
1654,Reebok Men's Frisker LP Shoe,images\1654.jpg,1970-01-01 00:00:00,,,
38469,Baggit Women Magenta Voltage Sapera Wallet,images\38469.jpg,1970-01-01 00:00:00,,,
33081,U.S. Polo Assn. Denim Co. Men Navy Blue T-Shirt,images\33081.jpg,1970-01-01 00:00:00,,,
40573,W Women Cream Kurta,images\40573.jpg,1970-01-01 00:00:00,,,
56416,Biara Women Rose Red Bra,images\56416.jpg,1970-01-01 00:00:00,,,
14491,Flying Machine Men Casual Black Casual Shoes,images\14491.jpg,1970-01-01 00:00:00,,,
37613,Madagascar3 Girls Purple Printed T-Shirt,images\37613.jpg,1970-01-01 00:00:00,,,
45233,Casio Youth Series Men Analog-Digital Watch AW-80D-1AVDFAD60,images\45233.jpg,1970-01-01 00:00:00,,,
4114,Fila Men Obsidian Black Sandal,images\4114.jpg,1970-01-01 00:00:00,,,
15543,Catwalk Women Casual Brown Wedges,images\15543.jpg,1970-01-01 00:00:00,,,
40741,Converse Unisex Navy Blue Flip Flops,images\40741.jpg,1970-01-01 00:00:00,,,
10031,Nike Men As Arsenal Co Navy Blue T-Shirts,images\10031.jpg,1970-01-01 00:00:00,,,
24204,Deni Yo Men Skinny Fit Blue Jeans,images\24204.jpg,1970-01-01 00:00:00,,,
56624,Olay Women Age Protect Anti-Ageing UV Lotion,images\56624.jpg,1970-01-01 00:00:00,,,
4928,Gini and Jony Girl's Venice Green Blue Infant Kidswear,images\4928.jpg,1970-01-01 00:00:00,,,
41693,Superman Men Blue Printed Lounge Pants,images\41693.jpg,1970-01-01 00:00:00,,,
32361,Q&Q Men Black Dial Watch Q672J405Y,images\32361.jpg,1970-01-01 00:00:00,,,
42016,ADIDAS Men Silver Phaedra Shoes,images\42016.jpg,1970-01-01 00:00:00,,,
12766,Spykar Men Stripe Navy Blue T-Shirts,images\12766.jpg,1970-01-01 00:00:00,,,
26553,ID Men Blue Shoes,images\26553.jpg,1970-01-01 00:00:00,,,
27481,Jockey Essence Beige Bra 2004,images\27481.jpg,1970-01-01 00:00:00,,,
54173,Femella Blue Necklace,images\54173.jpg,1970-01-01 00:00:00,,,
51401,Myntra Men Blue and Yellow Check Shirt,images\51401.jpg,1970-01-01 00:00:00,,,
35144,Allen Solly Woman Black Clutch,images\35144.jpg,1970-01-01 00:00:00,,,
7791,Proline Men's Polo Solid Olive T-shirt,images\7791.jpg,1970-01-01 00:00:00,,,
47564,Portia Women Brown Sandals,images\47564.jpg,1970-01-01 00:00:00,,,
34096,Doodle Boys Printed Red T-shirt,images\34096.jpg,1970-01-01 00:00:00,,,
6643,Nike Women's Transform III IN Black Pink Shoe,images\6643.jpg,1970-01-01 00:00:00,,,
17214,United Colors of Benetton Women Funky Eyewear Black Sunglasses,images\17214.jpg,1970-01-01 00:00:00,,,
45657,Park Avenue Men Navy Blue Boxer Briefs,images\45657.jpg,1970-01-01 00:00:00,,,
4570,Nike Women Iza Black Shoe,images\4570.jpg,1970-01-01 00:00:00,,,
21312,Celine Dion Women Brown Frame Sunglasses,images\21312.jpg,1970-01-01 00:00:00,,,
15127,Arrow Sport Men Solid  Brown Trousers,images\15127.jpg,1970-01-01 00:00:00,,,
53732,Puma Women Green Supersuede Eco Casual Shoes,images\53732.jpg,1970-01-01 00:00:00,,,
44785,Lotto Men L500 FG White Sports Shoes,images\44785.jpg,1970-01-01 00:00:00,,,
11587,W Women Printed White Kurtis,images\11587.jpg,1970-01-01 00:00:00,,,
56240,SDL by Sweet Dreams Men Grey & Blue Pyjama Set,images\56240.jpg,1970-01-01 00:00:00,,,
40325,ADIDAS Men White Sport Shoes,images\40325.jpg,1970-01-01 00:00:00,,,
57392,Amante Women Pack of 3 Printed Briefs PFCN04,images\57392.jpg,1970-01-01 00:00:00,,,
10455,Flying Machine Men Mauvemist Purple Tshirts,images\10455.jpg,1970-01-01 00:00:00,,,
24660,ADIDAS Originals Men Pink Casual Socks,images\24660.jpg,1970-01-01 00:00:00,,,
54517,F Sports Men White Bratt Sports Shoes,images\54517.jpg,1970-01-01 00:00:00,,,
18638,Puma Men V.11 Speed Black Tshirts,images\18638.jpg,1970-01-01 00:00:00,,,
28891,Enamor Women Beige Regular-Rise Brief,images\28891.jpg,1970-01-01 00:00:00,,,
48148,Fossil Women Red Wallet,images\48148.jpg,1970-01-01 00:00:00,,,
2687,Inkfruit Women's Love Wood Orange T-shirt,images\2687.jpg,1970-01-01 00:00:00,,,
30052,SKAGEN DENMARK Men Grey Dial Watch 668XLSLZM,images\30052.jpg,1970-01-01 00:00:00,,,
3755,Status Quo Men's Concerts Black T-shirt,images\3755.jpg,1970-01-01 00:00:00,,,
31180,Gini and Jony Kids Leggings,images\31180.jpg,1970-01-01 00:00:00,,,
29943,Police Men Black Dual Dial Watch PL13076JPCL-04,images\29943.jpg,1970-01-01 00:00:00,,,
47100,Marvel Boys Red Light Spidey Shoes,images\47100.jpg,1970-01-01 00:00:00,,,
6227,Lee Men's Grey Yellowbrass T-shirt,images\6227.jpg,1970-01-01 00:00:00,,,
17670,Catwalk Women Fancy Black Heels,images\17670.jpg,1970-01-01 00:00:00,,,
22597,Nike Men Orange T-shirt,images\22597.jpg,1970-01-01 00:00:00,,,
43792,Royal Diadem Gold & Pink Earrings,images\43792.jpg,1970-01-01 00:00:00,,,
30260,Red Tape Men Black Shoes,images\30260.jpg,1970-01-01 00:00:00,,,
54725,Shree Women Coral Coloured Printed Kurta,images\54725.jpg,1970-01-01 00:00:00,,,
6829,Nike Women's Lunar Swift White Blue Shoe,images\6829.jpg,1970-01-01 00:00:00,,,
12130,Aurelia Women Printed Green Kurtas,images\12130.jpg,1970-01-01 00:00:00,,,
26305,Proline Men Pack of 3 T-Shirts,images\26305.jpg,1970-01-01 00:00:00,,,
3567,ADIDAS Men's Silver White Running Shoe,images\3567.jpg,1970-01-01 00:00:00,,,
42640,W Women Red Dress,images\42640.jpg,1970-01-01 00:00:00,,,
23677,Red Tape Men Cross Band Brown Sandals,images\23677.jpg,1970-01-01 00:00:00,,,
17442,CASIO Unisex Black Small Dial Analogue and Digital Watch,images\17442.jpg,1970-01-01 00:00:00,,,
50385,Vishudh Women Pink Salwar and Dupatta,images\50385.jpg,1970-01-01 00:00:00,,,
47332,Baggit Women Purple Chata Hosh Wallet,images\47332.jpg,1970-01-01 00:00:00,,,
6015,Highlander Men Small Black Checked Shirt,images\6015.jpg,1970-01-01 00:00:00,,,
35712,Nike Men Dual Fusion TR III Grey Sports Shoes,images\35712.jpg,1970-01-01 00:00:00,,,
51257,Park Avenue Men Black & Brown Reversible Belt,images\51257.jpg,1970-01-01 00:00:00,,,
21120,s.Oliver Men Solid Purple Sweater,images\21120.jpg,1970-01-01 00:00:00,,,
15315,ADIDAS Men Eqt Nitro Fashion Black Sports Shoes,images\15315.jpg,1970-01-01 00:00:00,,,
4742,Numero Uno Women NY Grey Blue Shoe,images\4742.jpg,1970-01-01 00:00:00,,,
5690,Skechers Men Valence Envoy Black Shoe,images\5690.jpg,1970-01-01 00:00:00,,,
32537,Playboy Men Hollywood Perfume 100 ml,images\32537.jpg,1970-01-01 00:00:00,,,
56072,Colorbar Wild Berry Lip Liner /Crayon 011,images\56072.jpg,1970-01-01 00:00:00,,,
37879,Happy Socks Unisex Black Socks,images\37879.jpg,1970-01-01 00:00:00,,,
24452,Nike Men White Court Shuttle IV Sports Shoes,images\24452.jpg,1970-01-01 00:00:00,,,
4584,Wildcraft Unisex Red Backpack,images\4584.jpg,1970-01-01 00:00:00,,,
36351,Reid & Taylor Men Blue Tie,images\36351.jpg,1970-01-01 00:00:00,,,
14001,Nike Men Solid Navy Blue Jerseys,images\14001.jpg,1970-01-01 00:00:00,,,
20234,Wrangler Women Baroque Polo Turquoise T-shirt,images\20234.jpg,1970-01-01 00:00:00,,,
5456,Nike Men's Basic Woven Med Blue Short,images\5456.jpg,1970-01-01 00:00:00,,,
37283,Tantra Women Brown Fight Peace T-shirt,images\37283.jpg,1970-01-01 00:00:00,,,
44771,Globalite Men Navy Blue Skid Shoes,images\44771.jpg,1970-01-01 00:00:00,,,
25746,Lino Perros Men Leather Black Belt,images\25746.jpg,1970-01-01 00:00:00,,,
11573,W Women Printed Green Kurtas,images\11573.jpg,1970-01-01 00:00:00,,,
39319,Gini and Jony Boys Beige Shorts,images\39319.jpg,1970-01-01 00:00:00,,,
33623,Lino Perros Women Blue Wallet,images\33623.jpg,1970-01-01 00:00:00,,,
57366,Amante Women Pink Lace Briefs PCFR11,images\57366.jpg,1970-01-01 00:00:00,,,
24694,Locomotive Men Striped White T-shirt,images\24694.jpg,1970-01-01 00:00:00,,,
27011,Jealous 21 Women White Capris,images\27011.jpg,1970-01-01 00:00:00,,,
13224,Palm Tree Kids Boys Printed Blue Sweatshirts,images\13224.jpg,1970-01-01 00:00:00,,,
43554,Puma Women Cream Socks,images\43554.jpg,1970-01-01 00:00:00,,,
28865,Proline Men Brown Striped Polo T-shirt,images\28865.jpg,1970-01-01 00:00:00,,,
2673,Murcia Women Sleek Black Leatherette Hand Bag,images\2673.jpg,1970-01-01 00:00:00,,,
31174,Gini and Jony Girls Red Top,images\31174.jpg,1970-01-01 00:00:00,,,
8349,Doodle Boy's I love Driving Green Kidswear,images\8349.jpg,1970-01-01 00:00:00,,,
55431,Revlon True Red Colorburst Lipstick 090,images\55431.jpg,1970-01-01 00:00:00,,,
34406,Myntra Men Black Printed T-shirt,images\34406.jpg,1970-01-01 00:00:00,,,
28059,Jockey ELANCE Men Pack Of 2 Briefs 1010,images\28059.jpg,1970-01-01 00:00:00,,,
48980,Lucera Women Silver Ring,images\48980.jpg,1970-01-01 00:00:00,,,
17684,Catwalk Women Ballerina Grey Casual Shoe,images\17684.jpg,1970-01-01 00:00:00,,,
31948,Nike Men Air Pegasus Blue Sports Shoes,images\31948.jpg,1970-01-01 00:00:00,,,
51091,Satya Paul Green Saree,images\51091.jpg,1970-01-01 00:00:00,,,
22563,Lino Perros Brown Women Casual Sling Bag,images\22563.jpg,1970-01-01 00:00:00,,,
7301,UCB Women Stripe Short Sleeve Blue White Top,images\7301.jpg,1970-01-01 00:00:00,,,
46026,Estelle Women Gold Pendant with Chain,images\46026.jpg,1970-01-01 00:00:00,,,
30294,Myntra Men Global Response Off White T-shirt,images\30294.jpg,1970-01-01 00:00:00,,,
27223,Doodle Kids Girl Printed Blue Dress,images\27223.jpg,1970-01-01 00:00:00,,,
13016,Inc 5 Women Casual Brown Wedges,images\13016.jpg,1970-01-01 00:00:00,,,
3593,Converse Unisex Black Casual Shoes,images\3593.jpg,1970-01-01 00:00:00,,,
34634,Lotto Men Brown Fella Tres Shoes,images\34634.jpg,1970-01-01 00:00:00,,,
7133,Urban Yoga Men Bottom Grey Yoga Pants,images\7133.jpg,1970-01-01 00:00:00,,,
8947,Indigo Nation Men ID Printed Grey Trousers,images\8947.jpg,1970-01-01 00:00:00,,,
22751,BIBA Women Printed White Kurta,images\22751.jpg,1970-01-01 00:00:00,,,
52426,Red Rose Women Blue Nightdress,images\52426.jpg,1970-01-01 00:00:00,,,
39917,Tortoise Women Yellow Sling Bag,images\39917.jpg,1970-01-01 00:00:00,,,
5664,Tantra Men's Shloka Blue T-shirt,images\5664.jpg,1970-01-01 00:00:00,,,
57968,Prafful Rust Sari,images\57968.jpg,1970-01-01 00:00:00,,,
20006,United Colors of Benetton Women Printed Green T-shirt,images\20006.jpg,1970-01-01 00:00:00,,,
41031,Nautica Men Black Dial Watch,images\41031.jpg,1970-01-01 00:00:00,,,
25574,FILA Men Trempet Black & White Sports Shoes,images\25574.jpg,1970-01-01 00:00:00,,,
56086,ColorBar Star Shine Chai Lip Gloss 07,images\56086.jpg,1970-01-01 00:00:00,,,
11741,Lee Men Stripes Navy Blue T-shirt,images\11741.jpg,1970-01-01 00:00:00,,,
10693,Doodle Girl Cute Purple Tops,images\10693.jpg,1970-01-01 00:00:00,,,
57154,Elle Women Grey Melange T-shirt,images\57154.jpg,1970-01-01 00:00:00,,,
58920,Hakashi Men Combo pack Tie+Cufflink+Pocket square,images\58920.jpg,1970-01-01 00:00:00,,,
19148,United Colors of Benetton Men Navy Blue Polo Tshirt,images\19148.jpg,1970-01-01 00:00:00,,,
55267,Lakme Absolute Shine Line Olive Eye Liner,images\55267.jpg,1970-01-01 00:00:00,,,
26795,Arrow Men Blue Shirt,images\26795.jpg,1970-01-01 00:00:00,,,
31722,Fabindia Women Anusuya Silver Earrings,images\31722.jpg,1970-01-01 00:00:00,,,
49638,Mineral Women Pink Top,images\49638.jpg,1970-01-01 00:00:00,,,
43302,United Colors of Benetton Women Purple Dress,images\43302.jpg,1970-01-01 00:00:00,,,
2025,ADIDAS Mens Full Grey T-shirt,images\2025.jpg,1970-01-01 00:00:00,,,
13472,United Colors of Benetton Women Solid White Dress,images\13472.jpg,1970-01-01 00:00:00,,,
7557,Nike Men's Tempo 5 Green Short,images\7557.jpg,1970-01-01 00:00:00,,,
35382,Enroute Boys Grey Casual Shoes,images\35382.jpg,1970-01-01 00:00:00,,,
19974,United Colors of Benetton Women Yellow T-shirt,images\19974.jpg,1970-01-01 00:00:00,,,
16100,M tv Women My Fab Eyewear Maroon Sunglasses,images\16100.jpg,1970-01-01 00:00:00,,,
50715,Doodle Boys White Printed T-Shirt,images\50715.jpg,1970-01-01 00:00:00,,,
6485,ADIDAS Men's Grey Strip T-shirt,images\6485.jpg,1970-01-01 00:00:00,,,
34250,Proline Charcoal Grey Shorts,images\34250.jpg,1970-01-01 00:00:00,,,
44127,Boss Men In Motion Deo,images\44127.jpg,1970-01-01 00:00:00,,,
14657,Probase Men Solid DK.Grey Trousers,images\14657.jpg,1970-01-01 00:00:00,,,
33849,Puma Men Blue Shoes,images\33849.jpg,1970-01-01 00:00:00,,,
20462,Baggit Women Auxi Baby Purple Mobile Pouch,images\20462.jpg,1970-01-01 00:00:00,,,
15785,Facit Men Mid- Rise BF Black Briefs,images\15785.jpg,1970-01-01 00:00:00,,,
52042,Just Natural Unisex Black Rain Jacket,images\52042.jpg,1970-01-01 00:00:00,,,
36507,United Colors of Benetton Women Grey Bag,images\36507.jpg,1970-01-01 00:00:00,,,
57530,Provogue Men Black Casual Shoes,images\57530.jpg,1970-01-01 00:00:00,,,
33075,U.S.Polo Assn. Men Blue & Orange Striped T-shirt,images\33075.jpg,1970-01-01 00:00:00,,,
40587,Aurelia Women Brown Kurta,images\40587.jpg,1970-01-01 00:00:00,,,
41455,Lee Cooper Men Grey Sandals,images\41455.jpg,1970-01-01 00:00:00,,,
25110,Lino Perros Women Olive Belts,images\25110.jpg,1970-01-01 00:00:00,,,
44315,Indian Terrain Men Blue Trousers,images\44315.jpg,1970-01-01 00:00:00,,,
36735,Spykar Women Cult Multi T-shirt,images\36735.jpg,1970-01-01 00:00:00,,,
21782,Fossil Men Edsel Brown Belt,images\21782.jpg,1970-01-01 00:00:00,,,
59698,Avirate Cream Fitted Camisoles,images\59698.jpg,1970-01-01 00:00:00,,,
33247,Arrow Men Grey Check Shirt,images\33247.jpg,1970-01-01 00:00:00,,,
57702,Lotus Herbals Almond Anti-Wrinkle Creme,images\57702.jpg,1970-01-01 00:00:00,,,
25322,Casio Edifice Men Chronograph Watch EF-550D-7AVDF(ED391),images\25322.jpg,1970-01-01 00:00:00,,,
11117,Indigo Nation Men Solid Grey Shirts,images\11117.jpg,1970-01-01 00:00:00,,,
41667,Catwalk Women Black Heels,images\41667.jpg,1970-01-01 00:00:00,,,
32395,Arrow Woman Grey Shirt,images\32395.jpg,1970-01-01 00:00:00,,,
55055,Lakme Enrich Satins Lipstick 131,images\55055.jpg,1970-01-01 00:00:00,,,
12792,Nike Men Manchester United Black Jersey,images\12792.jpg,1970-01-01 00:00:00,,,
27475,Jockey Women White Essence Bra 2001,images\27475.jpg,1970-01-01 00:00:00,,,
13640,Carlton London Women Purple Flat Shoes,images\13640.jpg,1970-01-01 00:00:00,,,
54187,Jockey MC Men Grey Pack of 2 Briefs 8003,images\54187.jpg,1970-01-01 00:00:00,,,
43130,David Beckham Women Signature Eau De Toilette 50 ml,images\43130.jpg,1970-01-01 00:00:00,,,
2217,ADIDAS Women Pink Socks,images\2217.jpg,1970-01-01 00:00:00,,,
16332,Peter England Men Stripes Red Shirt,images\16332.jpg,1970-01-01 00:00:00,,,
55869,Colorbar All Fired Up 2 Nail Lacquer 83V,images\55869.jpg,1970-01-01 00:00:00,,,
46442,Timex Men Silver Dial Watch,images\46442.jpg,1970-01-01 00:00:00,,,
47590,Portia Women Green Sandals,images\47590.jpg,1970-01-01 00:00:00,,,
34062,Gini and Jony Girls Printed Pink Dress,images\34062.jpg,1970-01-01 00:00:00,,,
50527,Chromozome Men Navy Blue Pack of 2 Briefs,images\50527.jpg,1970-01-01 00:00:00,,,
59005,Brut Men Musk Deo,images\59005.jpg,1970-01-01 00:00:00,,,
56871,HM Women Black Sandals,images\56871.jpg,1970-01-01 00:00:00,,,
44588,Scullers Men White & Navy Blue Check Shirt,images\44588.jpg,1970-01-01 00:00:00,,,
32508,Franco Leone Men Brown Sandals,images\32508.jpg,1970-01-01 00:00:00,,,
59839,Valley of Flowers Women Fragrance Gift Set,images\59839.jpg,1970-01-01 00:00:00,,,
21923,BIBA Women Printed Black Kurta,images\21923.jpg,1970-01-01 00:00:00,,,
36994,Lino Perros Women Brown Handbag,images\36994.jpg,1970-01-01 00:00:00,,,
10658,Doodle Girl Little frock White Tops,images\10658.jpg,1970-01-01 00:00:00,,,
40128,Gini and Jony Girls Roseatte Orange Top,images\40128.jpg,1970-01-01 00:00:00,,,
38032,Q&Q Women Black Watch,images\38032.jpg,1970-01-01 00:00:00,,,
9062,Mark Taylor Men Pink Striped Shirt,images\9062.jpg,1970-01-01 00:00:00,,,
48345,Pitaraa Golden Nugget Long Necklace,images\48345.jpg,1970-01-01 00:00:00,,,
18435,Vital Gear Unisex Black Messenger Bag,images\18435.jpg,1970-01-01 00:00:00,,,
6816,Timberland Men's Desert Walnut Brown Shoe,images\6816.jpg,1970-01-01 00:00:00,,,
3558,Skechers Men's Brown Casual Lifestyle Shoe,images\3558.jpg,1970-01-01 00:00:00,,,
23648,Disney Men Maroon Printed T-shirt,images\23648.jpg,1970-01-01 00:00:00,,,
12933,Classic Polo Men Broad Stripes Green Tshirts,images\12933.jpg,1970-01-01 00:00:00,,,
54528,F Sports Men White Charger Shoes,images\54528.jpg,1970-01-01 00:00:00,,,
18607,New Hide Men Antique Brown Wallet,images\18607.jpg,1970-01-01 00:00:00,,,
9250,Mark Taylor Men Red Striped Shirt,images\9250.jpg,1970-01-01 00:00:00,,,
48177,Fossil Women Blue Wallet,images\48177.jpg,1970-01-01 00:00:00,,,
8382,Doodle Girl's Raw Edges Light Blue Kidswear,images\8382.jpg,1970-01-01 00:00:00,,,
50188,Paridhan Women Pink Handbag,images\50188.jpg,1970-01-01 00:00:00,,,
30851,Fabindia Women Printed Green Kurta,images\30851.jpg,1970-01-01 00:00:00,,,
28092,Jockey GOLDEDN Men Gold Edition White Innerwear Vest 4020,images\28092.jpg,1970-01-01 00:00:00,,,
49899,Q&Q Kids Girls White Dial Analog Watch,images\49899.jpg,1970-01-01 00:00:00,,,
29140,Vogue Women Purple Sunglasses,images\29140.jpg,1970-01-01 00:00:00,,,
31983,ADIDAS Men Black Bag,images\31983.jpg,1970-01-01 00:00:00,,,
26934,Jealous 21 Women Black Dress,images\26934.jpg,1970-01-01 00:00:00,,,
45668,Swiss Army Men Swiss Unlimited Rubber EDT Refillable Perfumes,images\45668.jpg,1970-01-01 00:00:00,,,
15118,Arrow Men Stripes Black Trousers,images\15118.jpg,1970-01-01 00:00:00,,,
59237,Titan Men Black Dial Watch,images\59237.jpg,1970-01-01 00:00:00,,,
1801,Quechua Women 10L Pink Bag,images\1801.jpg,1970-01-01 00:00:00,,,
37248,United Colors of Benetton Men Brown Shoes,images\37248.jpg,1970-01-01 00:00:00,,,
15924,ADIDAS Unisex Ecb Black Backpack,images\15924.jpg,1970-01-01 00:00:00,,,
38200,Polaroid Men Sunglasses,images\38200.jpg,1970-01-01 00:00:00,,,
42029,ADIDAS Women Purple Chill Sports Shoes,images\42029.jpg,1970-01-01 00:00:00,,,
12759,Spykar Women Washed Blue Jeans,images\12759.jpg,1970-01-01 00:00:00,,,
35947,Flying Machine Men White Shirt,images\35947.jpg,1970-01-01 00:00:00,,,
18263,Aneri Women Nancy Yellow Kurta,images\18263.jpg,1970-01-01 00:00:00,,,
9634,Indigo Nation Men Price catch Black White Shirts,images\9634.jpg,1970-01-01 00:00:00,,,
48513,French Connection Women Black Top,images\48513.jpg,1970-01-01 00:00:00,,,
23822,Puma Men Breeze Red Flip Flops,images\23822.jpg,1970-01-01 00:00:00,,,
29524,Playboy Women White Dial Watch,images\29524.jpg,1970-01-01 00:00:00,,,
42815,Little Miss Intimates Women Green Brief,images\42815.jpg,1970-01-01 00:00:00,,,
46489,Timex Men Blue Dial Watch,images\46489.jpg,1970-01-01 00:00:00,,,
54970,Rasasi Women Body Lotion,images\54970.jpg,1970-01-01 00:00:00,,,
53369,Puma Women Black Bag,images\53369.jpg,1970-01-01 00:00:00,,,
10832,Wrangler Men American Music Folk Green T-Shirts,images\10832.jpg,1970-01-01 00:00:00,,,
59653,FNF Green & Pink Evening Wear Sari,images\59653.jpg,1970-01-01 00:00:00,,,
38664,Nike Men Liteforce Grey Shoes,images\38664.jpg,1970-01-01 00:00:00,,,
4917,Gini and Jony Girl's Vollie Pink Kidswear,images\4917.jpg,1970-01-01 00:00:00,,,
24835,Rockport Men Brown Cashaw Camel Suede Casual Shoes,images\24835.jpg,1970-01-01 00:00:00,,,
33882,Citizen Men Black Dial Eco-Drive Watch,images\33882.jpg,1970-01-01 00:00:00,,,
59461,Lucera Silver Ring,images\59461.jpg,1970-01-01 00:00:00,,,
32950,ADIDAS Neo Unisex Court Sequence Black Shoes,images\32950.jpg,1970-01-01 00:00:00,,,
52089,Myntra Women Black T-shirt,images\52089.jpg,1970-01-01 00:00:00,,,
4319,Tantra Kid's Unisex Free Spirit Turquoise Kidswear,images\4319.jpg,1970-01-01 00:00:00,,,
38456,Baggit Women Orange Tinki Tower Sling Bag,images\38456.jpg,1970-01-01 00:00:00,,,
39584,Catwalk Women Black Heels,images\39584.jpg,1970-01-01 00:00:00,,,
56429,Streetwear Bombshell Eye Shadow,images\56429.jpg,1970-01-01 00:00:00,,,
45802,Senorita Women Black Flats,images\45802.jpg,1970-01-01 00:00:00,,,
19183,United Colors of Benetton Men Check Grey Shirt,images\19183.jpg,1970-01-01 00:00:00,,,
9406,Puma Men Scribble Graphic Black Tshirts,images\9406.jpg,1970-01-01 00:00:00,,,
17825,Nike Unisex Air Deschutz Black Sandal,images\17825.jpg,1970-01-01 00:00:00,,,
48721,Lucera Women Silver Earrings,images\48721.jpg,1970-01-01 00:00:00,,,
18051,Lino Perros Women Solid Black Wallet,images\18051.jpg,1970-01-01 00:00:00,,,
3900,Disney Kids Girl Pooh Pink And White Top,images\3900.jpg,1970-01-01 00:00:00,,,
17019,Rocia Women Casual Brown Sandal,images\17019.jpg,1970-01-01 00:00:00,,,
49435,Vans Men Blue Shoes,images\49435.jpg,1970-01-01 00:00:00,,,
8712,Fastrack Unisex Black Sunglasses,images\8712.jpg,1970-01-01 00:00:00,,,
26598,Puma Men Faas 300 White Sports Shoes,images\26598.jpg,1970-01-01 00:00:00,,,
19345,Reid&Taylor Men Solid Brown Wallet,images\19345.jpg,1970-01-01 00:00:00,,,
18297,Aneri Women Kaalki Multi Coloured Kurta,images\18297.jpg,1970-01-01 00:00:00,,,
34861,Vans Men Era Grey Shoes,images\34861.jpg,1970-01-01 00:00:00,,,
2228,ADIDAS Men Black Socks,images\2228.jpg,1970-01-01 00:00:00,,,
22138,Provouge Men Black Classic Formal Shoe,images\22138.jpg,1970-01-01 00:00:00,,,
55856,Colorbar Pro Rosie Nail Lacquer 015,images\55856.jpg,1970-01-01 00:00:00,,,
6688,UCB Women's V Neck Black T-shirt,images\6688.jpg,1970-01-01 00:00:00,,,
54984,Femella Women Printed Blue Lounge Pants,images\54984.jpg,1970-01-01 00:00:00,,,
50518,Chromozome Men Black Innerwear Vest,images\50518.jpg,1970-01-01 00:00:00,,,
28402,Idee Women Brown Sunglasses,images\28402.jpg,1970-01-01 00:00:00,,,
43933,Catwalk Women Black Heels,images\43933.jpg,1970-01-01 00:00:00,,,
11914,Franco Leone Men Casual Black Sandals,images\11914.jpg,1970-01-01 00:00:00,,,
15588,Spykar Men Striped Blue Shirt,images\15588.jpg,1970-01-01 00:00:00,,,
33278,Gini and Jony Boys Washed Blue Jeans,images\33278.jpg,1970-01-01 00:00:00,,,
5831,Puma Men's Cbn Logo Black T-Shirt,images\5831.jpg,1970-01-01 00:00:00,,,
11128,Urban Yoga Men Solid Beige Track Pants,images\11128.jpg,1970-01-01 00:00:00,,,
39742,Arrow Men Red Shoes,images\39742.jpg,1970-01-01 00:00:00,,,
44118,Hugo Men Just Different 150 ml Perfume,images\44118.jpg,1970-01-01 00:00:00,,,
58547,Miami Blues Women Sunglasses,images\58547.jpg,1970-01-01 00:00:00,,,
14668,Basics Men White Slim Fit Checked Shirt,images\14668.jpg,1970-01-01 00:00:00,,,
33876,Citizen Men Black Dial Chronograph Watch,images\33876.jpg,1970-01-01 00:00:00,,,
36538,United Colors of Benetton Women Blue Wallet,images\36538.jpg,1970-01-01 00:00:00,,,
25913,Femella Women Blue Leggings,images\25913.jpg,1970-01-01 00:00:00,,,
44924,Jack & Jones Men Blue Jeans,images\44924.jpg,1970-01-01 00:00:00,,,
39570,Catwalk Women Black Heels,images\39570.jpg,1970-01-01 00:00:00,,,
32198,Fabindia Men Printed Grey Kurta,images\32198.jpg,1970-01-01 00:00:00,,,
52841,Adrika Green Earrings,images\52841.jpg,1970-01-01 00:00:00,,,
19177,United Colors Of Benetton Men Navy Blue Shirt,images\19177.jpg,1970-01-01 00:00:00,,,
55258,Lakme Absolute Forever Silk Blue Cosmos Eye Liner,images\55258.jpg,1970-01-01 00:00:00,,,
49607,Catwalk Women Brown Heeled Shoes,images\49607.jpg,1970-01-01 00:00:00,,,
16903,Status Quo Men Solid Dark Grey Sweatshirt,images\16903.jpg,1970-01-01 00:00:00,,,
8520,Nike Women Nike Grey handbag Grey Bags,images\8520.jpg,1970-01-01 00:00:00,,,
27678,Murcia Women Brown Handbag,images\27678.jpg,1970-01-01 00:00:00,,,
7568,Nike Men's Black Polo T-shirt,images\7568.jpg,1970-01-01 00:00:00,,,
2826,Lee Cooper Men Leather Semi Formal Brown Shoe,images\2826.jpg,1970-01-01 00:00:00,,,
28630,Nike Men Pintuck Grey Track Pants,images\28630.jpg,1970-01-01 00:00:00,,,
18899,Arrow Woman Igor Maroon Top,images\18899.jpg,1970-01-01 00:00:00,,,
52419,Red Rose Women Coffee Brown Nightdress,images\52419.jpg,1970-01-01 00:00:00,,,
41832,Skechers Men Black Sneakers,images\41832.jpg,1970-01-01 00:00:00,,,
4789,ADIDAS Men's Demon Grey T-shirt,images\4789.jpg,1970-01-01 00:00:00,,,
56885,HM Women Red Heels,images\56885.jpg,1970-01-01 00:00:00,,,
57957,Prafful Multi Coloured Sari,images\57957.jpg,1970-01-01 00:00:00,,,
20039,United Colors of Benetton Women Olive Floral Design Tights,images\20039.jpg,1970-01-01 00:00:00,,,
58123,Rreverie Silver & White Earrings,images\58123.jpg,1970-01-01 00:00:00,,,
24499,Mother Earth Women Green Printed Kurta,images\24499.jpg,1970-01-01 00:00:00,,,
20805,Fila Men Rambler Olive Flip Flops,images\20805.jpg,1970-01-01 00:00:00,,,
9096,Converse Unisex Ct As Star Chevron Hi Blue Casual Shoes,images\9096.jpg,1970-01-01 00:00:00,,,
43759,Royal Diadem Black Earrings,images\43759.jpg,1970-01-01 00:00:00,,,
7930,Proline Men Black Polo T-shirt,images\7930.jpg,1970-01-01 00:00:00,,,
19513,Wrangler Leather Men Brown Wallets,images\19513.jpg,1970-01-01 00:00:00,,,
8144,Fastrack Women Economy Analog Red Black Watch,images\8144.jpg,1970-01-01 00:00:00,,,
17489,Rockport Women Beige Flats,images\17489.jpg,1970-01-01 00:00:00,,,
28254,Wild Stone Men Forest Spice Deo,images\28254.jpg,1970-01-01 00:00:00,,,
13815,Proline Pack of 3 Printed T-shirts,images\13815.jpg,1970-01-01 00:00:00,,,
8978,Puma Women Saba Ballet DC3 Purple Casual Shoes,images\8978.jpg,1970-01-01 00:00:00,,,
48183,Fossil Women Brown Handbag,images\48183.jpg,1970-01-01 00:00:00,,,
29988,Aspen Women Mother Of Pearl Dial Watch AP1193,images\29988.jpg,1970-01-01 00:00:00,,,
51892,Nyk Women Mushroom Brown Wallet,images\51892.jpg,1970-01-01 00:00:00,,,
8376,Fastrack Men Black Backpack,images\8376.jpg,1970-01-01 00:00:00,,,
46825,Catwalk Women Off-White and Blue Pumps,images\46825.jpg,1970-01-01 00:00:00,,,
19721,United Colors Of Benetton Men Grey Shirt,images\19721.jpg,1970-01-01 00:00:00,,,
34439,Myntra Women Explorer White T-shirt,images\34439.jpg,1970-01-01 00:00:00,,,
27812,Bulchee Men Black & Brown Reversible Belt,images\27812.jpg,1970-01-01 00:00:00,,,
28066,Jockey ELANCE Mens Grey Melange Trunks 1015,images\28066.jpg,1970-01-01 00:00:00,,,
16769,Spice Art Women Shimmer Silver Clutch,images\16769.jpg,1970-01-01 00:00:00,,,
31977,Nike Women Lunarswift +3 Olive Sports Shoes,images\31977.jpg,1970-01-01 00:00:00,,,
46019,Fabindia Women White Printed Kurta,images\46019.jpg,1970-01-01 00:00:00,,,
58311,Jockey LCESCBRA Men Pack of 3 Socks 2004,images\58311.jpg,1970-01-01 00:00:00,,,
5469,Nike Men's Nike Streetgato Black Shoe,images\5469.jpg,1970-01-01 00:00:00,,,
25779,Arrow Men Black Suspenders,images\25779.jpg,1970-01-01 00:00:00,,,
39326,Gini and Jony Girls Black Leggings,images\39326.jpg,1970-01-01 00:00:00,,,
14802,United Colors of Benetton Women Solid Maroon Handbags,images\14802.jpg,1970-01-01 00:00:00,,,
57359,Amante Black Printed Full-Coverage Bra BGSW01,images\57359.jpg,1970-01-01 00:00:00,,,
5638,ADIDAS Men's Adi Liner Brown Flip Flop,images\5638.jpg,1970-01-01 00:00:00,,,
57934,Clarks Men Brown Sandals,images\57934.jpg,1970-01-01 00:00:00,,,
40983,Gini and Jony Boys United White T-shirt,images\40983.jpg,1970-01-01 00:00:00,,,
58140,Rreverie Silver Earrings,images\58140.jpg,1970-01-01 00:00:00,,,
59092,Peri Peri Women Black Bra,images\59092.jpg,1970-01-01 00:00:00,,,
41851,Genesis Men Pack of 3 Socks,images\41851.jpg,1970-01-01 00:00:00,,,
21188,ADIDAS Men Adi Stars Tread Black Flip Flops,images\21188.jpg,1970-01-01 00:00:00,,,
57108,Elle Women White Top,images\57108.jpg,1970-01-01 00:00:00,,,
20866,Disney Kids-Unisex Diamond Red Sandals,images\20866.jpg,1970-01-01 00:00:00,,,
39177,Aneri Women Purple Printed Kurta,images\39177.jpg,1970-01-01 00:00:00,,,
36903,Fossil Men Brown Dial Chronograph Watch FS4673,images\36903.jpg,1970-01-01 00:00:00,,,
25528,Wrangler Women Salena Navy Blue Check Shirt,images\25528.jpg,1970-01-01 00:00:00,,,
7953,Puma Men's Lifestyle Polo Mood Indigo T-shirt,images\7953.jpg,1970-01-01 00:00:00,,,
12198,Basics Men Solid Purple Tshirts,images\12198.jpg,1970-01-01 00:00:00,,,
19570,United Colors of Benetton Men Printed Blue TShirt,images\19570.jpg,1970-01-01 00:00:00,,,
6881,Forever New Women Sleeveless Peach Top,images\6881.jpg,1970-01-01 00:00:00,,,
46248,Fusion Beats Women Teal Top,images\46248.jpg,1970-01-01 00:00:00,,,
16538,Basics Men White Slim Fit Checked Shirt,images\16538.jpg,1970-01-01 00:00:00,,,
28237,Secret Temptation Women Play Deo,images\28237.jpg,1970-01-01 00:00:00,,,
31128,Gini and Jony Girls Printed Teal Dress,images\31128.jpg,1970-01-01 00:00:00,,,
8315,Wildcraft Men Organic Cotton Blue T-shirt,images\8315.jpg,1970-01-01 00:00:00,,,
46846,Barbie Purple Girls Slippers,images\46846.jpg,1970-01-01 00:00:00,,,
18690,Hanes Women Pack of Three 100% Cotton Plain Bikini Briefs,images\18690.jpg,1970-01-01 00:00:00,,,
47994,Helix Men Black Watch,images\47994.jpg,1970-01-01 00:00:00,,,
43508,French Connection Women Navy Blue Striped Dress,images\43508.jpg,1970-01-01 00:00:00,,,
31914,Fabindia Women Braided Blue Clutch,images\31914.jpg,1970-01-01 00:00:00,,,
35588,Gliders Men Black Sandals,images\35588.jpg,1970-01-01 00:00:00,,,
27871,Scullers For Her Striped White Shirt,images\27871.jpg,1970-01-01 00:00:00,,,
28005,Jockey ZONE Men Blue Modern Boxer Briefs US19,images\28005.jpg,1970-01-01 00:00:00,,,
58372,Locomotive Men Beige T-shirt,images\58372.jpg,1970-01-01 00:00:00,,,
52648,Mod'acc Women Black Handbag,images\52648.jpg,1970-01-01 00:00:00,,,
14861,United Colors of Benetton Women Funky Purple Sunglasses,images\14861.jpg,1970-01-01 00:00:00,,,
38297,Reid & Taylor Men Black Wallet,images\38297.jpg,1970-01-01 00:00:00,,,
39345,Mr. Men Blue T-shirt,images\39345.jpg,1970-01-01 00:00:00,,,
27429,Jockey Women Pink T-shirt,images\27429.jpg,1970-01-01 00:00:00,,,
48584,Revv Men Steel Bracelet,images\48584.jpg,1970-01-01 00:00:00,,,
8771,Crocs Women Crle Plterm Black Floater,images\8771.jpg,1970-01-01 00:00:00,,,
3399,Murcia Women Yellow Handbag,images\3399.jpg,1970-01-01 00:00:00,,,
19326,Myntra Men Solid Blue Sweatshirt,images\19326.jpg,1970-01-01 00:00:00,,,
55009,Lakme Sheer Satin Lip Gloss 23,images\55009.jpg,1970-01-01 00:00:00,,,
23089,Arrow Men Beige Trousers,images\23089.jpg,1970-01-01 00:00:00,,,
43950,Catwalk Women Beige Shoes,images\43950.jpg,1970-01-01 00:00:00,,,
28461,Urban Yoga Women Black Capris,images\28461.jpg,1970-01-01 00:00:00,,,
42882,French Connection Women Brown Sling Bag,images\42882.jpg,1970-01-01 00:00:00,,,
7739,Puma Unisex Stripe Cat Steel Grey Cap,images\7739.jpg,1970-01-01 00:00:00,,,
55835,Colorbar Acetone Free Nail Enamel Remover,images\55835.jpg,1970-01-01 00:00:00,,,
11977,Fila Men Motor Sports Olive Sandals,images\11977.jpg,1970-01-01 00:00:00,,,
36769,Maxima Men White Dial Watch,images\36769.jpg,1970-01-01 00:00:00,,,
4980,Palm Tree Girl's Benita Blue Kidswear,images\4980.jpg,1970-01-01 00:00:00,,,
39721,Arrow Woman Grey Printed Top,images\39721.jpg,1970-01-01 00:00:00,,,
5852,ADIDAS Women Shoulder Black HandBag,images\5852.jpg,1970-01-01 00:00:00,,,
10099,Fastrack Men Analogue Grey Watches,images\10099.jpg,1970-01-01 00:00:00,,,
25970,Femella Women White Top,images\25970.jpg,1970-01-01 00:00:00,,,
37489,Esprit Women Black Watch,images\37489.jpg,1970-01-01 00:00:00,,,
33815,Van Heusen Men Classic Pleated Black Trousers,images\33815.jpg,1970-01-01 00:00:00,,,
58524,Wildcraft Unisex Black Rain Cover For Backpacks,images\58524.jpg,1970-01-01 00:00:00,,,
52822,Adrika Women Red & White Earrings,images\52822.jpg,1970-01-01 00:00:00,,,
39513,Peter England Unisex Black Laptop Bag,images\39513.jpg,1970-01-01 00:00:00,,,
11379,United Colors Of Benetton Women Winter Blue Top,images\11379.jpg,1970-01-01 00:00:00,,,
45895,Maxima Ssteele Men Blue Dial Watch,images\45895.jpg,1970-01-01 00:00:00,,,
44947,Puma Men Mid Biz Ind White Shoes,images\44947.jpg,1970-01-01 00:00:00,,,
33029,Mother Earth Women Printed Off White Kurti,images\33029.jpg,1970-01-01 00:00:00,,,
9491,Puma Unisex Deck Red Backpacks,images\9491.jpg,1970-01-01 00:00:00,,,
19114,Campbell Men Pack of 3 T-Shirts,images\19114.jpg,1970-01-01 00:00:00,,,
49664,United Colors of Benetton Men Sunglass,images\49664.jpg,1970-01-01 00:00:00,,,
16960,Image Men Classic Eyewear Black Sunglasses,images\16960.jpg,1970-01-01 00:00:00,,,
50749,Red Chief Men Brown Shoes,images\50749.jpg,1970-01-01 00:00:00,,,
2845,Mr.Men Men's Mr.Noisy Blue T-shirt,images\2845.jpg,1970-01-01 00:00:00,,,
28653,Nike Men Air Max Quarter Black Sports Shoes,images\28653.jpg,1970-01-01 00:00:00,,,
19928,ADIDAS Men Adi Wind Yellow Flip Flops,images\19928.jpg,1970-01-01 00:00:00,,,
22369,Highlander Men Solid Navy Blue Trouser,images\22369.jpg,1970-01-01 00:00:00,,,
29781,Basics Men Steel Charcoal Trousers,images\29781.jpg,1970-01-01 00:00:00,,,
3997,Spalding Men Grey & Orange Flip Flops,images\3997.jpg,1970-01-01 00:00:00,,,
18200,Jealous 21 Women Stripes Red Sweater,images\18200.jpg,1970-01-01 00:00:00,,,
9657,Indigo Nation Men Reversible Bling Red Shirts,images\9657.jpg,1970-01-01 00:00:00,,,
23841,ADIDAS Men White Snipe Lo Casual Shoes,images\23841.jpg,1970-01-01 00:00:00,,,
43198,Fastrack Women Black Dial Watch,images\43198.jpg,1970-01-01 00:00:00,,,
48570,Lucera Women Black & Silver Bracelet,images\48570.jpg,1970-01-01 00:00:00,,,
8785,Lotto Women Cathy Pink Jacket,images\8785.jpg,1970-01-01 00:00:00,,,
54913,Do u speak green Men Printed Beige Sweatshirt,images\54913.jpg,1970-01-01 00:00:00,,,
47538,Portia Women Maroon Flats,images\47538.jpg,1970-01-01 00:00:00,,,
17248,U.S. Polo Assn. Men Stripes Navy Blue  Polo Tshirt,images\17248.jpg,1970-01-01 00:00:00,,,
28495,Urban Yoga Men Black Track Pants,images\28495.jpg,1970-01-01 00:00:00,,,
42876,French Connection Women Black Clutch,images\42876.jpg,1970-01-01 00:00:00,,,
29547,Classic Polo Men Printed Yellow T-shirt,images\29547.jpg,1970-01-01 00:00:00,,,
35118,Allen Solly Woman Silver Necklace,images\35118.jpg,1970-01-01 00:00:00,,,
11983,FILA Men Dls Circuit 2 Black Sports Shoes,images\11983.jpg,1970-01-01 00:00:00,,,
4148,Nike Women Glide White Pink Shoe,images\4148.jpg,1970-01-01 00:00:00,,,
59630,FNF Orange Wedding Collection Sari,images\59630.jpg,1970-01-01 00:00:00,,,
10851,Wrangler Men Applique Polo Brown T-Shirts,images\10851.jpg,1970-01-01 00:00:00,,,
56678,Maxima Men Black Dial Watch,images\56678.jpg,1970-01-01 00:00:00,,,
4974,Gini and Jony Boy's Kangaroo Yellow Infant Kidswear,images\4974.jpg,1970-01-01 00:00:00,,,
38607,Nike Men Yellow Just Do It T-shirt,images\38607.jpg,1970-01-01 00:00:00,,,
24258,Numero Uno Men White Casual Shoes,images\24258.jpg,1970-01-01 00:00:00,,,
25984,J.Del Pozo Halloween Women Deo,images\25984.jpg,1970-01-01 00:00:00,,,
53138,Catwalk Women Blue Heels,images\53138.jpg,1970-01-01 00:00:00,,,
45861,Vishudh Women Maroon Kurta,images\45861.jpg,1970-01-01 00:00:00,,,
57598,Lotus Herbals Moistpetals Raspberry Punch Lipstick 122,images\57598.jpg,1970-01-01 00:00:00,,,
1608,Reebok Track Pants Jet Black,images\1608.jpg,1970-01-01 00:00:00,,,
38435,Baggit Women Black Purse,images\38435.jpg,1970-01-01 00:00:00,,,
9465,John Miller Men White Self Structure Shirts,images\9465.jpg,1970-01-01 00:00:00,,,
17846,Nike Men Supergame Black Sports Shoe,images\17846.jpg,1970-01-01 00:00:00,,,
48742,Revv Men Steel Bangle,images\48742.jpg,1970-01-01 00:00:00,,,
18032,Lino Perros Women Solid Beige Handbag,images\18032.jpg,1970-01-01 00:00:00,,,
12508,Red Tape Men Casual Brown Casual Shoes,images\12508.jpg,1970-01-01 00:00:00,,,
49690,Park Avenue Blue Tie,images\49690.jpg,1970-01-01 00:00:00,,,
16994,Rocia Women Casual Black Heels,images\16994.jpg,1970-01-01 00:00:00,,,
3963,Jealous 21 Women Black V Neck Party Top,images\3963.jpg,1970-01-01 00:00:00,,,
40977,Gini and Jony Boys Core Green T-shirt,images\40977.jpg,1970-01-01 00:00:00,,,
15349,Nike Men Blue Team India Cricket Jersey,images\15349.jpg,1970-01-01 00:00:00,,,
59066,Peri Peri Women White Bra,images\59066.jpg,1970-01-01 00:00:00,,,
56812,Aneri Women Multi Coloured Kurti,images\56812.jpg,1970-01-01 00:00:00,,,
20892,Basics Men Black Casual Shoes,images\20892.jpg,1970-01-01 00:00:00,,,
58988,Cavallini Women Deo,images\58988.jpg,1970-01-01 00:00:00,,,
38051,Q&Q Men Black Digital Watch M124J001Y,images\38051.jpg,1970-01-01 00:00:00,,,
39183,Aneri Women Multi Coloured Kurta,images\39183.jpg,1970-01-01 00:00:00,,,
21940,Murcia Women Casual Brown Handbag,images\21940.jpg,1970-01-01 00:00:00,,,
26359,Arrow Women Black Top,images\26359.jpg,1970-01-01 00:00:00,,,
19584,United Colors of Benetton Men Stripes Grey Tshirt,images\19584.jpg,1970-01-01 00:00:00,,,
9001,Puma Men El rey Riddim 50s OC Grey Casual Shoes,images\9001.jpg,1970-01-01 00:00:00,,,
48326,Pitaraa Women Maroon Purse,images\48326.jpg,1970-01-01 00:00:00,,,
18456,Nautica White Sail Men Perfumes,images\18456.jpg,1970-01-01 00:00:00,,,
6875,Forever New Women's Gold Sleeveless Black Dress,images\6875.jpg,1970-01-01 00:00:00,,,
12950,Basics Men White Slim Fit Checked Shirt,images\12950.jpg,1970-01-01 00:00:00,,,
13882,Scullers Men Check Purple Shirts,images\13882.jpg,1970-01-01 00:00:00,,,
6049,UCB Men's Polo Neck T-shirt In Solid Heavy Wash Black T-shirt,images\6049.jpg,1970-01-01 00:00:00,,,
3709,Classic Polo Men's Purple Black Stripe T-shirt,images\3709.jpg,1970-01-01 00:00:00,,,
51805,Bwitch Light Pink Bra,images\51805.jpg,1970-01-01 00:00:00,,,
55499,Revlon Pink Ice Glace Rose Colorburst Lip Gloss 004,images\55499.jpg,1970-01-01 00:00:00,,,
9233,Mark Taylor Men Blue Striped Shirt,images\9233.jpg,1970-01-01 00:00:00,,,
48114,Fossil Women Multi Coloured Quilted Squares Belt,images\48114.jpg,1970-01-01 00:00:00,,,
29123,Puma Men Aquil White Sports Shoes,images\29123.jpg,1970-01-01 00:00:00,,,
51039,Enamor Women Brown Floral Printed Briefs,images\51039.jpg,1970-01-01 00:00:00,,,
26957,Jealous 21 Women Purple Shirt,images\26957.jpg,1970-01-01 00:00:00,,,
27885,Scullers For Her Blue Shirt,images\27885.jpg,1970-01-01 00:00:00,,,
30832,Fabindia Women Printed Blue & Red Churidar,images\30832.jpg,1970-01-01 00:00:00,,,
48928,Lucera Women Silver Ring,images\48928.jpg,1970-01-01 00:00:00,,,
1862,Inkfruit Mens Urban Warfare T-shirt,images\1862.jpg,1970-01-01 00:00:00,,,
59254,Titan Men White Dial Watch,images\59254.jpg,1970-01-01 00:00:00,,,
10409,United Colors of Benetton Men Green Polo Tshirts,images\10409.jpg,1970-01-01 00:00:00,,,
15947,Turtle Men Stripes Maroon Ties,images\15947.jpg,1970-01-01 00:00:00,,,
32759,Indigo Nation Men Striped Purple Shirt,images\32759.jpg,1970-01-01 00:00:00,,,
48789,Lucera Women Silver Pendant,images\48789.jpg,1970-01-01 00:00:00,,,
30693,Catwalk Women Brown Heels,images\30693.jpg,1970-01-01 00:00:00,,,
2046,ADIDAS Mens Fitted Blue T-shirt,images\2046.jpg,1970-01-01 00:00:00,,,
27624,Scullers Men Cream Shorts,images\27624.jpg,1970-01-01 00:00:00,,,
13411,United Colors of Benetton Men Stripes Pink Shirts,images\13411.jpg,1970-01-01 00:00:00,,,
23284,Maxima Ssteele Men Black Watch,images\23284.jpg,1970-01-01 00:00:00,,,
50776,Clarks Men Brown Leather Sandals,images\50776.jpg,1970-01-01 00:00:00,,,
34233,Proline Men Mustard Yellow T-shirt,images\34233.jpg,1970-01-01 00:00:00,,,
7534,Nike men's As Nike Spher White Orange T-shirt,images\7534.jpg,1970-01-01 00:00:00,,,
19917,Wildcraft Unisex Black Backpack,images\19917.jpg,1970-01-01 00:00:00,,,
46613,Catwalk Women Multi Coloured Sandals,images\46613.jpg,1970-01-01 00:00:00,,,
16163,Enroute Men Leather Tan Formal Shoes,images\16163.jpg,1970-01-01 00:00:00,,,
22356,John Players Men Solid White Shirt,images\22356.jpg,1970-01-01 00:00:00,,,
52021,Inaya Women Lounge Top,images\52021.jpg,1970-01-01 00:00:00,,,
45096,Bwitch Purple Full-Coverage Lace Bra RTV-BW334,images\45096.jpg,1970-01-01 00:00:00,,,
36564,United Colors of Benetton Women Deo,images\36564.jpg,1970-01-01 00:00:00,,,
5263,Wildcraft Unisex Grey & Green Printed Messenger Bag,images\5263.jpg,1970-01-01 00:00:00,,,
44144,Boss Men Number One Perfume,images\44144.jpg,1970-01-01 00:00:00,,,
20401,Baggit Women Tickle Taj Purple Belt,images\20401.jpg,1970-01-01 00:00:00,,,
41436,Lee Cooper Men Black & White Sports Shoes,images\41436.jpg,1970-01-01 00:00:00,,,
25173,Lino Perros Women Leatherette Brown Handbag,images\25173.jpg,1970-01-01 00:00:00,,,
56481,Streetwear Bride's Delight Nail Polish 52,images\56481.jpg,1970-01-01 00:00:00,,,
11346,Lee Men Blue Zed Fit Jeans,images\11346.jpg,1970-01-01 00:00:00,,,
10294,Clarks Men Feeling Good Leather Brown Formal Shoes,images\10294.jpg,1970-01-01 00:00:00,,,
57553,Lotus Herbals Floralstay Truffle Story Lip Color 423,images\57553.jpg,1970-01-01 00:00:00,,,
44978,Maxima Women Black Dial Watch,images\44978.jpg,1970-01-01 00:00:00,,,
33016,Mother Earth Women Striped Black & Maroon Kurta,images\33016.jpg,1970-01-01 00:00:00,,,
4183,Rockport Men Brown Leather Casual Shoes,images\4183.jpg,1970-01-01 00:00:00,,,
11948,Ganuchi Men Casual Black Casual Shoes,images\11948.jpg,1970-01-01 00:00:00,,,
36756,Maxima Women White Dial Watch,images\36756.jpg,1970-01-01 00:00:00,,,
58729,Puma Women Blue T-shirt,images\58729.jpg,1970-01-01 00:00:00,,,
37684,American Tourister Unisex Blue Backpack,images\37684.jpg,1970-01-01 00:00:00,,,
44376,ONLY Women Blue Waistcoat,images\44376.jpg,1970-01-01 00:00:00,,,
11174,Scullers Men Stripes Green Sweaters,images\11174.jpg,1970-01-01 00:00:00,,,
33224,Sepia Women Striped Black Top,images\33224.jpg,1970-01-01 00:00:00,,,
57761,Lotus Herbals Tea Tree & Cinnamon Anti-Acne Oil Control Face Wash,images\57761.jpg,1970-01-01 00:00:00,,,
24293,Quiksilver Men High Grey Socks,images\24293.jpg,1970-01-01 00:00:00,,,
27416,Jockey Women Grey Melange Relaxed Fit Capris 1306,images\27416.jpg,1970-01-01 00:00:00,,,
43153,Fastrack Men Brown Dial Watch NE1478SM02,images\43153.jpg,1970-01-01 00:00:00,,,
2274,Nike Mens AS White T-shirt,images\2274.jpg,1970-01-01 00:00:00,,,
42081,American Tourister Men Brown Slim Fold Wallet,images\42081.jpg,1970-01-01 00:00:00,,,
22958,Reebok Men White Acciomax Sports Shoes,images\22958.jpg,1970-01-01 00:00:00,,,
49469,Vans Men Maroon Vulcanized Canvas Shoes,images\49469.jpg,1970-01-01 00:00:00,,,
19319,Nike Unisex Casual Grey Backpack,images\19319.jpg,1970-01-01 00:00:00,,,
55036,Lakme Absolute Matte Expresso Lipstick 55,images\55036.jpg,1970-01-01 00:00:00,,,
34001,Femella Women Brown Top,images\34001.jpg,1970-01-01 00:00:00,,,
50544,Chromozome Men White Brief,images\50544.jpg,1970-01-01 00:00:00,,,
17283,U.S. Polo Assn. Men Stripes Brown Polo Tshirt,images\17283.jpg,1970-01-01 00:00:00,,,
16351,Peter England Men Stripes Cream Shirt,images\16351.jpg,1970-01-01 00:00:00,,,
22164,Timberland Men Brown Casual Shoes,images\22164.jpg,1970-01-01 00:00:00,,,
7706,Jealous 21 Women's She's Got Attitude Black Top,images\7706.jpg,1970-01-01 00:00:00,,,
14062,Flying Machine Men Stripes Grey Polo Tshirts,images\14062.jpg,1970-01-01 00:00:00,,,
20257,Wrangler Men Wing Blue Tshirt,images\20257.jpg,1970-01-01 00:00:00,,,
5435,Nike Men's Encourage The Rookies Grey T-shirt,images\5435.jpg,1970-01-01 00:00:00,,,
44712,Lotto Men Black Campione Flip Flop,images\44712.jpg,1970-01-01 00:00:00,,,
36332,Playboy Men Black and White Socks,images\36332.jpg,1970-01-01 00:00:00,,,
21385,Manchester United Men Solid Navy Blue Track Pants,images\21385.jpg,1970-01-01 00:00:00,,,
52677,Morellato Men Silver Dial Watch,images\52677.jpg,1970-01-01 00:00:00,,,
57305,Rocia Women Black Heels,images\57305.jpg,1970-01-01 00:00:00,,,
11510,Catwalk Women Lifestyle Beige Flats,images\11510.jpg,1970-01-01 00:00:00,,,
41260,Arrow Men Brown Wallet,images\41260.jpg,1970-01-01 00:00:00,,,
31117,Gini and Jony Girls White Top,images\31117.jpg,1970-01-01 00:00:00,,,
12395,Reid & Taylor Men Solid Blue Socks,images\12395.jpg,1970-01-01 00:00:00,,,
46879,Lino Perros Men Pack of 2 Socks,images\46879.jpg,1970-01-01 00:00:00,,,
13247,Palm Tree Kids Boy Washed Blue Jeans,images\13247.jpg,1970-01-01 00:00:00,,,
54580,Sushilas Women Printed Red Kurta,images\54580.jpg,1970-01-01 00:00:00,,,
28806,Denizen Men Check Black Shirt,images\28806.jpg,1970-01-01 00:00:00,,,
43537,French Connection Women Green Top,images\43537.jpg,1970-01-01 00:00:00,,,
2610,Carlton London Women Stylish Black Flats,images\2610.jpg,1970-01-01 00:00:00,,,
16735,Lotto Men Emeriti Black Slipper,images\16735.jpg,1970-01-01 00:00:00,,,
49831,iPanema Women Blue Flip Flops,images\49831.jpg,1970-01-01 00:00:00,,,
22500,Catwalk Women Blue Casual Shoes,images\22500.jpg,1970-01-01 00:00:00,,,
7362,UCB Women's Graphic Print Sequins Blue Top,images\7362.jpg,1970-01-01 00:00:00,,,
46045,Estelle Gold Earrings,images\46045.jpg,1970-01-01 00:00:00,,,
47197,Franco Leone Men Black Sandals,images\47197.jpg,1970-01-01 00:00:00,,,
34465,ADIDAS Unisex Black BP Tone Backpack,images\34465.jpg,1970-01-01 00:00:00,,,
31325,Aurelia Women Printed Purple Kurta,images\31325.jpg,1970-01-01 00:00:00,,,
8118,Fastrack Men Khaki Canvas Brown Belts,images\8118.jpg,1970-01-01 00:00:00,,,
43705,Royal Diadem White Jewellery Set,images\43705.jpg,1970-01-01 00:00:00,,,
13075,Numero Uno Men Black Shoes,images\13075.jpg,1970-01-01 00:00:00,,,
7150,Scullers For Her Women's Wow Knit Black Purple Top,images\7150.jpg,1970-01-01 00:00:00,,,
35785,Enroute Women Coral Shoes,images\35785.jpg,1970-01-01 00:00:00,,,
46277,109F Red & White A-Line Dress,images\46277.jpg,1970-01-01 00:00:00,,,
16507,Locomotive Men Washed Blue Jeans,images\16507.jpg,1970-01-01 00:00:00,,,
8924,Puma Men Cat  Black Belt,images\8924.jpg,1970-01-01 00:00:00,,,
22732,Nike Men Air Max Conquer ACG Olive Sports Boot,images\22732.jpg,1970-01-01 00:00:00,,,
28208,Ray-Ban Men Active Lifestyle Metallic Sunglasses,images\28208.jpg,1970-01-01 00:00:00,,,
50312,Park Avenue Men Lavender Tie,images\50312.jpg,1970-01-01 00:00:00,,,
6082,UCB Men's Polo Neck Blue T-shirt,images\6082.jpg,1970-01-01 00:00:00,,,
13849,Indigo Nation Men Check White Shirts,images\13849.jpg,1970-01-01 00:00:00,,,
44520,Coolers Men Khaki Sandals,images\44520.jpg,1970-01-01 00:00:00,,,
53597,Q&Q Men Black Digital Watch M086J001Y,images\53597.jpg,1970-01-01 00:00:00,,,
20065,United Colors of Benetton Women Solid Black Belt,images\20065.jpg,1970-01-01 00:00:00,,,
39974,Gas Men Brown Lear Shoes,images\39974.jpg,1970-01-01 00:00:00,,,
15382,Fila Men Terra Navy Blue Slippers,images\15382.jpg,1970-01-01 00:00:00,,,
52445,Red Rose Pink & Black Nightdress,images\52445.jpg,1970-01-01 00:00:00,,,
59898,Blue Shirt,images/59898.jpg,2026-01-19 15:19:34,12,Blue shirt,34.0
59899,Blue Shirt,images/59899.jpg,2026-01-19 15:22:00,12,Blue shirt,34.0
59900,Sand T-shirt,59900.jpg,2026-01-19 15:33:01,123,Sand T-shirt,23.0
59901,Green T-shirt,59901.jpg,2026-01-19 16:22:12,94983,Green T-shirt,56.0
59902,Red dress,59902.jpg,2026-01-20 10:56:03,456356,Red dress,45.0
59903,Orange T-shirt,59903.jpg,2026-01-21 15:49:20,9248339,Orange T-shirt,56.0
59904,Black Pant,59904.jpg,2026-02-09 12:01:18,guest,"Black Pant , Trouser",43.0
